[0m17:07:19.790721 [debug] [MainThread]: Sending event: {'category': 'dbt', 'action': 'invocation', 'label': 'start', 'context': [<snowplow_tracker.self_describing_json.SelfDescribingJson object at 0x000001F0B2534290>, <snowplow_tracker.self_describing_json.SelfDescribingJson object at 0x000001F0B2534140>, <snowplow_tracker.self_describing_json.SelfDescribingJson object at 0x000001F0B2535310>]}


============================== 17:07:19.796638 | 7b091081-45e2-4966-876f-90c26bfc6303 ==============================
[0m17:07:19.796638 [info ] [MainThread]: Running with dbt=1.8.8
[0m17:07:19.796638 [debug] [MainThread]: running dbt with arguments {'printer_width': '80', 'indirect_selection': 'eager', 'write_json': 'True', 'log_cache_events': 'False', 'partial_parse': 'True', 'cache_selected_only': 'False', 'warn_error': 'None', 'debug': 'False', 'fail_fast': 'False', 'log_path': 'C:\\Users\\gsuji\\Downloads\\Data-Quality-Testing-Framework\\dbt_project\\logs', 'profiles_dir': 'C:\\Users\\gsuji\\Downloads\\Data-Quality-Testing-Framework\\dbt_project', 'version_check': 'True', 'use_colors': 'True', 'use_experimental_parser': 'False', 'empty': 'None', 'quiet': 'False', 'no_print': 'None', 'log_format': 'default', 'invocation_command': 'dbt test --select stg_customers --project-dir C:\\Users\\gsuji\\Downloads\\Data-Quality-Testing-Framework\\dbt_project --profiles-dir C:\\Users\\gsuji\\Downloads\\Data-Quality-Testing-Framework\\dbt_project', 'static_parser': 'True', 'warn_error_options': 'WarnErrorOptions(include=[], exclude=[])', 'target_path': 'None', 'introspect': 'True', 'send_anonymous_usage_stats': 'True'}
[0m17:07:19.939911 [debug] [MainThread]: Sending event: {'category': 'dbt', 'action': 'project_id', 'label': '7b091081-45e2-4966-876f-90c26bfc6303', 'context': [<snowplow_tracker.self_describing_json.SelfDescribingJson object at 0x000001F0B2475A00>]}
[0m17:07:19.997821 [debug] [MainThread]: Sending event: {'category': 'dbt', 'action': 'adapter_info', 'label': '7b091081-45e2-4966-876f-90c26bfc6303', 'context': [<snowplow_tracker.self_describing_json.SelfDescribingJson object at 0x000001F0B14F8AA0>]}
[0m17:07:19.997821 [info ] [MainThread]: Registered adapter: postgres=1.8.2
[0m17:07:20.005978 [debug] [MainThread]: checksum: ec53e341a936509427e16df1c646386a84befec52c1957e3f4359fbc36fc93f5, vars: {}, profile: , target: , version: 1.8.8
[0m17:07:20.007486 [info ] [MainThread]: Unable to do partial parsing because saved manifest not found. Starting full parse.
[0m17:07:20.007486 [debug] [MainThread]: Sending event: {'category': 'dbt', 'action': 'partial_parser', 'label': '7b091081-45e2-4966-876f-90c26bfc6303', 'context': [<snowplow_tracker.self_describing_json.SelfDescribingJson object at 0x000001F0B3A48FE0>]}
[0m17:07:20.815540 [warn ] [MainThread]: [[33mWARNING[0m]: Deprecated functionality
The `tests` config has been renamed to `data_tests`. Please see
https://docs.getdbt.com/docs/build/data-tests#new-data_tests-syntax for more
information.
[0m17:07:20.815540 [debug] [MainThread]: Sending event: {'category': 'dbt', 'action': 'deprecation', 'label': '7b091081-45e2-4966-876f-90c26bfc6303', 'property_': 'warn', 'context': [<snowplow_tracker.self_describing_json.SelfDescribingJson object at 0x000001F0B3D48800>]}
[0m17:07:21.125722 [debug] [MainThread]: Sending event: {'category': 'dbt', 'action': 'load_project', 'label': '7b091081-45e2-4966-876f-90c26bfc6303', 'context': [<snowplow_tracker.self_describing_json.SelfDescribingJson object at 0x000001F0B3F37BC0>]}
[0m17:07:21.251072 [debug] [MainThread]: Sending event: {'category': 'dbt', 'action': 'resource_counts', 'label': '7b091081-45e2-4966-876f-90c26bfc6303', 'context': [<snowplow_tracker.self_describing_json.SelfDescribingJson object at 0x000001F0B3A7F440>]}
[0m17:07:21.251072 [info ] [MainThread]: Found 2 models, 14 data tests, 424 macros
[0m17:07:21.251072 [debug] [MainThread]: Sending event: {'category': 'dbt', 'action': 'runnable_timing', 'label': '7b091081-45e2-4966-876f-90c26bfc6303', 'context': [<snowplow_tracker.self_describing_json.SelfDescribingJson object at 0x000001F0B401CD70>]}
[0m17:07:21.257732 [info ] [MainThread]: 
[0m17:07:21.258325 [debug] [MainThread]: Acquiring new postgres connection 'master'
[0m17:07:21.262260 [debug] [ThreadPool]: Acquiring new postgres connection 'list_dq_db_analytics_staging'
[0m17:07:21.309693 [debug] [ThreadPool]: Using postgres connection "list_dq_db_analytics_staging"
[0m17:07:21.319676 [debug] [ThreadPool]: On list_dq_db_analytics_staging: BEGIN
[0m17:07:21.319676 [debug] [ThreadPool]: Opening a new connection, currently in state init
[0m17:07:21.339760 [debug] [ThreadPool]: SQL status: BEGIN in 0.021 seconds
[0m17:07:21.339760 [debug] [ThreadPool]: Using postgres connection "list_dq_db_analytics_staging"
[0m17:07:21.339760 [debug] [ThreadPool]: On list_dq_db_analytics_staging: /* {"app": "dbt", "dbt_version": "1.8.8", "profile_name": "dq_project", "target_name": "dev", "connection_name": "list_dq_db_analytics_staging"} */
select
      'dq_db' as database,
      tablename as name,
      schemaname as schema,
      'table' as type
    from pg_tables
    where schemaname ilike 'analytics_staging'
    union all
    select
      'dq_db' as database,
      viewname as name,
      schemaname as schema,
      'view' as type
    from pg_views
    where schemaname ilike 'analytics_staging'
    union all
    select
      'dq_db' as database,
      matviewname as name,
      schemaname as schema,
      'materialized_view' as type
    from pg_matviews
    where schemaname ilike 'analytics_staging'
  
[0m17:07:21.354208 [debug] [ThreadPool]: SQL status: SELECT 0 in 0.014 seconds
[0m17:07:21.356223 [debug] [ThreadPool]: On list_dq_db_analytics_staging: ROLLBACK
[0m17:07:21.356223 [debug] [ThreadPool]: On list_dq_db_analytics_staging: Close
[0m17:07:21.363285 [debug] [MainThread]: Using postgres connection "master"
[0m17:07:21.363285 [debug] [MainThread]: On master: BEGIN
[0m17:07:21.364282 [debug] [MainThread]: Opening a new connection, currently in state init
[0m17:07:21.393357 [debug] [MainThread]: SQL status: BEGIN in 0.035 seconds
[0m17:07:21.399596 [debug] [MainThread]: Using postgres connection "master"
[0m17:07:21.399596 [debug] [MainThread]: On master: /* {"app": "dbt", "dbt_version": "1.8.8", "profile_name": "dq_project", "target_name": "dev", "connection_name": "master"} */
with relation as (
        select
            pg_rewrite.ev_class as class,
            pg_rewrite.oid as id
        from pg_rewrite
    ),
    class as (
        select
            oid as id,
            relname as name,
            relnamespace as schema,
            relkind as kind
        from pg_class
    ),
    dependency as (
        select distinct
            pg_depend.objid as id,
            pg_depend.refobjid as ref
        from pg_depend
    ),
    schema as (
        select
            pg_namespace.oid as id,
            pg_namespace.nspname as name
        from pg_namespace
        where nspname != 'information_schema' and nspname not like 'pg\_%'
    ),
    referenced as (
        select
            relation.id AS id,
            referenced_class.name ,
            referenced_class.schema ,
            referenced_class.kind
        from relation
        join class as referenced_class on relation.class=referenced_class.id
        where referenced_class.kind in ('r', 'v', 'm')
    ),
    relationships as (
        select
            referenced.name as referenced_name,
            referenced.schema as referenced_schema_id,
            dependent_class.name as dependent_name,
            dependent_class.schema as dependent_schema_id,
            referenced.kind as kind
        from referenced
        join dependency on referenced.id=dependency.id
        join class as dependent_class on dependency.ref=dependent_class.id
        where
            (referenced.name != dependent_class.name or
             referenced.schema != dependent_class.schema)
    )

    select
        referenced_schema.name as referenced_schema,
        relationships.referenced_name as referenced_name,
        dependent_schema.name as dependent_schema,
        relationships.dependent_name as dependent_name
    from relationships
    join schema as dependent_schema on relationships.dependent_schema_id=dependent_schema.id
    join schema as referenced_schema on relationships.referenced_schema_id=referenced_schema.id
    group by referenced_schema, referenced_name, dependent_schema, dependent_name
    order by referenced_schema, referenced_name, dependent_schema, dependent_name;
[0m17:07:21.404290 [debug] [MainThread]: SQL status: SELECT 0 in 0.007 seconds
[0m17:07:21.404290 [debug] [MainThread]: Sending event: {'category': 'dbt', 'action': 'runnable_timing', 'label': '7b091081-45e2-4966-876f-90c26bfc6303', 'context': [<snowplow_tracker.self_describing_json.SelfDescribingJson object at 0x000001F0B3F35EE0>]}
[0m17:07:21.404290 [debug] [MainThread]: On master: ROLLBACK
[0m17:07:21.409583 [debug] [MainThread]: Using postgres connection "master"
[0m17:07:21.409583 [debug] [MainThread]: On master: BEGIN
[0m17:07:21.409583 [debug] [MainThread]: SQL status: BEGIN in 0.001 seconds
[0m17:07:21.409583 [debug] [MainThread]: On master: COMMIT
[0m17:07:21.409583 [debug] [MainThread]: Using postgres connection "master"
[0m17:07:21.409583 [debug] [MainThread]: On master: COMMIT
[0m17:07:21.409583 [debug] [MainThread]: SQL status: COMMIT in 0.000 seconds
[0m17:07:21.409583 [debug] [MainThread]: On master: Close
[0m17:07:21.409583 [info ] [MainThread]: Concurrency: 4 threads (target='dev')
[0m17:07:21.409583 [info ] [MainThread]: 
[0m17:07:21.420185 [debug] [Thread-1 (]: Began running node test.dq_project.accepted_values_stg_customers_country__USA__India__UK__Germany__Canada__Australia.e9101a0996
[0m17:07:21.420185 [debug] [Thread-2 (]: Began running node test.dq_project.not_null_stg_customers_customer_id.e2cfb1f9aa
[0m17:07:21.420185 [info ] [Thread-1 (]: 1 of 7 START test accepted_values_stg_customers_country__USA__India__UK__Germany__Canada__Australia  [RUN]
[0m17:07:21.420185 [debug] [Thread-3 (]: Began running node test.dq_project.not_null_stg_customers_email.d7cf761533
[0m17:07:21.420185 [info ] [Thread-2 (]: 2 of 7 START test not_null_stg_customers_customer_id ........................... [RUN]
[0m17:07:21.420185 [debug] [Thread-4 (]: Began running node test.dq_project.not_null_stg_customers_full_name.f9ff4c2b7e
[0m17:07:21.430793 [debug] [Thread-1 (]: Acquiring new postgres connection 'test.dq_project.accepted_values_stg_customers_country__USA__India__UK__Germany__Canada__Australia.e9101a0996'
[0m17:07:21.430793 [info ] [Thread-3 (]: 3 of 7 START test not_null_stg_customers_email ................................. [RUN]
[0m17:07:21.430793 [debug] [Thread-2 (]: Acquiring new postgres connection 'test.dq_project.not_null_stg_customers_customer_id.e2cfb1f9aa'
[0m17:07:21.431982 [info ] [Thread-4 (]: 4 of 7 START test not_null_stg_customers_full_name ............................. [RUN]
[0m17:07:21.431982 [debug] [Thread-1 (]: Began compiling node test.dq_project.accepted_values_stg_customers_country__USA__India__UK__Germany__Canada__Australia.e9101a0996
[0m17:07:21.431982 [debug] [Thread-3 (]: Acquiring new postgres connection 'test.dq_project.not_null_stg_customers_email.d7cf761533'
[0m17:07:21.431982 [debug] [Thread-2 (]: Began compiling node test.dq_project.not_null_stg_customers_customer_id.e2cfb1f9aa
[0m17:07:21.431982 [debug] [Thread-4 (]: Acquiring new postgres connection 'test.dq_project.not_null_stg_customers_full_name.f9ff4c2b7e'
[0m17:07:21.442286 [debug] [Thread-1 (]: Writing injected SQL for node "test.dq_project.accepted_values_stg_customers_country__USA__India__UK__Germany__Canada__Australia.e9101a0996"
[0m17:07:21.442286 [debug] [Thread-3 (]: Began compiling node test.dq_project.not_null_stg_customers_email.d7cf761533
[0m17:07:21.451456 [debug] [Thread-2 (]: Writing injected SQL for node "test.dq_project.not_null_stg_customers_customer_id.e2cfb1f9aa"
[0m17:07:21.453074 [debug] [Thread-4 (]: Began compiling node test.dq_project.not_null_stg_customers_full_name.f9ff4c2b7e
[0m17:07:21.457945 [debug] [Thread-3 (]: Writing injected SQL for node "test.dq_project.not_null_stg_customers_email.d7cf761533"
[0m17:07:21.459462 [debug] [Thread-4 (]: Writing injected SQL for node "test.dq_project.not_null_stg_customers_full_name.f9ff4c2b7e"
[0m17:07:21.469518 [debug] [Thread-1 (]: Began executing node test.dq_project.accepted_values_stg_customers_country__USA__India__UK__Germany__Canada__Australia.e9101a0996
[0m17:07:21.469518 [debug] [Thread-2 (]: Began executing node test.dq_project.not_null_stg_customers_customer_id.e2cfb1f9aa
[0m17:07:21.482937 [debug] [Thread-1 (]: Writing runtime sql for node "test.dq_project.accepted_values_stg_customers_country__USA__India__UK__Germany__Canada__Australia.e9101a0996"
[0m17:07:21.482937 [debug] [Thread-3 (]: Began executing node test.dq_project.not_null_stg_customers_email.d7cf761533
[0m17:07:21.482937 [debug] [Thread-2 (]: Writing runtime sql for node "test.dq_project.not_null_stg_customers_customer_id.e2cfb1f9aa"
[0m17:07:21.482937 [debug] [Thread-3 (]: Writing runtime sql for node "test.dq_project.not_null_stg_customers_email.d7cf761533"
[0m17:07:21.482937 [debug] [Thread-4 (]: Began executing node test.dq_project.not_null_stg_customers_full_name.f9ff4c2b7e
[0m17:07:21.482937 [debug] [Thread-4 (]: Writing runtime sql for node "test.dq_project.not_null_stg_customers_full_name.f9ff4c2b7e"
[0m17:07:21.500194 [debug] [Thread-1 (]: Using postgres connection "test.dq_project.accepted_values_stg_customers_country__USA__India__UK__Germany__Canada__Australia.e9101a0996"
[0m17:07:21.500194 [debug] [Thread-1 (]: On test.dq_project.accepted_values_stg_customers_country__USA__India__UK__Germany__Canada__Australia.e9101a0996: BEGIN
[0m17:07:21.500194 [debug] [Thread-1 (]: Opening a new connection, currently in state init
[0m17:07:21.500194 [debug] [Thread-3 (]: Using postgres connection "test.dq_project.not_null_stg_customers_email.d7cf761533"
[0m17:07:21.503310 [debug] [Thread-3 (]: On test.dq_project.not_null_stg_customers_email.d7cf761533: BEGIN
[0m17:07:21.504141 [debug] [Thread-2 (]: Using postgres connection "test.dq_project.not_null_stg_customers_customer_id.e2cfb1f9aa"
[0m17:07:21.504141 [debug] [Thread-3 (]: Opening a new connection, currently in state init
[0m17:07:21.504141 [debug] [Thread-4 (]: Using postgres connection "test.dq_project.not_null_stg_customers_full_name.f9ff4c2b7e"
[0m17:07:21.504141 [debug] [Thread-2 (]: On test.dq_project.not_null_stg_customers_customer_id.e2cfb1f9aa: BEGIN
[0m17:07:21.504141 [debug] [Thread-4 (]: On test.dq_project.not_null_stg_customers_full_name.f9ff4c2b7e: BEGIN
[0m17:07:21.504141 [debug] [Thread-2 (]: Opening a new connection, currently in state init
[0m17:07:21.507674 [debug] [Thread-4 (]: Opening a new connection, currently in state init
[0m17:07:21.519488 [debug] [Thread-1 (]: SQL status: BEGIN in 0.019 seconds
[0m17:07:21.519488 [debug] [Thread-1 (]: Using postgres connection "test.dq_project.accepted_values_stg_customers_country__USA__India__UK__Germany__Canada__Australia.e9101a0996"
[0m17:07:21.519488 [debug] [Thread-1 (]: On test.dq_project.accepted_values_stg_customers_country__USA__India__UK__Germany__Canada__Australia.e9101a0996: /* {"app": "dbt", "dbt_version": "1.8.8", "profile_name": "dq_project", "target_name": "dev", "node_id": "test.dq_project.accepted_values_stg_customers_country__USA__India__UK__Germany__Canada__Australia.e9101a0996"} */
select
      count(*) as failures,
      count(*) != 0 as should_warn,
      count(*) != 0 as should_error
    from (
      
    
    

with all_values as (

    select
        country as value_field,
        count(*) as n_records

    from "dq_db"."analytics_staging"."stg_customers"
    group by country

)

select *
from all_values
where value_field not in (
    'USA','India','UK','Germany','Canada','Australia'
)



      
    ) dbt_internal_test
[0m17:07:21.519488 [debug] [Thread-3 (]: SQL status: BEGIN in 0.021 seconds
[0m17:07:21.519488 [debug] [Thread-1 (]: Postgres adapter: Postgres error: relation "analytics_staging.stg_customers" does not exist
LINE 17:     from "dq_db"."analytics_staging"."stg_customers"
                  ^

[0m17:07:21.519488 [debug] [Thread-3 (]: Using postgres connection "test.dq_project.not_null_stg_customers_email.d7cf761533"
[0m17:07:21.519488 [debug] [Thread-1 (]: On test.dq_project.accepted_values_stg_customers_country__USA__India__UK__Germany__Canada__Australia.e9101a0996: ROLLBACK
[0m17:07:21.519488 [debug] [Thread-3 (]: On test.dq_project.not_null_stg_customers_email.d7cf761533: /* {"app": "dbt", "dbt_version": "1.8.8", "profile_name": "dq_project", "target_name": "dev", "node_id": "test.dq_project.not_null_stg_customers_email.d7cf761533"} */
select
      count(*) as failures,
      count(*) != 0 as should_warn,
      count(*) != 0 as should_error
    from (
      
    
    



select email
from "dq_db"."analytics_staging"."stg_customers"
where email is null



      
    ) dbt_internal_test
[0m17:07:21.519488 [debug] [Thread-2 (]: SQL status: BEGIN in 0.023 seconds
[0m17:07:21.519488 [debug] [Thread-1 (]: On test.dq_project.accepted_values_stg_customers_country__USA__India__UK__Germany__Canada__Australia.e9101a0996: Close
[0m17:07:21.519488 [debug] [Thread-2 (]: Using postgres connection "test.dq_project.not_null_stg_customers_customer_id.e2cfb1f9aa"
[0m17:07:21.519488 [debug] [Thread-3 (]: Postgres adapter: Postgres error: relation "analytics_staging.stg_customers" does not exist
LINE 14: from "dq_db"."analytics_staging"."stg_customers"
              ^

[0m17:07:21.519488 [debug] [Thread-4 (]: SQL status: BEGIN in 0.024 seconds
[0m17:07:21.519488 [debug] [Thread-2 (]: On test.dq_project.not_null_stg_customers_customer_id.e2cfb1f9aa: /* {"app": "dbt", "dbt_version": "1.8.8", "profile_name": "dq_project", "target_name": "dev", "node_id": "test.dq_project.not_null_stg_customers_customer_id.e2cfb1f9aa"} */
select
      count(*) as failures,
      count(*) != 0 as should_warn,
      count(*) != 0 as should_error
    from (
      
    
    



select customer_id
from "dq_db"."analytics_staging"."stg_customers"
where customer_id is null



      
    ) dbt_internal_test
[0m17:07:21.519488 [debug] [Thread-3 (]: On test.dq_project.not_null_stg_customers_email.d7cf761533: ROLLBACK
[0m17:07:21.519488 [debug] [Thread-4 (]: Using postgres connection "test.dq_project.not_null_stg_customers_full_name.f9ff4c2b7e"
[0m17:07:21.519488 [debug] [Thread-4 (]: On test.dq_project.not_null_stg_customers_full_name.f9ff4c2b7e: /* {"app": "dbt", "dbt_version": "1.8.8", "profile_name": "dq_project", "target_name": "dev", "node_id": "test.dq_project.not_null_stg_customers_full_name.f9ff4c2b7e"} */
select
      count(*) as failures,
      count(*) != 0 as should_warn,
      count(*) != 0 as should_error
    from (
      
    
    



select full_name
from "dq_db"."analytics_staging"."stg_customers"
where full_name is null



      
    ) dbt_internal_test
[0m17:07:21.519488 [debug] [Thread-3 (]: On test.dq_project.not_null_stg_customers_email.d7cf761533: Close
[0m17:07:21.519488 [debug] [Thread-2 (]: Postgres adapter: Postgres error: relation "analytics_staging.stg_customers" does not exist
LINE 14: from "dq_db"."analytics_staging"."stg_customers"
              ^

[0m17:07:21.519488 [debug] [Thread-2 (]: On test.dq_project.not_null_stg_customers_customer_id.e2cfb1f9aa: ROLLBACK
[0m17:07:21.519488 [debug] [Thread-4 (]: Postgres adapter: Postgres error: relation "analytics_staging.stg_customers" does not exist
LINE 14: from "dq_db"."analytics_staging"."stg_customers"
              ^

[0m17:07:21.519488 [debug] [Thread-4 (]: On test.dq_project.not_null_stg_customers_full_name.f9ff4c2b7e: ROLLBACK
[0m17:07:21.519488 [debug] [Thread-2 (]: On test.dq_project.not_null_stg_customers_customer_id.e2cfb1f9aa: Close
[0m17:07:21.519488 [debug] [Thread-4 (]: On test.dq_project.not_null_stg_customers_full_name.f9ff4c2b7e: Close
[0m17:07:21.550451 [debug] [Thread-4 (]: Database Error in test not_null_stg_customers_full_name (models\staging\schema.yml)
  relation "analytics_staging.stg_customers" does not exist
  LINE 14: from "dq_db"."analytics_staging"."stg_customers"
                ^
  compiled code at target\run\dq_project\models\staging\schema.yml\not_null_stg_customers_full_name.sql
[0m17:07:21.550451 [error] [Thread-4 (]: 4 of 7 ERROR not_null_stg_customers_full_name .................................. [[31mERROR[0m in 0.12s]
[0m17:07:21.550451 [debug] [Thread-4 (]: Finished running node test.dq_project.not_null_stg_customers_full_name.f9ff4c2b7e
[0m17:07:21.550451 [debug] [Thread-1 (]: Database Error in test accepted_values_stg_customers_country__USA__India__UK__Germany__Canada__Australia (models\staging\schema.yml)
  relation "analytics_staging.stg_customers" does not exist
  LINE 17:     from "dq_db"."analytics_staging"."stg_customers"
                    ^
  compiled code at target\run\dq_project\models\staging\schema.yml\accepted_values_stg_customers_b806f0befcd464304e7cd137149d236b.sql
[0m17:07:21.550451 [debug] [Thread-4 (]: Began running node test.dq_project.relationships_stg_orders_customer_id__customer_id__ref_stg_customers_.430bf21500
[0m17:07:21.550451 [error] [Thread-1 (]: 1 of 7 ERROR accepted_values_stg_customers_country__USA__India__UK__Germany__Canada__Australia  [[31mERROR[0m in 0.13s]
[0m17:07:21.550451 [info ] [Thread-4 (]: 5 of 7 START test relationships_stg_orders_customer_id__customer_id__ref_stg_customers_  [RUN]
[0m17:07:21.557909 [debug] [Thread-1 (]: Finished running node test.dq_project.accepted_values_stg_customers_country__USA__India__UK__Germany__Canada__Australia.e9101a0996
[0m17:07:21.559460 [debug] [Thread-3 (]: Database Error in test not_null_stg_customers_email (models\staging\schema.yml)
  relation "analytics_staging.stg_customers" does not exist
  LINE 14: from "dq_db"."analytics_staging"."stg_customers"
                ^
  compiled code at target\run\dq_project\models\staging\schema.yml\not_null_stg_customers_email.sql
[0m17:07:21.559460 [debug] [Thread-2 (]: Database Error in test not_null_stg_customers_customer_id (models\staging\schema.yml)
  relation "analytics_staging.stg_customers" does not exist
  LINE 14: from "dq_db"."analytics_staging"."stg_customers"
                ^
  compiled code at target\run\dq_project\models\staging\schema.yml\not_null_stg_customers_customer_id.sql
[0m17:07:21.559460 [debug] [Thread-4 (]: Re-using an available connection from the pool (formerly test.dq_project.not_null_stg_customers_full_name.f9ff4c2b7e, now test.dq_project.relationships_stg_orders_customer_id__customer_id__ref_stg_customers_.430bf21500)
[0m17:07:21.559460 [debug] [Thread-1 (]: Began running node test.dq_project.unique_stg_customers_customer_id.c7614daada
[0m17:07:21.559460 [error] [Thread-3 (]: 3 of 7 ERROR not_null_stg_customers_email ...................................... [[31mERROR[0m in 0.13s]
[0m17:07:21.559460 [error] [Thread-2 (]: 2 of 7 ERROR not_null_stg_customers_customer_id ................................ [[31mERROR[0m in 0.13s]
[0m17:07:21.559460 [debug] [Thread-4 (]: Began compiling node test.dq_project.relationships_stg_orders_customer_id__customer_id__ref_stg_customers_.430bf21500
[0m17:07:21.559460 [info ] [Thread-1 (]: 6 of 7 START test unique_stg_customers_customer_id ............................. [RUN]
[0m17:07:21.559460 [debug] [Thread-3 (]: Finished running node test.dq_project.not_null_stg_customers_email.d7cf761533
[0m17:07:21.559460 [debug] [Thread-2 (]: Finished running node test.dq_project.not_null_stg_customers_customer_id.e2cfb1f9aa
[0m17:07:21.569661 [debug] [Thread-4 (]: Writing injected SQL for node "test.dq_project.relationships_stg_orders_customer_id__customer_id__ref_stg_customers_.430bf21500"
[0m17:07:21.569661 [debug] [Thread-1 (]: Re-using an available connection from the pool (formerly test.dq_project.accepted_values_stg_customers_country__USA__India__UK__Germany__Canada__Australia.e9101a0996, now test.dq_project.unique_stg_customers_customer_id.c7614daada)
[0m17:07:21.569661 [debug] [Thread-3 (]: Began running node test.dq_project.valid_email_format_stg_customers_email.fee8eb6eab
[0m17:07:21.569661 [debug] [Thread-1 (]: Began compiling node test.dq_project.unique_stg_customers_customer_id.c7614daada
[0m17:07:21.569661 [info ] [Thread-3 (]: 7 of 7 START test valid_email_format_stg_customers_email ....................... [RUN]
[0m17:07:21.575211 [debug] [Thread-1 (]: Writing injected SQL for node "test.dq_project.unique_stg_customers_customer_id.c7614daada"
[0m17:07:21.577758 [debug] [Thread-3 (]: Re-using an available connection from the pool (formerly test.dq_project.not_null_stg_customers_email.d7cf761533, now test.dq_project.valid_email_format_stg_customers_email.fee8eb6eab)
[0m17:07:21.577758 [debug] [Thread-3 (]: Began compiling node test.dq_project.valid_email_format_stg_customers_email.fee8eb6eab
[0m17:07:21.577758 [debug] [Thread-4 (]: Began executing node test.dq_project.relationships_stg_orders_customer_id__customer_id__ref_stg_customers_.430bf21500
[0m17:07:21.579786 [debug] [Thread-3 (]: Writing injected SQL for node "test.dq_project.valid_email_format_stg_customers_email.fee8eb6eab"
[0m17:07:21.579786 [debug] [Thread-4 (]: Writing runtime sql for node "test.dq_project.relationships_stg_orders_customer_id__customer_id__ref_stg_customers_.430bf21500"
[0m17:07:21.585732 [debug] [Thread-1 (]: Began executing node test.dq_project.unique_stg_customers_customer_id.c7614daada
[0m17:07:21.585732 [debug] [Thread-1 (]: Writing runtime sql for node "test.dq_project.unique_stg_customers_customer_id.c7614daada"
[0m17:07:21.589781 [debug] [Thread-3 (]: Began executing node test.dq_project.valid_email_format_stg_customers_email.fee8eb6eab
[0m17:07:21.589781 [debug] [Thread-3 (]: Writing runtime sql for node "test.dq_project.valid_email_format_stg_customers_email.fee8eb6eab"
[0m17:07:21.589781 [debug] [Thread-4 (]: Using postgres connection "test.dq_project.relationships_stg_orders_customer_id__customer_id__ref_stg_customers_.430bf21500"
[0m17:07:21.589781 [debug] [Thread-4 (]: On test.dq_project.relationships_stg_orders_customer_id__customer_id__ref_stg_customers_.430bf21500: BEGIN
[0m17:07:21.589781 [debug] [Thread-4 (]: Opening a new connection, currently in state closed
[0m17:07:21.589781 [debug] [Thread-1 (]: Using postgres connection "test.dq_project.unique_stg_customers_customer_id.c7614daada"
[0m17:07:21.589781 [debug] [Thread-3 (]: Using postgres connection "test.dq_project.valid_email_format_stg_customers_email.fee8eb6eab"
[0m17:07:21.589781 [debug] [Thread-1 (]: On test.dq_project.unique_stg_customers_customer_id.c7614daada: BEGIN
[0m17:07:21.589781 [debug] [Thread-3 (]: On test.dq_project.valid_email_format_stg_customers_email.fee8eb6eab: BEGIN
[0m17:07:21.589781 [debug] [Thread-1 (]: Opening a new connection, currently in state closed
[0m17:07:21.589781 [debug] [Thread-3 (]: Opening a new connection, currently in state closed
[0m17:07:21.612205 [debug] [Thread-3 (]: SQL status: BEGIN in 0.017 seconds
[0m17:07:21.612205 [debug] [Thread-4 (]: SQL status: BEGIN in 0.021 seconds
[0m17:07:21.612205 [debug] [Thread-3 (]: Using postgres connection "test.dq_project.valid_email_format_stg_customers_email.fee8eb6eab"
[0m17:07:21.612205 [debug] [Thread-4 (]: Using postgres connection "test.dq_project.relationships_stg_orders_customer_id__customer_id__ref_stg_customers_.430bf21500"
[0m17:07:21.612205 [debug] [Thread-3 (]: On test.dq_project.valid_email_format_stg_customers_email.fee8eb6eab: /* {"app": "dbt", "dbt_version": "1.8.8", "profile_name": "dq_project", "target_name": "dev", "node_id": "test.dq_project.valid_email_format_stg_customers_email.fee8eb6eab"} */
select
      count(*) as failures,
      count(*) != 0 as should_warn,
      count(*) != 0 as should_error
    from (
      
-- Custom generic test: flags any row where the column doesn't look like
-- a well-formed email address (basic regex: text@text.text).

select *
from "dq_db"."analytics_staging"."stg_customers"
where email is not null
  and email !~ '^[A-Za-z0-9._%+-]+@[A-Za-z0-9.-]+\.[A-Za-z]{2,}$'


      
    ) dbt_internal_test
[0m17:07:21.612205 [debug] [Thread-1 (]: SQL status: BEGIN in 0.020 seconds
[0m17:07:21.612205 [debug] [Thread-4 (]: On test.dq_project.relationships_stg_orders_customer_id__customer_id__ref_stg_customers_.430bf21500: /* {"app": "dbt", "dbt_version": "1.8.8", "profile_name": "dq_project", "target_name": "dev", "node_id": "test.dq_project.relationships_stg_orders_customer_id__customer_id__ref_stg_customers_.430bf21500"} */
select
      count(*) as failures,
      count(*) != 0 as should_warn,
      count(*) != 0 as should_error
    from (
      
    
    

with child as (
    select customer_id as from_field
    from "dq_db"."analytics_staging"."stg_orders"
    where customer_id is not null
),

parent as (
    select customer_id as to_field
    from "dq_db"."analytics_staging"."stg_customers"
)

select
    from_field

from child
left join parent
    on child.from_field = parent.to_field

where parent.to_field is null



      
    ) dbt_internal_test
[0m17:07:21.612205 [debug] [Thread-1 (]: Using postgres connection "test.dq_project.unique_stg_customers_customer_id.c7614daada"
[0m17:07:21.612205 [debug] [Thread-1 (]: On test.dq_project.unique_stg_customers_customer_id.c7614daada: /* {"app": "dbt", "dbt_version": "1.8.8", "profile_name": "dq_project", "target_name": "dev", "node_id": "test.dq_project.unique_stg_customers_customer_id.c7614daada"} */
select
      count(*) as failures,
      count(*) != 0 as should_warn,
      count(*) != 0 as should_error
    from (
      
    
    

select
    customer_id as unique_field,
    count(*) as n_records

from "dq_db"."analytics_staging"."stg_customers"
where customer_id is not null
group by customer_id
having count(*) > 1



      
    ) dbt_internal_test
[0m17:07:21.612205 [debug] [Thread-3 (]: Postgres adapter: Postgres error: relation "analytics_staging.stg_customers" does not exist
LINE 12: from "dq_db"."analytics_staging"."stg_customers"
              ^

[0m17:07:21.612205 [debug] [Thread-3 (]: On test.dq_project.valid_email_format_stg_customers_email.fee8eb6eab: ROLLBACK
[0m17:07:21.612205 [debug] [Thread-4 (]: Postgres adapter: Postgres error: relation "analytics_staging.stg_orders" does not exist
LINE 13:     from "dq_db"."analytics_staging"."stg_orders"
                  ^

[0m17:07:21.612205 [debug] [Thread-3 (]: On test.dq_project.valid_email_format_stg_customers_email.fee8eb6eab: Close
[0m17:07:21.612205 [debug] [Thread-4 (]: On test.dq_project.relationships_stg_orders_customer_id__customer_id__ref_stg_customers_.430bf21500: ROLLBACK
[0m17:07:21.620025 [debug] [Thread-1 (]: Postgres adapter: Postgres error: relation "analytics_staging.stg_customers" does not exist
LINE 15: from "dq_db"."analytics_staging"."stg_customers"
              ^

[0m17:07:21.621781 [debug] [Thread-1 (]: On test.dq_project.unique_stg_customers_customer_id.c7614daada: ROLLBACK
[0m17:07:21.622424 [debug] [Thread-4 (]: On test.dq_project.relationships_stg_orders_customer_id__customer_id__ref_stg_customers_.430bf21500: Close
[0m17:07:21.622424 [debug] [Thread-1 (]: On test.dq_project.unique_stg_customers_customer_id.c7614daada: Close
[0m17:07:21.622424 [debug] [Thread-3 (]: Database Error in test valid_email_format_stg_customers_email (models\staging\schema.yml)
  relation "analytics_staging.stg_customers" does not exist
  LINE 12: from "dq_db"."analytics_staging"."stg_customers"
                ^
  compiled code at target\run\dq_project\models\staging\schema.yml\valid_email_format_stg_customers_email.sql
[0m17:07:21.622424 [error] [Thread-3 (]: 7 of 7 ERROR valid_email_format_stg_customers_email ............................ [[31mERROR[0m in 0.04s]
[0m17:07:21.622424 [debug] [Thread-3 (]: Finished running node test.dq_project.valid_email_format_stg_customers_email.fee8eb6eab
[0m17:07:21.629656 [debug] [Thread-1 (]: Database Error in test unique_stg_customers_customer_id (models\staging\schema.yml)
  relation "analytics_staging.stg_customers" does not exist
  LINE 15: from "dq_db"."analytics_staging"."stg_customers"
                ^
  compiled code at target\run\dq_project\models\staging\schema.yml\unique_stg_customers_customer_id.sql
[0m17:07:21.629656 [error] [Thread-1 (]: 6 of 7 ERROR unique_stg_customers_customer_id .................................. [[31mERROR[0m in 0.06s]
[0m17:07:21.629656 [debug] [Thread-1 (]: Finished running node test.dq_project.unique_stg_customers_customer_id.c7614daada
[0m17:07:21.629656 [debug] [Thread-4 (]: Database Error in test relationships_stg_orders_customer_id__customer_id__ref_stg_customers_ (models\staging\schema.yml)
  relation "analytics_staging.stg_orders" does not exist
  LINE 13:     from "dq_db"."analytics_staging"."stg_orders"
                    ^
  compiled code at target\run\dq_project\models\staging\schema.yml\relationships_stg_orders_96411fe0c89b49c3f4da955dfd358ba0.sql
[0m17:07:21.629656 [error] [Thread-4 (]: 5 of 7 ERROR relationships_stg_orders_customer_id__customer_id__ref_stg_customers_  [[31mERROR[0m in 0.07s]
[0m17:07:21.629656 [debug] [Thread-4 (]: Finished running node test.dq_project.relationships_stg_orders_customer_id__customer_id__ref_stg_customers_.430bf21500
[0m17:07:21.629656 [debug] [MainThread]: Using postgres connection "master"
[0m17:07:21.629656 [debug] [MainThread]: On master: BEGIN
[0m17:07:21.629656 [debug] [MainThread]: Opening a new connection, currently in state closed
[0m17:07:21.649890 [debug] [MainThread]: SQL status: BEGIN in 0.014 seconds
[0m17:07:21.649890 [debug] [MainThread]: On master: COMMIT
[0m17:07:21.649890 [debug] [MainThread]: Using postgres connection "master"
[0m17:07:21.649890 [debug] [MainThread]: On master: COMMIT
[0m17:07:21.649890 [debug] [MainThread]: SQL status: COMMIT in 0.001 seconds
[0m17:07:21.649890 [debug] [MainThread]: On master: Close
[0m17:07:21.649890 [debug] [MainThread]: Connection 'master' was properly closed.
[0m17:07:21.649890 [debug] [MainThread]: Connection 'list_dq_db_analytics_staging' was properly closed.
[0m17:07:21.649890 [debug] [MainThread]: Connection 'test.dq_project.unique_stg_customers_customer_id.c7614daada' was properly closed.
[0m17:07:21.649890 [debug] [MainThread]: Connection 'test.dq_project.not_null_stg_customers_customer_id.e2cfb1f9aa' was properly closed.
[0m17:07:21.653669 [debug] [MainThread]: Connection 'test.dq_project.valid_email_format_stg_customers_email.fee8eb6eab' was properly closed.
[0m17:07:21.653669 [debug] [MainThread]: Connection 'test.dq_project.relationships_stg_orders_customer_id__customer_id__ref_stg_customers_.430bf21500' was properly closed.
[0m17:07:21.653669 [info ] [MainThread]: 
[0m17:07:21.653669 [info ] [MainThread]: Finished running 7 data tests in 0 hours 0 minutes and 0.40 seconds (0.40s).
[0m17:07:21.653669 [debug] [MainThread]: Command end result
[0m17:07:21.675317 [info ] [MainThread]: 
[0m17:07:21.675317 [info ] [MainThread]: [31mCompleted with 7 errors and 0 warnings:[0m
[0m17:07:21.675317 [info ] [MainThread]: 
[0m17:07:21.675317 [error] [MainThread]:   Database Error in test not_null_stg_customers_full_name (models\staging\schema.yml)
  relation "analytics_staging.stg_customers" does not exist
  LINE 14: from "dq_db"."analytics_staging"."stg_customers"
                ^
  compiled code at target\run\dq_project\models\staging\schema.yml\not_null_stg_customers_full_name.sql
[0m17:07:21.675317 [info ] [MainThread]: 
[0m17:07:21.675317 [error] [MainThread]:   Database Error in test accepted_values_stg_customers_country__USA__India__UK__Germany__Canada__Australia (models\staging\schema.yml)
  relation "analytics_staging.stg_customers" does not exist
  LINE 17:     from "dq_db"."analytics_staging"."stg_customers"
                    ^
  compiled code at target\run\dq_project\models\staging\schema.yml\accepted_values_stg_customers_b806f0befcd464304e7cd137149d236b.sql
[0m17:07:21.675317 [info ] [MainThread]: 
[0m17:07:21.675317 [error] [MainThread]:   Database Error in test not_null_stg_customers_email (models\staging\schema.yml)
  relation "analytics_staging.stg_customers" does not exist
  LINE 14: from "dq_db"."analytics_staging"."stg_customers"
                ^
  compiled code at target\run\dq_project\models\staging\schema.yml\not_null_stg_customers_email.sql
[0m17:07:21.675317 [info ] [MainThread]: 
[0m17:07:21.675317 [error] [MainThread]:   Database Error in test not_null_stg_customers_customer_id (models\staging\schema.yml)
  relation "analytics_staging.stg_customers" does not exist
  LINE 14: from "dq_db"."analytics_staging"."stg_customers"
                ^
  compiled code at target\run\dq_project\models\staging\schema.yml\not_null_stg_customers_customer_id.sql
[0m17:07:21.675317 [info ] [MainThread]: 
[0m17:07:21.675317 [error] [MainThread]:   Database Error in test valid_email_format_stg_customers_email (models\staging\schema.yml)
  relation "analytics_staging.stg_customers" does not exist
  LINE 12: from "dq_db"."analytics_staging"."stg_customers"
                ^
  compiled code at target\run\dq_project\models\staging\schema.yml\valid_email_format_stg_customers_email.sql
[0m17:07:21.675317 [info ] [MainThread]: 
[0m17:07:21.675317 [error] [MainThread]:   Database Error in test unique_stg_customers_customer_id (models\staging\schema.yml)
  relation "analytics_staging.stg_customers" does not exist
  LINE 15: from "dq_db"."analytics_staging"."stg_customers"
                ^
  compiled code at target\run\dq_project\models\staging\schema.yml\unique_stg_customers_customer_id.sql
[0m17:07:21.675317 [info ] [MainThread]: 
[0m17:07:21.675317 [error] [MainThread]:   Database Error in test relationships_stg_orders_customer_id__customer_id__ref_stg_customers_ (models\staging\schema.yml)
  relation "analytics_staging.stg_orders" does not exist
  LINE 13:     from "dq_db"."analytics_staging"."stg_orders"
                    ^
  compiled code at target\run\dq_project\models\staging\schema.yml\relationships_stg_orders_96411fe0c89b49c3f4da955dfd358ba0.sql
[0m17:07:21.675317 [info ] [MainThread]: 
[0m17:07:21.675317 [info ] [MainThread]: Done. PASS=0 WARN=0 ERROR=7 SKIP=0 TOTAL=7
[0m17:07:21.675317 [debug] [MainThread]: Command `dbt test` failed at 17:07:21.675317 after 2.07 seconds
[0m17:07:21.675317 [debug] [MainThread]: Sending event: {'category': 'dbt', 'action': 'invocation', 'label': 'end', 'context': [<snowplow_tracker.self_describing_json.SelfDescribingJson object at 0x000001F0AF939BB0>, <snowplow_tracker.self_describing_json.SelfDescribingJson object at 0x000001F0AF93B6B0>, <snowplow_tracker.self_describing_json.SelfDescribingJson object at 0x000001F0B201F8F0>]}
[0m17:07:21.675317 [debug] [MainThread]: Flushing usage events
[0m17:07:25.737880 [debug] [MainThread]: Sending event: {'category': 'dbt', 'action': 'invocation', 'label': 'start', 'context': [<snowplow_tracker.self_describing_json.SelfDescribingJson object at 0x0000028CE7E80E30>, <snowplow_tracker.self_describing_json.SelfDescribingJson object at 0x0000028CE7E835F0>, <snowplow_tracker.self_describing_json.SelfDescribingJson object at 0x0000028CE7E80D10>]}


============================== 17:07:25.739976 | 98e1da8c-c422-427f-9df1-3cfccf764900 ==============================
[0m17:07:25.739976 [info ] [MainThread]: Running with dbt=1.8.8
[0m17:07:25.739976 [debug] [MainThread]: running dbt with arguments {'printer_width': '80', 'indirect_selection': 'eager', 'write_json': 'True', 'log_cache_events': 'False', 'partial_parse': 'True', 'cache_selected_only': 'False', 'warn_error': 'None', 'fail_fast': 'False', 'version_check': 'True', 'log_path': 'C:\\Users\\gsuji\\Downloads\\Data-Quality-Testing-Framework\\dbt_project\\logs', 'debug': 'False', 'profiles_dir': 'C:\\Users\\gsuji\\Downloads\\Data-Quality-Testing-Framework\\dbt_project', 'use_colors': 'True', 'use_experimental_parser': 'False', 'no_print': 'None', 'quiet': 'False', 'empty': 'None', 'log_format': 'default', 'invocation_command': 'dbt test --select stg_orders --project-dir C:\\Users\\gsuji\\Downloads\\Data-Quality-Testing-Framework\\dbt_project --profiles-dir C:\\Users\\gsuji\\Downloads\\Data-Quality-Testing-Framework\\dbt_project', 'static_parser': 'True', 'introspect': 'True', 'target_path': 'None', 'warn_error_options': 'WarnErrorOptions(include=[], exclude=[])', 'send_anonymous_usage_stats': 'True'}
[0m17:07:25.882705 [debug] [MainThread]: Sending event: {'category': 'dbt', 'action': 'project_id', 'label': '98e1da8c-c422-427f-9df1-3cfccf764900', 'context': [<snowplow_tracker.self_describing_json.SelfDescribingJson object at 0x0000028CE7EFCFE0>]}
[0m17:07:25.929586 [debug] [MainThread]: Sending event: {'category': 'dbt', 'action': 'adapter_info', 'label': '98e1da8c-c422-427f-9df1-3cfccf764900', 'context': [<snowplow_tracker.self_describing_json.SelfDescribingJson object at 0x0000028CE7BEACC0>]}
[0m17:07:25.929586 [info ] [MainThread]: Registered adapter: postgres=1.8.2
[0m17:07:25.936048 [debug] [MainThread]: checksum: ec53e341a936509427e16df1c646386a84befec52c1957e3f4359fbc36fc93f5, vars: {}, profile: , target: , version: 1.8.8
[0m17:07:26.114921 [debug] [MainThread]: Partial parsing enabled: 0 files deleted, 0 files added, 0 files changed.
[0m17:07:26.114921 [debug] [MainThread]: Partial parsing enabled, no changes found, skipping parsing
[0m17:07:26.147543 [debug] [MainThread]: Sending event: {'category': 'dbt', 'action': 'load_project', 'label': '98e1da8c-c422-427f-9df1-3cfccf764900', 'context': [<snowplow_tracker.self_describing_json.SelfDescribingJson object at 0x0000028CE9837FB0>]}
[0m17:07:26.237043 [debug] [MainThread]: Sending event: {'category': 'dbt', 'action': 'resource_counts', 'label': '98e1da8c-c422-427f-9df1-3cfccf764900', 'context': [<snowplow_tracker.self_describing_json.SelfDescribingJson object at 0x0000028CE9AC5DC0>]}
[0m17:07:26.237043 [info ] [MainThread]: Found 2 models, 14 data tests, 424 macros
[0m17:07:26.237043 [debug] [MainThread]: Sending event: {'category': 'dbt', 'action': 'runnable_timing', 'label': '98e1da8c-c422-427f-9df1-3cfccf764900', 'context': [<snowplow_tracker.self_describing_json.SelfDescribingJson object at 0x0000028CE9BB1580>]}
[0m17:07:26.239829 [info ] [MainThread]: 
[0m17:07:26.239829 [debug] [MainThread]: Acquiring new postgres connection 'master'
[0m17:07:26.239829 [debug] [ThreadPool]: Acquiring new postgres connection 'list_dq_db_analytics_staging'
[0m17:07:26.290006 [debug] [ThreadPool]: Using postgres connection "list_dq_db_analytics_staging"
[0m17:07:26.290006 [debug] [ThreadPool]: On list_dq_db_analytics_staging: BEGIN
[0m17:07:26.290006 [debug] [ThreadPool]: Opening a new connection, currently in state init
[0m17:07:26.309949 [debug] [ThreadPool]: SQL status: BEGIN in 0.019 seconds
[0m17:07:26.309949 [debug] [ThreadPool]: Using postgres connection "list_dq_db_analytics_staging"
[0m17:07:26.309949 [debug] [ThreadPool]: On list_dq_db_analytics_staging: /* {"app": "dbt", "dbt_version": "1.8.8", "profile_name": "dq_project", "target_name": "dev", "connection_name": "list_dq_db_analytics_staging"} */
select
      'dq_db' as database,
      tablename as name,
      schemaname as schema,
      'table' as type
    from pg_tables
    where schemaname ilike 'analytics_staging'
    union all
    select
      'dq_db' as database,
      viewname as name,
      schemaname as schema,
      'view' as type
    from pg_views
    where schemaname ilike 'analytics_staging'
    union all
    select
      'dq_db' as database,
      matviewname as name,
      schemaname as schema,
      'materialized_view' as type
    from pg_matviews
    where schemaname ilike 'analytics_staging'
  
[0m17:07:26.316038 [debug] [ThreadPool]: SQL status: SELECT 0 in 0.002 seconds
[0m17:07:26.316038 [debug] [ThreadPool]: On list_dq_db_analytics_staging: ROLLBACK
[0m17:07:26.317646 [debug] [ThreadPool]: On list_dq_db_analytics_staging: Close
[0m17:07:26.319660 [debug] [MainThread]: Using postgres connection "master"
[0m17:07:26.319660 [debug] [MainThread]: On master: BEGIN
[0m17:07:26.319660 [debug] [MainThread]: Opening a new connection, currently in state init
[0m17:07:26.335860 [debug] [MainThread]: SQL status: BEGIN in 0.014 seconds
[0m17:07:26.335860 [debug] [MainThread]: Using postgres connection "master"
[0m17:07:26.335860 [debug] [MainThread]: On master: /* {"app": "dbt", "dbt_version": "1.8.8", "profile_name": "dq_project", "target_name": "dev", "connection_name": "master"} */
with relation as (
        select
            pg_rewrite.ev_class as class,
            pg_rewrite.oid as id
        from pg_rewrite
    ),
    class as (
        select
            oid as id,
            relname as name,
            relnamespace as schema,
            relkind as kind
        from pg_class
    ),
    dependency as (
        select distinct
            pg_depend.objid as id,
            pg_depend.refobjid as ref
        from pg_depend
    ),
    schema as (
        select
            pg_namespace.oid as id,
            pg_namespace.nspname as name
        from pg_namespace
        where nspname != 'information_schema' and nspname not like 'pg\_%'
    ),
    referenced as (
        select
            relation.id AS id,
            referenced_class.name ,
            referenced_class.schema ,
            referenced_class.kind
        from relation
        join class as referenced_class on relation.class=referenced_class.id
        where referenced_class.kind in ('r', 'v', 'm')
    ),
    relationships as (
        select
            referenced.name as referenced_name,
            referenced.schema as referenced_schema_id,
            dependent_class.name as dependent_name,
            dependent_class.schema as dependent_schema_id,
            referenced.kind as kind
        from referenced
        join dependency on referenced.id=dependency.id
        join class as dependent_class on dependency.ref=dependent_class.id
        where
            (referenced.name != dependent_class.name or
             referenced.schema != dependent_class.schema)
    )

    select
        referenced_schema.name as referenced_schema,
        relationships.referenced_name as referenced_name,
        dependent_schema.name as dependent_schema,
        relationships.dependent_name as dependent_name
    from relationships
    join schema as dependent_schema on relationships.dependent_schema_id=dependent_schema.id
    join schema as referenced_schema on relationships.referenced_schema_id=referenced_schema.id
    group by referenced_schema, referenced_name, dependent_schema, dependent_name
    order by referenced_schema, referenced_name, dependent_schema, dependent_name;
[0m17:07:26.341874 [debug] [MainThread]: SQL status: SELECT 0 in 0.003 seconds
[0m17:07:26.341874 [debug] [MainThread]: Sending event: {'category': 'dbt', 'action': 'runnable_timing', 'label': '98e1da8c-c422-427f-9df1-3cfccf764900', 'context': [<snowplow_tracker.self_describing_json.SelfDescribingJson object at 0x0000028CE9C0C4A0>]}
[0m17:07:26.341874 [debug] [MainThread]: On master: ROLLBACK
[0m17:07:26.341874 [debug] [MainThread]: Using postgres connection "master"
[0m17:07:26.345780 [debug] [MainThread]: On master: BEGIN
[0m17:07:26.347839 [debug] [MainThread]: SQL status: BEGIN in 0.002 seconds
[0m17:07:26.347839 [debug] [MainThread]: On master: COMMIT
[0m17:07:26.347839 [debug] [MainThread]: Using postgres connection "master"
[0m17:07:26.347839 [debug] [MainThread]: On master: COMMIT
[0m17:07:26.349912 [debug] [MainThread]: SQL status: COMMIT in 0.001 seconds
[0m17:07:26.349912 [debug] [MainThread]: On master: Close
[0m17:07:26.349912 [info ] [MainThread]: Concurrency: 4 threads (target='dev')
[0m17:07:26.349912 [info ] [MainThread]: 
[0m17:07:26.355559 [debug] [Thread-1 (]: Began running node test.dq_project.accepted_values_stg_orders_status__placed__shipped__delivered__cancelled__returned.c02af3e6b1
[0m17:07:26.355559 [info ] [Thread-1 (]: 1 of 8 START test accepted_values_stg_orders_status__placed__shipped__delivered__cancelled__returned  [RUN]
[0m17:07:26.355559 [debug] [Thread-2 (]: Began running node test.dq_project.assert_no_negative_order_amounts
[0m17:07:26.357624 [debug] [Thread-1 (]: Acquiring new postgres connection 'test.dq_project.accepted_values_stg_orders_status__placed__shipped__delivered__cancelled__returned.c02af3e6b1'
[0m17:07:26.357624 [debug] [Thread-3 (]: Began running node test.dq_project.not_null_stg_orders_amount.2546645448
[0m17:07:26.357624 [debug] [Thread-4 (]: Began running node test.dq_project.not_null_stg_orders_customer_id.af79d5e4b5
[0m17:07:26.357624 [info ] [Thread-2 (]: 2 of 8 START test assert_no_negative_order_amounts ............................. [RUN]
[0m17:07:26.359679 [debug] [Thread-1 (]: Began compiling node test.dq_project.accepted_values_stg_orders_status__placed__shipped__delivered__cancelled__returned.c02af3e6b1
[0m17:07:26.359679 [info ] [Thread-3 (]: 3 of 8 START test not_null_stg_orders_amount ................................... [RUN]
[0m17:07:26.359679 [info ] [Thread-4 (]: 4 of 8 START test not_null_stg_orders_customer_id .............................. [RUN]
[0m17:07:26.359679 [debug] [Thread-2 (]: Acquiring new postgres connection 'test.dq_project.assert_no_negative_order_amounts'
[0m17:07:26.374979 [debug] [Thread-1 (]: Writing injected SQL for node "test.dq_project.accepted_values_stg_orders_status__placed__shipped__delivered__cancelled__returned.c02af3e6b1"
[0m17:07:26.377647 [debug] [Thread-3 (]: Acquiring new postgres connection 'test.dq_project.not_null_stg_orders_amount.2546645448'
[0m17:07:26.377647 [debug] [Thread-4 (]: Acquiring new postgres connection 'test.dq_project.not_null_stg_orders_customer_id.af79d5e4b5'
[0m17:07:26.377647 [debug] [Thread-2 (]: Began compiling node test.dq_project.assert_no_negative_order_amounts
[0m17:07:26.377647 [debug] [Thread-3 (]: Began compiling node test.dq_project.not_null_stg_orders_amount.2546645448
[0m17:07:26.377647 [debug] [Thread-4 (]: Began compiling node test.dq_project.not_null_stg_orders_customer_id.af79d5e4b5
[0m17:07:26.380977 [debug] [Thread-2 (]: Writing injected SQL for node "test.dq_project.assert_no_negative_order_amounts"
[0m17:07:26.389960 [debug] [Thread-3 (]: Writing injected SQL for node "test.dq_project.not_null_stg_orders_amount.2546645448"
[0m17:07:26.389960 [debug] [Thread-4 (]: Writing injected SQL for node "test.dq_project.not_null_stg_orders_customer_id.af79d5e4b5"
[0m17:07:26.395547 [debug] [Thread-1 (]: Began executing node test.dq_project.accepted_values_stg_orders_status__placed__shipped__delivered__cancelled__returned.c02af3e6b1
[0m17:07:26.399964 [debug] [Thread-1 (]: Writing runtime sql for node "test.dq_project.accepted_values_stg_orders_status__placed__shipped__delivered__cancelled__returned.c02af3e6b1"
[0m17:07:26.399964 [debug] [Thread-3 (]: Began executing node test.dq_project.not_null_stg_orders_amount.2546645448
[0m17:07:26.399964 [debug] [Thread-3 (]: Writing runtime sql for node "test.dq_project.not_null_stg_orders_amount.2546645448"
[0m17:07:26.399964 [debug] [Thread-4 (]: Began executing node test.dq_project.not_null_stg_orders_customer_id.af79d5e4b5
[0m17:07:26.399964 [debug] [Thread-4 (]: Writing runtime sql for node "test.dq_project.not_null_stg_orders_customer_id.af79d5e4b5"
[0m17:07:26.399964 [debug] [Thread-1 (]: Using postgres connection "test.dq_project.accepted_values_stg_orders_status__placed__shipped__delivered__cancelled__returned.c02af3e6b1"
[0m17:07:26.399964 [debug] [Thread-1 (]: On test.dq_project.accepted_values_stg_orders_status__placed__shipped__delivered__cancelled__returned.c02af3e6b1: BEGIN
[0m17:07:26.399964 [debug] [Thread-2 (]: Began executing node test.dq_project.assert_no_negative_order_amounts
[0m17:07:26.399964 [debug] [Thread-4 (]: Using postgres connection "test.dq_project.not_null_stg_orders_customer_id.af79d5e4b5"
[0m17:07:26.399964 [debug] [Thread-1 (]: Opening a new connection, currently in state init
[0m17:07:26.399964 [debug] [Thread-2 (]: Writing runtime sql for node "test.dq_project.assert_no_negative_order_amounts"
[0m17:07:26.399964 [debug] [Thread-3 (]: Using postgres connection "test.dq_project.not_null_stg_orders_amount.2546645448"
[0m17:07:26.399964 [debug] [Thread-4 (]: On test.dq_project.not_null_stg_orders_customer_id.af79d5e4b5: BEGIN
[0m17:07:26.399964 [debug] [Thread-3 (]: On test.dq_project.not_null_stg_orders_amount.2546645448: BEGIN
[0m17:07:26.399964 [debug] [Thread-4 (]: Opening a new connection, currently in state init
[0m17:07:26.399964 [debug] [Thread-3 (]: Opening a new connection, currently in state init
[0m17:07:26.399964 [debug] [Thread-2 (]: Using postgres connection "test.dq_project.assert_no_negative_order_amounts"
[0m17:07:26.399964 [debug] [Thread-2 (]: On test.dq_project.assert_no_negative_order_amounts: BEGIN
[0m17:07:26.422629 [debug] [Thread-2 (]: Opening a new connection, currently in state init
[0m17:07:26.437338 [debug] [Thread-1 (]: SQL status: BEGIN in 0.022 seconds
[0m17:07:26.438986 [debug] [Thread-1 (]: Using postgres connection "test.dq_project.accepted_values_stg_orders_status__placed__shipped__delivered__cancelled__returned.c02af3e6b1"
[0m17:07:26.439509 [debug] [Thread-3 (]: SQL status: BEGIN in 0.020 seconds
[0m17:07:26.439509 [debug] [Thread-1 (]: On test.dq_project.accepted_values_stg_orders_status__placed__shipped__delivered__cancelled__returned.c02af3e6b1: /* {"app": "dbt", "dbt_version": "1.8.8", "profile_name": "dq_project", "target_name": "dev", "node_id": "test.dq_project.accepted_values_stg_orders_status__placed__shipped__delivered__cancelled__returned.c02af3e6b1"} */
select
      count(*) as failures,
      count(*) != 0 as should_warn,
      count(*) != 0 as should_error
    from (
      
    
    

with all_values as (

    select
        status as value_field,
        count(*) as n_records

    from "dq_db"."analytics_staging"."stg_orders"
    group by status

)

select *
from all_values
where value_field not in (
    'placed','shipped','delivered','cancelled','returned'
)



      
    ) dbt_internal_test
[0m17:07:26.439509 [debug] [Thread-4 (]: SQL status: BEGIN in 0.021 seconds
[0m17:07:26.439509 [debug] [Thread-3 (]: Using postgres connection "test.dq_project.not_null_stg_orders_amount.2546645448"
[0m17:07:26.439509 [debug] [Thread-4 (]: Using postgres connection "test.dq_project.not_null_stg_orders_customer_id.af79d5e4b5"
[0m17:07:26.439509 [debug] [Thread-3 (]: On test.dq_project.not_null_stg_orders_amount.2546645448: /* {"app": "dbt", "dbt_version": "1.8.8", "profile_name": "dq_project", "target_name": "dev", "node_id": "test.dq_project.not_null_stg_orders_amount.2546645448"} */
select
      count(*) as failures,
      count(*) != 0 as should_warn,
      count(*) != 0 as should_error
    from (
      
    
    



select amount
from "dq_db"."analytics_staging"."stg_orders"
where amount is null



      
    ) dbt_internal_test
[0m17:07:26.439509 [debug] [Thread-4 (]: On test.dq_project.not_null_stg_orders_customer_id.af79d5e4b5: /* {"app": "dbt", "dbt_version": "1.8.8", "profile_name": "dq_project", "target_name": "dev", "node_id": "test.dq_project.not_null_stg_orders_customer_id.af79d5e4b5"} */
select
      count(*) as failures,
      count(*) != 0 as should_warn,
      count(*) != 0 as should_error
    from (
      
    
    



select customer_id
from "dq_db"."analytics_staging"."stg_orders"
where customer_id is null



      
    ) dbt_internal_test
[0m17:07:26.439509 [debug] [Thread-1 (]: Postgres adapter: Postgres error: relation "analytics_staging.stg_orders" does not exist
LINE 17:     from "dq_db"."analytics_staging"."stg_orders"
                  ^

[0m17:07:26.439509 [debug] [Thread-1 (]: On test.dq_project.accepted_values_stg_orders_status__placed__shipped__delivered__cancelled__returned.c02af3e6b1: ROLLBACK
[0m17:07:26.439509 [debug] [Thread-3 (]: Postgres adapter: Postgres error: relation "analytics_staging.stg_orders" does not exist
LINE 14: from "dq_db"."analytics_staging"."stg_orders"
              ^

[0m17:07:26.439509 [debug] [Thread-3 (]: On test.dq_project.not_null_stg_orders_amount.2546645448: ROLLBACK
[0m17:07:26.439509 [debug] [Thread-4 (]: Postgres adapter: Postgres error: relation "analytics_staging.stg_orders" does not exist
LINE 14: from "dq_db"."analytics_staging"."stg_orders"
              ^

[0m17:07:26.439509 [debug] [Thread-1 (]: On test.dq_project.accepted_values_stg_orders_status__placed__shipped__delivered__cancelled__returned.c02af3e6b1: Close
[0m17:07:26.439509 [debug] [Thread-3 (]: On test.dq_project.not_null_stg_orders_amount.2546645448: Close
[0m17:07:26.439509 [debug] [Thread-4 (]: On test.dq_project.not_null_stg_orders_customer_id.af79d5e4b5: ROLLBACK
[0m17:07:26.449745 [debug] [Thread-2 (]: SQL status: BEGIN in 0.029 seconds
[0m17:07:26.449745 [debug] [Thread-4 (]: On test.dq_project.not_null_stg_orders_customer_id.af79d5e4b5: Close
[0m17:07:26.449745 [debug] [Thread-2 (]: Using postgres connection "test.dq_project.assert_no_negative_order_amounts"
[0m17:07:26.454196 [debug] [Thread-2 (]: On test.dq_project.assert_no_negative_order_amounts: /* {"app": "dbt", "dbt_version": "1.8.8", "profile_name": "dq_project", "target_name": "dev", "node_id": "test.dq_project.assert_no_negative_order_amounts"} */
select
      count(*) as failures,
      count(*) != 0 as should_warn,
      count(*) != 0 as should_error
    from (
      -- Singular test: fails (returns rows) if any order has a negative amount.
-- dbt tests "pass" when the query returns zero rows.

select order_id, amount
from "dq_db"."analytics_staging"."stg_orders"
where amount < 0
      
    ) dbt_internal_test
[0m17:07:26.454196 [debug] [Thread-2 (]: Postgres adapter: Postgres error: relation "analytics_staging.stg_orders" does not exist
LINE 11: from "dq_db"."analytics_staging"."stg_orders"
              ^

[0m17:07:26.454196 [debug] [Thread-2 (]: On test.dq_project.assert_no_negative_order_amounts: ROLLBACK
[0m17:07:26.459703 [debug] [Thread-2 (]: On test.dq_project.assert_no_negative_order_amounts: Close
[0m17:07:26.465721 [debug] [Thread-2 (]: Database Error in test assert_no_negative_order_amounts (tests\assert_no_negative_order_amounts.sql)
  relation "analytics_staging.stg_orders" does not exist
  LINE 11: from "dq_db"."analytics_staging"."stg_orders"
                ^
  compiled code at target\run\dq_project\tests\assert_no_negative_order_amounts.sql
[0m17:07:26.465721 [error] [Thread-2 (]: 2 of 8 ERROR assert_no_negative_order_amounts .................................. [[31mERROR[0m in 0.11s]
[0m17:07:26.466732 [debug] [Thread-2 (]: Finished running node test.dq_project.assert_no_negative_order_amounts
[0m17:07:26.466732 [debug] [Thread-2 (]: Began running node test.dq_project.not_null_stg_orders_order_id.81cfe2fe64
[0m17:07:26.466732 [debug] [Thread-3 (]: Database Error in test not_null_stg_orders_amount (models\staging\schema.yml)
  relation "analytics_staging.stg_orders" does not exist
  LINE 14: from "dq_db"."analytics_staging"."stg_orders"
                ^
  compiled code at target\run\dq_project\models\staging\schema.yml\not_null_stg_orders_amount.sql
[0m17:07:26.470624 [debug] [Thread-4 (]: Database Error in test not_null_stg_orders_customer_id (models\staging\schema.yml)
  relation "analytics_staging.stg_orders" does not exist
  LINE 14: from "dq_db"."analytics_staging"."stg_orders"
                ^
  compiled code at target\run\dq_project\models\staging\schema.yml\not_null_stg_orders_customer_id.sql
[0m17:07:26.466732 [info ] [Thread-2 (]: 5 of 8 START test not_null_stg_orders_order_id ................................. [RUN]
[0m17:07:26.470624 [error] [Thread-3 (]: 3 of 8 ERROR not_null_stg_orders_amount ........................................ [[31mERROR[0m in 0.09s]
[0m17:07:26.470624 [error] [Thread-4 (]: 4 of 8 ERROR not_null_stg_orders_customer_id ................................... [[31mERROR[0m in 0.09s]
[0m17:07:26.472574 [debug] [Thread-1 (]: Database Error in test accepted_values_stg_orders_status__placed__shipped__delivered__cancelled__returned (models\staging\schema.yml)
  relation "analytics_staging.stg_orders" does not exist
  LINE 17:     from "dq_db"."analytics_staging"."stg_orders"
                    ^
  compiled code at target\run\dq_project\models\staging\schema.yml\accepted_values_stg_orders_baa1d81332b3755c5b189103b7711b6d.sql
[0m17:07:26.472574 [debug] [Thread-2 (]: Re-using an available connection from the pool (formerly test.dq_project.assert_no_negative_order_amounts, now test.dq_project.not_null_stg_orders_order_id.81cfe2fe64)
[0m17:07:26.472574 [debug] [Thread-3 (]: Finished running node test.dq_project.not_null_stg_orders_amount.2546645448
[0m17:07:26.472574 [debug] [Thread-4 (]: Finished running node test.dq_project.not_null_stg_orders_customer_id.af79d5e4b5
[0m17:07:26.472574 [error] [Thread-1 (]: 1 of 8 ERROR accepted_values_stg_orders_status__placed__shipped__delivered__cancelled__returned  [[31mERROR[0m in 0.11s]
[0m17:07:26.472574 [debug] [Thread-2 (]: Began compiling node test.dq_project.not_null_stg_orders_order_id.81cfe2fe64
[0m17:07:26.472574 [debug] [Thread-3 (]: Began running node test.dq_project.not_null_stg_orders_status.2b01eecbd6
[0m17:07:26.472574 [debug] [Thread-4 (]: Began running node test.dq_project.relationships_stg_orders_customer_id__customer_id__ref_stg_customers_.430bf21500
[0m17:07:26.472574 [debug] [Thread-1 (]: Finished running node test.dq_project.accepted_values_stg_orders_status__placed__shipped__delivered__cancelled__returned.c02af3e6b1
[0m17:07:26.472574 [debug] [Thread-2 (]: Writing injected SQL for node "test.dq_project.not_null_stg_orders_order_id.81cfe2fe64"
[0m17:07:26.472574 [info ] [Thread-3 (]: 6 of 8 START test not_null_stg_orders_status ................................... [RUN]
[0m17:07:26.472574 [info ] [Thread-4 (]: 7 of 8 START test relationships_stg_orders_customer_id__customer_id__ref_stg_customers_  [RUN]
[0m17:07:26.472574 [debug] [Thread-1 (]: Began running node test.dq_project.unique_stg_orders_order_id.e3b841c71a
[0m17:07:26.472574 [debug] [Thread-3 (]: Re-using an available connection from the pool (formerly test.dq_project.not_null_stg_orders_amount.2546645448, now test.dq_project.not_null_stg_orders_status.2b01eecbd6)
[0m17:07:26.472574 [debug] [Thread-4 (]: Re-using an available connection from the pool (formerly test.dq_project.not_null_stg_orders_customer_id.af79d5e4b5, now test.dq_project.relationships_stg_orders_customer_id__customer_id__ref_stg_customers_.430bf21500)
[0m17:07:26.472574 [info ] [Thread-1 (]: 8 of 8 START test unique_stg_orders_order_id ................................... [RUN]
[0m17:07:26.472574 [debug] [Thread-2 (]: Began executing node test.dq_project.not_null_stg_orders_order_id.81cfe2fe64
[0m17:07:26.472574 [debug] [Thread-3 (]: Began compiling node test.dq_project.not_null_stg_orders_status.2b01eecbd6
[0m17:07:26.472574 [debug] [Thread-4 (]: Began compiling node test.dq_project.relationships_stg_orders_customer_id__customer_id__ref_stg_customers_.430bf21500
[0m17:07:26.472574 [debug] [Thread-1 (]: Re-using an available connection from the pool (formerly test.dq_project.accepted_values_stg_orders_status__placed__shipped__delivered__cancelled__returned.c02af3e6b1, now test.dq_project.unique_stg_orders_order_id.e3b841c71a)
[0m17:07:26.485764 [debug] [Thread-2 (]: Writing runtime sql for node "test.dq_project.not_null_stg_orders_order_id.81cfe2fe64"
[0m17:07:26.490053 [debug] [Thread-3 (]: Writing injected SQL for node "test.dq_project.not_null_stg_orders_status.2b01eecbd6"
[0m17:07:26.490053 [debug] [Thread-4 (]: Writing injected SQL for node "test.dq_project.relationships_stg_orders_customer_id__customer_id__ref_stg_customers_.430bf21500"
[0m17:07:26.490053 [debug] [Thread-1 (]: Began compiling node test.dq_project.unique_stg_orders_order_id.e3b841c71a
[0m17:07:26.490053 [debug] [Thread-1 (]: Writing injected SQL for node "test.dq_project.unique_stg_orders_order_id.e3b841c71a"
[0m17:07:26.490053 [debug] [Thread-3 (]: Began executing node test.dq_project.not_null_stg_orders_status.2b01eecbd6
[0m17:07:26.490053 [debug] [Thread-3 (]: Writing runtime sql for node "test.dq_project.not_null_stg_orders_status.2b01eecbd6"
[0m17:07:26.490053 [debug] [Thread-2 (]: Using postgres connection "test.dq_project.not_null_stg_orders_order_id.81cfe2fe64"
[0m17:07:26.490053 [debug] [Thread-2 (]: On test.dq_project.not_null_stg_orders_order_id.81cfe2fe64: BEGIN
[0m17:07:26.490053 [debug] [Thread-2 (]: Opening a new connection, currently in state closed
[0m17:07:26.490053 [debug] [Thread-4 (]: Began executing node test.dq_project.relationships_stg_orders_customer_id__customer_id__ref_stg_customers_.430bf21500
[0m17:07:26.490053 [debug] [Thread-4 (]: Writing runtime sql for node "test.dq_project.relationships_stg_orders_customer_id__customer_id__ref_stg_customers_.430bf21500"
[0m17:07:26.490053 [debug] [Thread-1 (]: Began executing node test.dq_project.unique_stg_orders_order_id.e3b841c71a
[0m17:07:26.490053 [debug] [Thread-1 (]: Writing runtime sql for node "test.dq_project.unique_stg_orders_order_id.e3b841c71a"
[0m17:07:26.490053 [debug] [Thread-4 (]: Using postgres connection "test.dq_project.relationships_stg_orders_customer_id__customer_id__ref_stg_customers_.430bf21500"
[0m17:07:26.490053 [debug] [Thread-4 (]: On test.dq_project.relationships_stg_orders_customer_id__customer_id__ref_stg_customers_.430bf21500: BEGIN
[0m17:07:26.490053 [debug] [Thread-4 (]: Opening a new connection, currently in state closed
[0m17:07:26.513959 [debug] [Thread-3 (]: Using postgres connection "test.dq_project.not_null_stg_orders_status.2b01eecbd6"
[0m17:07:26.514634 [debug] [Thread-3 (]: On test.dq_project.not_null_stg_orders_status.2b01eecbd6: BEGIN
[0m17:07:26.514634 [debug] [Thread-1 (]: Using postgres connection "test.dq_project.unique_stg_orders_order_id.e3b841c71a"
[0m17:07:26.514634 [debug] [Thread-3 (]: Opening a new connection, currently in state closed
[0m17:07:26.514634 [debug] [Thread-1 (]: On test.dq_project.unique_stg_orders_order_id.e3b841c71a: BEGIN
[0m17:07:26.514634 [debug] [Thread-1 (]: Opening a new connection, currently in state closed
[0m17:07:26.519836 [debug] [Thread-2 (]: SQL status: BEGIN in 0.020 seconds
[0m17:07:26.519836 [debug] [Thread-2 (]: Using postgres connection "test.dq_project.not_null_stg_orders_order_id.81cfe2fe64"
[0m17:07:26.527700 [debug] [Thread-2 (]: On test.dq_project.not_null_stg_orders_order_id.81cfe2fe64: /* {"app": "dbt", "dbt_version": "1.8.8", "profile_name": "dq_project", "target_name": "dev", "node_id": "test.dq_project.not_null_stg_orders_order_id.81cfe2fe64"} */
select
      count(*) as failures,
      count(*) != 0 as should_warn,
      count(*) != 0 as should_error
    from (
      
    
    



select order_id
from "dq_db"."analytics_staging"."stg_orders"
where order_id is null



      
    ) dbt_internal_test
[0m17:07:26.529713 [debug] [Thread-2 (]: Postgres adapter: Postgres error: relation "analytics_staging.stg_orders" does not exist
LINE 14: from "dq_db"."analytics_staging"."stg_orders"
              ^

[0m17:07:26.529713 [debug] [Thread-2 (]: On test.dq_project.not_null_stg_orders_order_id.81cfe2fe64: ROLLBACK
[0m17:07:26.529713 [debug] [Thread-2 (]: On test.dq_project.not_null_stg_orders_order_id.81cfe2fe64: Close
[0m17:07:26.529713 [debug] [Thread-4 (]: SQL status: BEGIN in 0.020 seconds
[0m17:07:26.529713 [debug] [Thread-4 (]: Using postgres connection "test.dq_project.relationships_stg_orders_customer_id__customer_id__ref_stg_customers_.430bf21500"
[0m17:07:26.529713 [debug] [Thread-4 (]: On test.dq_project.relationships_stg_orders_customer_id__customer_id__ref_stg_customers_.430bf21500: /* {"app": "dbt", "dbt_version": "1.8.8", "profile_name": "dq_project", "target_name": "dev", "node_id": "test.dq_project.relationships_stg_orders_customer_id__customer_id__ref_stg_customers_.430bf21500"} */
select
      count(*) as failures,
      count(*) != 0 as should_warn,
      count(*) != 0 as should_error
    from (
      
    
    

with child as (
    select customer_id as from_field
    from "dq_db"."analytics_staging"."stg_orders"
    where customer_id is not null
),

parent as (
    select customer_id as to_field
    from "dq_db"."analytics_staging"."stg_customers"
)

select
    from_field

from child
left join parent
    on child.from_field = parent.to_field

where parent.to_field is null



      
    ) dbt_internal_test
[0m17:07:26.535680 [debug] [Thread-2 (]: Database Error in test not_null_stg_orders_order_id (models\staging\schema.yml)
  relation "analytics_staging.stg_orders" does not exist
  LINE 14: from "dq_db"."analytics_staging"."stg_orders"
                ^
  compiled code at target\run\dq_project\models\staging\schema.yml\not_null_stg_orders_order_id.sql
[0m17:07:26.535680 [debug] [Thread-4 (]: Postgres adapter: Postgres error: relation "analytics_staging.stg_orders" does not exist
LINE 13:     from "dq_db"."analytics_staging"."stg_orders"
                  ^

[0m17:07:26.535680 [error] [Thread-2 (]: 5 of 8 ERROR not_null_stg_orders_order_id ...................................... [[31mERROR[0m in 0.06s]
[0m17:07:26.535680 [debug] [Thread-4 (]: On test.dq_project.relationships_stg_orders_customer_id__customer_id__ref_stg_customers_.430bf21500: ROLLBACK
[0m17:07:26.535680 [debug] [Thread-2 (]: Finished running node test.dq_project.not_null_stg_orders_order_id.81cfe2fe64
[0m17:07:26.535680 [debug] [Thread-3 (]: SQL status: BEGIN in 0.023 seconds
[0m17:07:26.539737 [debug] [Thread-3 (]: Using postgres connection "test.dq_project.not_null_stg_orders_status.2b01eecbd6"
[0m17:07:26.539737 [debug] [Thread-4 (]: On test.dq_project.relationships_stg_orders_customer_id__customer_id__ref_stg_customers_.430bf21500: Close
[0m17:07:26.539737 [debug] [Thread-3 (]: On test.dq_project.not_null_stg_orders_status.2b01eecbd6: /* {"app": "dbt", "dbt_version": "1.8.8", "profile_name": "dq_project", "target_name": "dev", "node_id": "test.dq_project.not_null_stg_orders_status.2b01eecbd6"} */
select
      count(*) as failures,
      count(*) != 0 as should_warn,
      count(*) != 0 as should_error
    from (
      
    
    



select status
from "dq_db"."analytics_staging"."stg_orders"
where status is null



      
    ) dbt_internal_test
[0m17:07:26.539737 [debug] [Thread-4 (]: Database Error in test relationships_stg_orders_customer_id__customer_id__ref_stg_customers_ (models\staging\schema.yml)
  relation "analytics_staging.stg_orders" does not exist
  LINE 13:     from "dq_db"."analytics_staging"."stg_orders"
                    ^
  compiled code at target\run\dq_project\models\staging\schema.yml\relationships_stg_orders_96411fe0c89b49c3f4da955dfd358ba0.sql
[0m17:07:26.539737 [debug] [Thread-3 (]: Postgres adapter: Postgres error: relation "analytics_staging.stg_orders" does not exist
LINE 14: from "dq_db"."analytics_staging"."stg_orders"
              ^

[0m17:07:26.545602 [debug] [Thread-1 (]: SQL status: BEGIN in 0.029 seconds
[0m17:07:26.545602 [debug] [Thread-3 (]: On test.dq_project.not_null_stg_orders_status.2b01eecbd6: ROLLBACK
[0m17:07:26.545602 [error] [Thread-4 (]: 7 of 8 ERROR relationships_stg_orders_customer_id__customer_id__ref_stg_customers_  [[31mERROR[0m in 0.07s]
[0m17:07:26.545602 [debug] [Thread-1 (]: Using postgres connection "test.dq_project.unique_stg_orders_order_id.e3b841c71a"
[0m17:07:26.545602 [debug] [Thread-4 (]: Finished running node test.dq_project.relationships_stg_orders_customer_id__customer_id__ref_stg_customers_.430bf21500
[0m17:07:26.545602 [debug] [Thread-1 (]: On test.dq_project.unique_stg_orders_order_id.e3b841c71a: /* {"app": "dbt", "dbt_version": "1.8.8", "profile_name": "dq_project", "target_name": "dev", "node_id": "test.dq_project.unique_stg_orders_order_id.e3b841c71a"} */
select
      count(*) as failures,
      count(*) != 0 as should_warn,
      count(*) != 0 as should_error
    from (
      
    
    

select
    order_id as unique_field,
    count(*) as n_records

from "dq_db"."analytics_staging"."stg_orders"
where order_id is not null
group by order_id
having count(*) > 1



      
    ) dbt_internal_test
[0m17:07:26.545602 [debug] [Thread-3 (]: On test.dq_project.not_null_stg_orders_status.2b01eecbd6: Close
[0m17:07:26.545602 [debug] [Thread-1 (]: Postgres adapter: Postgres error: relation "analytics_staging.stg_orders" does not exist
LINE 15: from "dq_db"."analytics_staging"."stg_orders"
              ^

[0m17:07:26.551350 [debug] [Thread-1 (]: On test.dq_project.unique_stg_orders_order_id.e3b841c71a: ROLLBACK
[0m17:07:26.551350 [debug] [Thread-3 (]: Database Error in test not_null_stg_orders_status (models\staging\schema.yml)
  relation "analytics_staging.stg_orders" does not exist
  LINE 14: from "dq_db"."analytics_staging"."stg_orders"
                ^
  compiled code at target\run\dq_project\models\staging\schema.yml\not_null_stg_orders_status.sql
[0m17:07:26.551350 [debug] [Thread-1 (]: On test.dq_project.unique_stg_orders_order_id.e3b841c71a: Close
[0m17:07:26.551350 [error] [Thread-3 (]: 6 of 8 ERROR not_null_stg_orders_status ........................................ [[31mERROR[0m in 0.08s]
[0m17:07:26.551350 [debug] [Thread-3 (]: Finished running node test.dq_project.not_null_stg_orders_status.2b01eecbd6
[0m17:07:26.551350 [debug] [Thread-1 (]: Database Error in test unique_stg_orders_order_id (models\staging\schema.yml)
  relation "analytics_staging.stg_orders" does not exist
  LINE 15: from "dq_db"."analytics_staging"."stg_orders"
                ^
  compiled code at target\run\dq_project\models\staging\schema.yml\unique_stg_orders_order_id.sql
[0m17:07:26.551350 [error] [Thread-1 (]: 8 of 8 ERROR unique_stg_orders_order_id ........................................ [[31mERROR[0m in 0.08s]
[0m17:07:26.551350 [debug] [Thread-1 (]: Finished running node test.dq_project.unique_stg_orders_order_id.e3b841c71a
[0m17:07:26.551350 [debug] [MainThread]: Using postgres connection "master"
[0m17:07:26.559703 [debug] [MainThread]: On master: BEGIN
[0m17:07:26.559703 [debug] [MainThread]: Opening a new connection, currently in state closed
[0m17:07:26.579628 [debug] [MainThread]: SQL status: BEGIN in 0.028 seconds
[0m17:07:26.579628 [debug] [MainThread]: On master: COMMIT
[0m17:07:26.579628 [debug] [MainThread]: Using postgres connection "master"
[0m17:07:26.579628 [debug] [MainThread]: On master: COMMIT
[0m17:07:26.579628 [debug] [MainThread]: SQL status: COMMIT in 0.000 seconds
[0m17:07:26.579628 [debug] [MainThread]: On master: Close
[0m17:07:26.589819 [debug] [MainThread]: Connection 'master' was properly closed.
[0m17:07:26.589819 [debug] [MainThread]: Connection 'list_dq_db_analytics_staging' was properly closed.
[0m17:07:26.589819 [debug] [MainThread]: Connection 'test.dq_project.unique_stg_orders_order_id.e3b841c71a' was properly closed.
[0m17:07:26.589819 [debug] [MainThread]: Connection 'test.dq_project.not_null_stg_orders_order_id.81cfe2fe64' was properly closed.
[0m17:07:26.589819 [debug] [MainThread]: Connection 'test.dq_project.not_null_stg_orders_status.2b01eecbd6' was properly closed.
[0m17:07:26.589819 [debug] [MainThread]: Connection 'test.dq_project.relationships_stg_orders_customer_id__customer_id__ref_stg_customers_.430bf21500' was properly closed.
[0m17:07:26.589819 [info ] [MainThread]: 
[0m17:07:26.589819 [info ] [MainThread]: Finished running 8 data tests in 0 hours 0 minutes and 0.35 seconds (0.35s).
[0m17:07:26.593407 [debug] [MainThread]: Command end result
[0m17:07:26.683380 [info ] [MainThread]: 
[0m17:07:26.683380 [info ] [MainThread]: [31mCompleted with 8 errors and 0 warnings:[0m
[0m17:07:26.683380 [info ] [MainThread]: 
[0m17:07:26.685906 [error] [MainThread]:   Database Error in test assert_no_negative_order_amounts (tests\assert_no_negative_order_amounts.sql)
  relation "analytics_staging.stg_orders" does not exist
  LINE 11: from "dq_db"."analytics_staging"."stg_orders"
                ^
  compiled code at target\run\dq_project\tests\assert_no_negative_order_amounts.sql
[0m17:07:26.685906 [info ] [MainThread]: 
[0m17:07:26.685906 [error] [MainThread]:   Database Error in test not_null_stg_orders_amount (models\staging\schema.yml)
  relation "analytics_staging.stg_orders" does not exist
  LINE 14: from "dq_db"."analytics_staging"."stg_orders"
                ^
  compiled code at target\run\dq_project\models\staging\schema.yml\not_null_stg_orders_amount.sql
[0m17:07:26.685906 [info ] [MainThread]: 
[0m17:07:26.685906 [error] [MainThread]:   Database Error in test not_null_stg_orders_customer_id (models\staging\schema.yml)
  relation "analytics_staging.stg_orders" does not exist
  LINE 14: from "dq_db"."analytics_staging"."stg_orders"
                ^
  compiled code at target\run\dq_project\models\staging\schema.yml\not_null_stg_orders_customer_id.sql
[0m17:07:26.685906 [info ] [MainThread]: 
[0m17:07:26.687954 [error] [MainThread]:   Database Error in test accepted_values_stg_orders_status__placed__shipped__delivered__cancelled__returned (models\staging\schema.yml)
  relation "analytics_staging.stg_orders" does not exist
  LINE 17:     from "dq_db"."analytics_staging"."stg_orders"
                    ^
  compiled code at target\run\dq_project\models\staging\schema.yml\accepted_values_stg_orders_baa1d81332b3755c5b189103b7711b6d.sql
[0m17:07:26.687954 [info ] [MainThread]: 
[0m17:07:26.687954 [error] [MainThread]:   Database Error in test not_null_stg_orders_order_id (models\staging\schema.yml)
  relation "analytics_staging.stg_orders" does not exist
  LINE 14: from "dq_db"."analytics_staging"."stg_orders"
                ^
  compiled code at target\run\dq_project\models\staging\schema.yml\not_null_stg_orders_order_id.sql
[0m17:07:26.687954 [info ] [MainThread]: 
[0m17:07:26.687954 [error] [MainThread]:   Database Error in test relationships_stg_orders_customer_id__customer_id__ref_stg_customers_ (models\staging\schema.yml)
  relation "analytics_staging.stg_orders" does not exist
  LINE 13:     from "dq_db"."analytics_staging"."stg_orders"
                    ^
  compiled code at target\run\dq_project\models\staging\schema.yml\relationships_stg_orders_96411fe0c89b49c3f4da955dfd358ba0.sql
[0m17:07:26.687954 [info ] [MainThread]: 
[0m17:07:26.689596 [error] [MainThread]:   Database Error in test not_null_stg_orders_status (models\staging\schema.yml)
  relation "analytics_staging.stg_orders" does not exist
  LINE 14: from "dq_db"."analytics_staging"."stg_orders"
                ^
  compiled code at target\run\dq_project\models\staging\schema.yml\not_null_stg_orders_status.sql
[0m17:07:26.689596 [info ] [MainThread]: 
[0m17:07:26.689596 [error] [MainThread]:   Database Error in test unique_stg_orders_order_id (models\staging\schema.yml)
  relation "analytics_staging.stg_orders" does not exist
  LINE 15: from "dq_db"."analytics_staging"."stg_orders"
                ^
  compiled code at target\run\dq_project\models\staging\schema.yml\unique_stg_orders_order_id.sql
[0m17:07:26.689596 [info ] [MainThread]: 
[0m17:07:26.689596 [info ] [MainThread]: Done. PASS=0 WARN=0 ERROR=8 SKIP=0 TOTAL=8
[0m17:07:26.689596 [debug] [MainThread]: Command `dbt test` failed at 17:07:26.689596 after 1.10 seconds
[0m17:07:26.689596 [debug] [MainThread]: Sending event: {'category': 'dbt', 'action': 'invocation', 'label': 'end', 'context': [<snowplow_tracker.self_describing_json.SelfDescribingJson object at 0x0000028CE7B3BE60>, <snowplow_tracker.self_describing_json.SelfDescribingJson object at 0x0000028CE985DE80>, <snowplow_tracker.self_describing_json.SelfDescribingJson object at 0x0000028CE985D5B0>]}
[0m17:07:26.689596 [debug] [MainThread]: Flushing usage events
[0m17:07:30.902168 [debug] [MainThread]: Sending event: {'category': 'dbt', 'action': 'invocation', 'label': 'start', 'context': [<snowplow_tracker.self_describing_json.SelfDescribingJson object at 0x00000211BC2284D0>, <snowplow_tracker.self_describing_json.SelfDescribingJson object at 0x00000211BC228440>, <snowplow_tracker.self_describing_json.SelfDescribingJson object at 0x00000211BC228380>]}


============================== 17:07:30.909912 | f572f147-1e26-4faa-b97a-02e03ae95496 ==============================
[0m17:07:30.909912 [info ] [MainThread]: Running with dbt=1.8.8
[0m17:07:30.910471 [debug] [MainThread]: running dbt with arguments {'printer_width': '80', 'indirect_selection': 'eager', 'log_cache_events': 'False', 'write_json': 'True', 'partial_parse': 'True', 'cache_selected_only': 'False', 'profiles_dir': 'C:\\Users\\gsuji\\Downloads\\Data-Quality-Testing-Framework\\dbt_project', 'fail_fast': 'False', 'warn_error': 'None', 'log_path': 'C:\\Users\\gsuji\\Downloads\\Data-Quality-Testing-Framework\\dbt_project\\logs', 'debug': 'False', 'version_check': 'True', 'use_colors': 'True', 'use_experimental_parser': 'False', 'no_print': 'None', 'quiet': 'False', 'empty': 'None', 'log_format': 'default', 'invocation_command': 'dbt test --select stg_orders --project-dir C:\\Users\\gsuji\\Downloads\\Data-Quality-Testing-Framework\\dbt_project --profiles-dir C:\\Users\\gsuji\\Downloads\\Data-Quality-Testing-Framework\\dbt_project', 'warn_error_options': 'WarnErrorOptions(include=[], exclude=[])', 'introspect': 'True', 'target_path': 'None', 'static_parser': 'True', 'send_anonymous_usage_stats': 'True'}
[0m17:07:31.119676 [debug] [MainThread]: Sending event: {'category': 'dbt', 'action': 'project_id', 'label': 'f572f147-1e26-4faa-b97a-02e03ae95496', 'context': [<snowplow_tracker.self_describing_json.SelfDescribingJson object at 0x00000211BB24F1D0>]}
[0m17:07:31.270264 [debug] [MainThread]: Sending event: {'category': 'dbt', 'action': 'adapter_info', 'label': 'f572f147-1e26-4faa-b97a-02e03ae95496', 'context': [<snowplow_tracker.self_describing_json.SelfDescribingJson object at 0x00000211BBD63BF0>]}
[0m17:07:31.271365 [info ] [MainThread]: Registered adapter: postgres=1.8.2
[0m17:07:31.279622 [debug] [MainThread]: checksum: ec53e341a936509427e16df1c646386a84befec52c1957e3f4359fbc36fc93f5, vars: {}, profile: , target: , version: 1.8.8
[0m17:07:31.503793 [debug] [MainThread]: Partial parsing enabled: 0 files deleted, 0 files added, 0 files changed.
[0m17:07:31.503793 [debug] [MainThread]: Partial parsing enabled, no changes found, skipping parsing
[0m17:07:31.539840 [debug] [MainThread]: Sending event: {'category': 'dbt', 'action': 'load_project', 'label': 'f572f147-1e26-4faa-b97a-02e03ae95496', 'context': [<snowplow_tracker.self_describing_json.SelfDescribingJson object at 0x00000211BDA44BC0>]}
[0m17:07:31.635674 [debug] [MainThread]: Sending event: {'category': 'dbt', 'action': 'resource_counts', 'label': 'f572f147-1e26-4faa-b97a-02e03ae95496', 'context': [<snowplow_tracker.self_describing_json.SelfDescribingJson object at 0x00000211BDDDE360>]}
[0m17:07:31.635674 [info ] [MainThread]: Found 2 models, 14 data tests, 424 macros
[0m17:07:31.635674 [debug] [MainThread]: Sending event: {'category': 'dbt', 'action': 'runnable_timing', 'label': 'f572f147-1e26-4faa-b97a-02e03ae95496', 'context': [<snowplow_tracker.self_describing_json.SelfDescribingJson object at 0x00000211BDA44A70>]}
[0m17:07:31.635674 [info ] [MainThread]: 
[0m17:07:31.635674 [debug] [MainThread]: Acquiring new postgres connection 'master'
[0m17:07:31.641602 [debug] [ThreadPool]: Acquiring new postgres connection 'list_dq_db_analytics_staging'
[0m17:07:31.689749 [debug] [ThreadPool]: Using postgres connection "list_dq_db_analytics_staging"
[0m17:07:31.689749 [debug] [ThreadPool]: On list_dq_db_analytics_staging: BEGIN
[0m17:07:31.695569 [debug] [ThreadPool]: Opening a new connection, currently in state init
[0m17:07:31.709710 [debug] [ThreadPool]: SQL status: BEGIN in 0.020 seconds
[0m17:07:31.709710 [debug] [ThreadPool]: Using postgres connection "list_dq_db_analytics_staging"
[0m17:07:31.709710 [debug] [ThreadPool]: On list_dq_db_analytics_staging: /* {"app": "dbt", "dbt_version": "1.8.8", "profile_name": "dq_project", "target_name": "dev", "connection_name": "list_dq_db_analytics_staging"} */
select
      'dq_db' as database,
      tablename as name,
      schemaname as schema,
      'table' as type
    from pg_tables
    where schemaname ilike 'analytics_staging'
    union all
    select
      'dq_db' as database,
      viewname as name,
      schemaname as schema,
      'view' as type
    from pg_views
    where schemaname ilike 'analytics_staging'
    union all
    select
      'dq_db' as database,
      matviewname as name,
      schemaname as schema,
      'materialized_view' as type
    from pg_matviews
    where schemaname ilike 'analytics_staging'
  
[0m17:07:31.719667 [debug] [ThreadPool]: SQL status: SELECT 0 in 0.004 seconds
[0m17:07:31.725741 [debug] [ThreadPool]: On list_dq_db_analytics_staging: ROLLBACK
[0m17:07:31.729799 [debug] [ThreadPool]: On list_dq_db_analytics_staging: Close
[0m17:07:31.735026 [debug] [MainThread]: Using postgres connection "master"
[0m17:07:31.735026 [debug] [MainThread]: On master: BEGIN
[0m17:07:31.741741 [debug] [MainThread]: Opening a new connection, currently in state init
[0m17:07:31.791841 [debug] [MainThread]: SQL status: BEGIN in 0.053 seconds
[0m17:07:31.791841 [debug] [MainThread]: Using postgres connection "master"
[0m17:07:31.791841 [debug] [MainThread]: On master: /* {"app": "dbt", "dbt_version": "1.8.8", "profile_name": "dq_project", "target_name": "dev", "connection_name": "master"} */
with relation as (
        select
            pg_rewrite.ev_class as class,
            pg_rewrite.oid as id
        from pg_rewrite
    ),
    class as (
        select
            oid as id,
            relname as name,
            relnamespace as schema,
            relkind as kind
        from pg_class
    ),
    dependency as (
        select distinct
            pg_depend.objid as id,
            pg_depend.refobjid as ref
        from pg_depend
    ),
    schema as (
        select
            pg_namespace.oid as id,
            pg_namespace.nspname as name
        from pg_namespace
        where nspname != 'information_schema' and nspname not like 'pg\_%'
    ),
    referenced as (
        select
            relation.id AS id,
            referenced_class.name ,
            referenced_class.schema ,
            referenced_class.kind
        from relation
        join class as referenced_class on relation.class=referenced_class.id
        where referenced_class.kind in ('r', 'v', 'm')
    ),
    relationships as (
        select
            referenced.name as referenced_name,
            referenced.schema as referenced_schema_id,
            dependent_class.name as dependent_name,
            dependent_class.schema as dependent_schema_id,
            referenced.kind as kind
        from referenced
        join dependency on referenced.id=dependency.id
        join class as dependent_class on dependency.ref=dependent_class.id
        where
            (referenced.name != dependent_class.name or
             referenced.schema != dependent_class.schema)
    )

    select
        referenced_schema.name as referenced_schema,
        relationships.referenced_name as referenced_name,
        dependent_schema.name as dependent_schema,
        relationships.dependent_name as dependent_name
    from relationships
    join schema as dependent_schema on relationships.dependent_schema_id=dependent_schema.id
    join schema as referenced_schema on relationships.referenced_schema_id=referenced_schema.id
    group by referenced_schema, referenced_name, dependent_schema, dependent_name
    order by referenced_schema, referenced_name, dependent_schema, dependent_name;
[0m17:07:31.799655 [debug] [MainThread]: SQL status: SELECT 0 in 0.003 seconds
[0m17:07:31.799655 [debug] [MainThread]: Sending event: {'category': 'dbt', 'action': 'runnable_timing', 'label': 'f572f147-1e26-4faa-b97a-02e03ae95496', 'context': [<snowplow_tracker.self_describing_json.SelfDescribingJson object at 0x00000211BDA19DF0>]}
[0m17:07:31.799655 [debug] [MainThread]: On master: ROLLBACK
[0m17:07:31.810062 [debug] [MainThread]: Using postgres connection "master"
[0m17:07:31.819920 [debug] [MainThread]: On master: BEGIN
[0m17:07:31.831974 [debug] [MainThread]: SQL status: BEGIN in 0.010 seconds
[0m17:07:31.833484 [debug] [MainThread]: On master: COMMIT
[0m17:07:31.833484 [debug] [MainThread]: Using postgres connection "master"
[0m17:07:31.833484 [debug] [MainThread]: On master: COMMIT
[0m17:07:31.833484 [debug] [MainThread]: SQL status: COMMIT in 0.001 seconds
[0m17:07:31.833484 [debug] [MainThread]: On master: Close
[0m17:07:31.833484 [info ] [MainThread]: Concurrency: 4 threads (target='dev')
[0m17:07:31.838911 [info ] [MainThread]: 
[0m17:07:31.845925 [debug] [Thread-1 (]: Began running node test.dq_project.accepted_values_stg_orders_status__placed__shipped__delivered__cancelled__returned.c02af3e6b1
[0m17:07:31.846500 [debug] [Thread-2 (]: Began running node test.dq_project.assert_no_negative_order_amounts
[0m17:07:31.847604 [debug] [Thread-3 (]: Began running node test.dq_project.not_null_stg_orders_amount.2546645448
[0m17:07:31.848682 [debug] [Thread-4 (]: Began running node test.dq_project.not_null_stg_orders_customer_id.af79d5e4b5
[0m17:07:31.848134 [info ] [Thread-1 (]: 1 of 8 START test accepted_values_stg_orders_status__placed__shipped__delivered__cancelled__returned  [RUN]
[0m17:07:31.850757 [info ] [Thread-2 (]: 2 of 8 START test assert_no_negative_order_amounts ............................. [RUN]
[0m17:07:31.857903 [info ] [Thread-3 (]: 3 of 8 START test not_null_stg_orders_amount ................................... [RUN]
[0m17:07:31.860453 [info ] [Thread-4 (]: 4 of 8 START test not_null_stg_orders_customer_id .............................. [RUN]
[0m17:07:31.867813 [debug] [Thread-1 (]: Acquiring new postgres connection 'test.dq_project.accepted_values_stg_orders_status__placed__shipped__delivered__cancelled__returned.c02af3e6b1'
[0m17:07:31.871371 [debug] [Thread-2 (]: Acquiring new postgres connection 'test.dq_project.assert_no_negative_order_amounts'
[0m17:07:31.872263 [debug] [Thread-3 (]: Acquiring new postgres connection 'test.dq_project.not_null_stg_orders_amount.2546645448'
[0m17:07:31.872263 [debug] [Thread-4 (]: Acquiring new postgres connection 'test.dq_project.not_null_stg_orders_customer_id.af79d5e4b5'
[0m17:07:31.877872 [debug] [Thread-1 (]: Began compiling node test.dq_project.accepted_values_stg_orders_status__placed__shipped__delivered__cancelled__returned.c02af3e6b1
[0m17:07:31.879910 [debug] [Thread-2 (]: Began compiling node test.dq_project.assert_no_negative_order_amounts
[0m17:07:31.879910 [debug] [Thread-3 (]: Began compiling node test.dq_project.not_null_stg_orders_amount.2546645448
[0m17:07:31.879910 [debug] [Thread-4 (]: Began compiling node test.dq_project.not_null_stg_orders_customer_id.af79d5e4b5
[0m17:07:31.899986 [debug] [Thread-1 (]: Writing injected SQL for node "test.dq_project.accepted_values_stg_orders_status__placed__shipped__delivered__cancelled__returned.c02af3e6b1"
[0m17:07:31.899986 [debug] [Thread-2 (]: Writing injected SQL for node "test.dq_project.assert_no_negative_order_amounts"
[0m17:07:31.909857 [debug] [Thread-3 (]: Writing injected SQL for node "test.dq_project.not_null_stg_orders_amount.2546645448"
[0m17:07:31.913560 [debug] [Thread-4 (]: Writing injected SQL for node "test.dq_project.not_null_stg_orders_customer_id.af79d5e4b5"
[0m17:07:31.913560 [debug] [Thread-1 (]: Began executing node test.dq_project.accepted_values_stg_orders_status__placed__shipped__delivered__cancelled__returned.c02af3e6b1
[0m17:07:31.927864 [debug] [Thread-1 (]: Writing runtime sql for node "test.dq_project.accepted_values_stg_orders_status__placed__shipped__delivered__cancelled__returned.c02af3e6b1"
[0m17:07:31.927864 [debug] [Thread-3 (]: Began executing node test.dq_project.not_null_stg_orders_amount.2546645448
[0m17:07:31.927864 [debug] [Thread-2 (]: Began executing node test.dq_project.assert_no_negative_order_amounts
[0m17:07:31.929875 [debug] [Thread-3 (]: Writing runtime sql for node "test.dq_project.not_null_stg_orders_amount.2546645448"
[0m17:07:31.929875 [debug] [Thread-4 (]: Began executing node test.dq_project.not_null_stg_orders_customer_id.af79d5e4b5
[0m17:07:31.929875 [debug] [Thread-2 (]: Writing runtime sql for node "test.dq_project.assert_no_negative_order_amounts"
[0m17:07:31.935855 [debug] [Thread-4 (]: Writing runtime sql for node "test.dq_project.not_null_stg_orders_customer_id.af79d5e4b5"
[0m17:07:31.935855 [debug] [Thread-3 (]: Using postgres connection "test.dq_project.not_null_stg_orders_amount.2546645448"
[0m17:07:31.935855 [debug] [Thread-3 (]: On test.dq_project.not_null_stg_orders_amount.2546645448: BEGIN
[0m17:07:31.935855 [debug] [Thread-3 (]: Opening a new connection, currently in state init
[0m17:07:31.935855 [debug] [Thread-1 (]: Using postgres connection "test.dq_project.accepted_values_stg_orders_status__placed__shipped__delivered__cancelled__returned.c02af3e6b1"
[0m17:07:31.935855 [debug] [Thread-1 (]: On test.dq_project.accepted_values_stg_orders_status__placed__shipped__delivered__cancelled__returned.c02af3e6b1: BEGIN
[0m17:07:31.935855 [debug] [Thread-2 (]: Using postgres connection "test.dq_project.assert_no_negative_order_amounts"
[0m17:07:31.935855 [debug] [Thread-1 (]: Opening a new connection, currently in state init
[0m17:07:31.935855 [debug] [Thread-4 (]: Using postgres connection "test.dq_project.not_null_stg_orders_customer_id.af79d5e4b5"
[0m17:07:31.941263 [debug] [Thread-2 (]: On test.dq_project.assert_no_negative_order_amounts: BEGIN
[0m17:07:31.941263 [debug] [Thread-4 (]: On test.dq_project.not_null_stg_orders_customer_id.af79d5e4b5: BEGIN
[0m17:07:31.941263 [debug] [Thread-2 (]: Opening a new connection, currently in state init
[0m17:07:31.941263 [debug] [Thread-4 (]: Opening a new connection, currently in state init
[0m17:07:31.959324 [debug] [Thread-1 (]: SQL status: BEGIN in 0.019 seconds
[0m17:07:31.960009 [debug] [Thread-1 (]: Using postgres connection "test.dq_project.accepted_values_stg_orders_status__placed__shipped__delivered__cancelled__returned.c02af3e6b1"
[0m17:07:31.960009 [debug] [Thread-1 (]: On test.dq_project.accepted_values_stg_orders_status__placed__shipped__delivered__cancelled__returned.c02af3e6b1: /* {"app": "dbt", "dbt_version": "1.8.8", "profile_name": "dq_project", "target_name": "dev", "node_id": "test.dq_project.accepted_values_stg_orders_status__placed__shipped__delivered__cancelled__returned.c02af3e6b1"} */
select
      count(*) as failures,
      count(*) != 0 as should_warn,
      count(*) != 0 as should_error
    from (
      
    
    

with all_values as (

    select
        status as value_field,
        count(*) as n_records

    from "dq_db"."analytics_staging"."stg_orders"
    group by status

)

select *
from all_values
where value_field not in (
    'placed','shipped','delivered','cancelled','returned'
)



      
    ) dbt_internal_test
[0m17:07:31.960009 [debug] [Thread-4 (]: SQL status: BEGIN in 0.019 seconds
[0m17:07:31.960009 [debug] [Thread-4 (]: Using postgres connection "test.dq_project.not_null_stg_orders_customer_id.af79d5e4b5"
[0m17:07:31.960009 [debug] [Thread-1 (]: Postgres adapter: Postgres error: relation "analytics_staging.stg_orders" does not exist
LINE 17:     from "dq_db"."analytics_staging"."stg_orders"
                  ^

[0m17:07:31.964022 [debug] [Thread-4 (]: On test.dq_project.not_null_stg_orders_customer_id.af79d5e4b5: /* {"app": "dbt", "dbt_version": "1.8.8", "profile_name": "dq_project", "target_name": "dev", "node_id": "test.dq_project.not_null_stg_orders_customer_id.af79d5e4b5"} */
select
      count(*) as failures,
      count(*) != 0 as should_warn,
      count(*) != 0 as should_error
    from (
      
    
    



select customer_id
from "dq_db"."analytics_staging"."stg_orders"
where customer_id is null



      
    ) dbt_internal_test
[0m17:07:31.964022 [debug] [Thread-1 (]: On test.dq_project.accepted_values_stg_orders_status__placed__shipped__delivered__cancelled__returned.c02af3e6b1: ROLLBACK
[0m17:07:31.964022 [debug] [Thread-2 (]: SQL status: BEGIN in 0.022 seconds
[0m17:07:31.964022 [debug] [Thread-2 (]: Using postgres connection "test.dq_project.assert_no_negative_order_amounts"
[0m17:07:31.964022 [debug] [Thread-2 (]: On test.dq_project.assert_no_negative_order_amounts: /* {"app": "dbt", "dbt_version": "1.8.8", "profile_name": "dq_project", "target_name": "dev", "node_id": "test.dq_project.assert_no_negative_order_amounts"} */
select
      count(*) as failures,
      count(*) != 0 as should_warn,
      count(*) != 0 as should_error
    from (
      -- Singular test: fails (returns rows) if any order has a negative amount.
-- dbt tests "pass" when the query returns zero rows.

select order_id, amount
from "dq_db"."analytics_staging"."stg_orders"
where amount < 0
      
    ) dbt_internal_test
[0m17:07:31.964022 [debug] [Thread-4 (]: Postgres adapter: Postgres error: relation "analytics_staging.stg_orders" does not exist
LINE 14: from "dq_db"."analytics_staging"."stg_orders"
              ^

[0m17:07:31.964022 [debug] [Thread-1 (]: On test.dq_project.accepted_values_stg_orders_status__placed__shipped__delivered__cancelled__returned.c02af3e6b1: Close
[0m17:07:31.964022 [debug] [Thread-4 (]: On test.dq_project.not_null_stg_orders_customer_id.af79d5e4b5: ROLLBACK
[0m17:07:31.964022 [debug] [Thread-2 (]: Postgres adapter: Postgres error: relation "analytics_staging.stg_orders" does not exist
LINE 11: from "dq_db"."analytics_staging"."stg_orders"
              ^

[0m17:07:31.964022 [debug] [Thread-2 (]: On test.dq_project.assert_no_negative_order_amounts: ROLLBACK
[0m17:07:31.964022 [debug] [Thread-4 (]: On test.dq_project.not_null_stg_orders_customer_id.af79d5e4b5: Close
[0m17:07:31.964022 [debug] [Thread-2 (]: On test.dq_project.assert_no_negative_order_amounts: Close
[0m17:07:31.964022 [debug] [Thread-3 (]: SQL status: BEGIN in 0.036 seconds
[0m17:07:31.974375 [debug] [Thread-3 (]: Using postgres connection "test.dq_project.not_null_stg_orders_amount.2546645448"
[0m17:07:31.974375 [debug] [Thread-3 (]: On test.dq_project.not_null_stg_orders_amount.2546645448: /* {"app": "dbt", "dbt_version": "1.8.8", "profile_name": "dq_project", "target_name": "dev", "node_id": "test.dq_project.not_null_stg_orders_amount.2546645448"} */
select
      count(*) as failures,
      count(*) != 0 as should_warn,
      count(*) != 0 as should_error
    from (
      
    
    



select amount
from "dq_db"."analytics_staging"."stg_orders"
where amount is null



      
    ) dbt_internal_test
[0m17:07:31.978857 [debug] [Thread-3 (]: Postgres adapter: Postgres error: relation "analytics_staging.stg_orders" does not exist
LINE 14: from "dq_db"."analytics_staging"."stg_orders"
              ^

[0m17:07:31.980239 [debug] [Thread-3 (]: On test.dq_project.not_null_stg_orders_amount.2546645448: ROLLBACK
[0m17:07:31.980239 [debug] [Thread-3 (]: On test.dq_project.not_null_stg_orders_amount.2546645448: Close
[0m17:07:31.980239 [debug] [Thread-3 (]: Database Error in test not_null_stg_orders_amount (models\staging\schema.yml)
  relation "analytics_staging.stg_orders" does not exist
  LINE 14: from "dq_db"."analytics_staging"."stg_orders"
                ^
  compiled code at target\run\dq_project\models\staging\schema.yml\not_null_stg_orders_amount.sql
[0m17:07:31.989779 [debug] [Thread-4 (]: Database Error in test not_null_stg_orders_customer_id (models\staging\schema.yml)
  relation "analytics_staging.stg_orders" does not exist
  LINE 14: from "dq_db"."analytics_staging"."stg_orders"
                ^
  compiled code at target\run\dq_project\models\staging\schema.yml\not_null_stg_orders_customer_id.sql
[0m17:07:31.989779 [error] [Thread-3 (]: 3 of 8 ERROR not_null_stg_orders_amount ........................................ [[31mERROR[0m in 0.12s]
[0m17:07:31.989779 [error] [Thread-4 (]: 4 of 8 ERROR not_null_stg_orders_customer_id ................................... [[31mERROR[0m in 0.12s]
[0m17:07:31.989779 [debug] [Thread-1 (]: Database Error in test accepted_values_stg_orders_status__placed__shipped__delivered__cancelled__returned (models\staging\schema.yml)
  relation "analytics_staging.stg_orders" does not exist
  LINE 17:     from "dq_db"."analytics_staging"."stg_orders"
                    ^
  compiled code at target\run\dq_project\models\staging\schema.yml\accepted_values_stg_orders_baa1d81332b3755c5b189103b7711b6d.sql
[0m17:07:31.989779 [debug] [Thread-3 (]: Finished running node test.dq_project.not_null_stg_orders_amount.2546645448
[0m17:07:31.989779 [debug] [Thread-2 (]: Database Error in test assert_no_negative_order_amounts (tests\assert_no_negative_order_amounts.sql)
  relation "analytics_staging.stg_orders" does not exist
  LINE 11: from "dq_db"."analytics_staging"."stg_orders"
                ^
  compiled code at target\run\dq_project\tests\assert_no_negative_order_amounts.sql
[0m17:07:31.989779 [debug] [Thread-4 (]: Finished running node test.dq_project.not_null_stg_orders_customer_id.af79d5e4b5
[0m17:07:31.989779 [error] [Thread-1 (]: 1 of 8 ERROR accepted_values_stg_orders_status__placed__shipped__delivered__cancelled__returned  [[31mERROR[0m in 0.12s]
[0m17:07:31.989779 [debug] [Thread-3 (]: Began running node test.dq_project.not_null_stg_orders_order_id.81cfe2fe64
[0m17:07:31.989779 [error] [Thread-2 (]: 2 of 8 ERROR assert_no_negative_order_amounts .................................. [[31mERROR[0m in 0.12s]
[0m17:07:31.989779 [debug] [Thread-4 (]: Began running node test.dq_project.not_null_stg_orders_status.2b01eecbd6
[0m17:07:31.989779 [debug] [Thread-1 (]: Finished running node test.dq_project.accepted_values_stg_orders_status__placed__shipped__delivered__cancelled__returned.c02af3e6b1
[0m17:07:31.989779 [info ] [Thread-3 (]: 5 of 8 START test not_null_stg_orders_order_id ................................. [RUN]
[0m17:07:31.989779 [debug] [Thread-2 (]: Finished running node test.dq_project.assert_no_negative_order_amounts
[0m17:07:31.989779 [info ] [Thread-4 (]: 6 of 8 START test not_null_stg_orders_status ................................... [RUN]
[0m17:07:31.989779 [debug] [Thread-1 (]: Began running node test.dq_project.relationships_stg_orders_customer_id__customer_id__ref_stg_customers_.430bf21500
[0m17:07:31.999722 [debug] [Thread-3 (]: Re-using an available connection from the pool (formerly test.dq_project.not_null_stg_orders_amount.2546645448, now test.dq_project.not_null_stg_orders_order_id.81cfe2fe64)
[0m17:07:31.999722 [debug] [Thread-2 (]: Began running node test.dq_project.unique_stg_orders_order_id.e3b841c71a
[0m17:07:31.999722 [debug] [Thread-4 (]: Re-using an available connection from the pool (formerly test.dq_project.not_null_stg_orders_customer_id.af79d5e4b5, now test.dq_project.not_null_stg_orders_status.2b01eecbd6)
[0m17:07:31.999722 [info ] [Thread-1 (]: 7 of 8 START test relationships_stg_orders_customer_id__customer_id__ref_stg_customers_  [RUN]
[0m17:07:31.999722 [debug] [Thread-3 (]: Began compiling node test.dq_project.not_null_stg_orders_order_id.81cfe2fe64
[0m17:07:31.999722 [info ] [Thread-2 (]: 8 of 8 START test unique_stg_orders_order_id ................................... [RUN]
[0m17:07:31.999722 [debug] [Thread-4 (]: Began compiling node test.dq_project.not_null_stg_orders_status.2b01eecbd6
[0m17:07:31.999722 [debug] [Thread-1 (]: Re-using an available connection from the pool (formerly test.dq_project.accepted_values_stg_orders_status__placed__shipped__delivered__cancelled__returned.c02af3e6b1, now test.dq_project.relationships_stg_orders_customer_id__customer_id__ref_stg_customers_.430bf21500)
[0m17:07:32.005891 [debug] [Thread-3 (]: Writing injected SQL for node "test.dq_project.not_null_stg_orders_order_id.81cfe2fe64"
[0m17:07:32.005891 [debug] [Thread-2 (]: Re-using an available connection from the pool (formerly test.dq_project.assert_no_negative_order_amounts, now test.dq_project.unique_stg_orders_order_id.e3b841c71a)
[0m17:07:32.009817 [debug] [Thread-4 (]: Writing injected SQL for node "test.dq_project.not_null_stg_orders_status.2b01eecbd6"
[0m17:07:32.009817 [debug] [Thread-1 (]: Began compiling node test.dq_project.relationships_stg_orders_customer_id__customer_id__ref_stg_customers_.430bf21500
[0m17:07:32.009817 [debug] [Thread-2 (]: Began compiling node test.dq_project.unique_stg_orders_order_id.e3b841c71a
[0m17:07:32.013932 [debug] [Thread-1 (]: Writing injected SQL for node "test.dq_project.relationships_stg_orders_customer_id__customer_id__ref_stg_customers_.430bf21500"
[0m17:07:32.024154 [debug] [Thread-3 (]: Began executing node test.dq_project.not_null_stg_orders_order_id.81cfe2fe64
[0m17:07:32.024154 [debug] [Thread-2 (]: Writing injected SQL for node "test.dq_project.unique_stg_orders_order_id.e3b841c71a"
[0m17:07:32.024154 [debug] [Thread-3 (]: Writing runtime sql for node "test.dq_project.not_null_stg_orders_order_id.81cfe2fe64"
[0m17:07:32.024154 [debug] [Thread-4 (]: Began executing node test.dq_project.not_null_stg_orders_status.2b01eecbd6
[0m17:07:32.024154 [debug] [Thread-1 (]: Began executing node test.dq_project.relationships_stg_orders_customer_id__customer_id__ref_stg_customers_.430bf21500
[0m17:07:32.029966 [debug] [Thread-4 (]: Writing runtime sql for node "test.dq_project.not_null_stg_orders_status.2b01eecbd6"
[0m17:07:32.029966 [debug] [Thread-2 (]: Began executing node test.dq_project.unique_stg_orders_order_id.e3b841c71a
[0m17:07:32.029966 [debug] [Thread-1 (]: Writing runtime sql for node "test.dq_project.relationships_stg_orders_customer_id__customer_id__ref_stg_customers_.430bf21500"
[0m17:07:32.029966 [debug] [Thread-2 (]: Writing runtime sql for node "test.dq_project.unique_stg_orders_order_id.e3b841c71a"
[0m17:07:32.029966 [debug] [Thread-3 (]: Using postgres connection "test.dq_project.not_null_stg_orders_order_id.81cfe2fe64"
[0m17:07:32.029966 [debug] [Thread-3 (]: On test.dq_project.not_null_stg_orders_order_id.81cfe2fe64: BEGIN
[0m17:07:32.029966 [debug] [Thread-3 (]: Opening a new connection, currently in state closed
[0m17:07:32.029966 [debug] [Thread-1 (]: Using postgres connection "test.dq_project.relationships_stg_orders_customer_id__customer_id__ref_stg_customers_.430bf21500"
[0m17:07:32.029966 [debug] [Thread-1 (]: On test.dq_project.relationships_stg_orders_customer_id__customer_id__ref_stg_customers_.430bf21500: BEGIN
[0m17:07:32.029966 [debug] [Thread-1 (]: Opening a new connection, currently in state closed
[0m17:07:32.041479 [debug] [Thread-4 (]: Using postgres connection "test.dq_project.not_null_stg_orders_status.2b01eecbd6"
[0m17:07:32.041988 [debug] [Thread-4 (]: On test.dq_project.not_null_stg_orders_status.2b01eecbd6: BEGIN
[0m17:07:32.041988 [debug] [Thread-2 (]: Using postgres connection "test.dq_project.unique_stg_orders_order_id.e3b841c71a"
[0m17:07:32.044273 [debug] [Thread-4 (]: Opening a new connection, currently in state closed
[0m17:07:32.045780 [debug] [Thread-2 (]: On test.dq_project.unique_stg_orders_order_id.e3b841c71a: BEGIN
[0m17:07:32.045780 [debug] [Thread-2 (]: Opening a new connection, currently in state closed
[0m17:07:32.060586 [debug] [Thread-3 (]: SQL status: BEGIN in 0.022 seconds
[0m17:07:32.060586 [debug] [Thread-3 (]: Using postgres connection "test.dq_project.not_null_stg_orders_order_id.81cfe2fe64"
[0m17:07:32.060586 [debug] [Thread-1 (]: SQL status: BEGIN in 0.022 seconds
[0m17:07:32.063176 [debug] [Thread-3 (]: On test.dq_project.not_null_stg_orders_order_id.81cfe2fe64: /* {"app": "dbt", "dbt_version": "1.8.8", "profile_name": "dq_project", "target_name": "dev", "node_id": "test.dq_project.not_null_stg_orders_order_id.81cfe2fe64"} */
select
      count(*) as failures,
      count(*) != 0 as should_warn,
      count(*) != 0 as should_error
    from (
      
    
    



select order_id
from "dq_db"."analytics_staging"."stg_orders"
where order_id is null



      
    ) dbt_internal_test
[0m17:07:32.063176 [debug] [Thread-1 (]: Using postgres connection "test.dq_project.relationships_stg_orders_customer_id__customer_id__ref_stg_customers_.430bf21500"
[0m17:07:32.063176 [debug] [Thread-1 (]: On test.dq_project.relationships_stg_orders_customer_id__customer_id__ref_stg_customers_.430bf21500: /* {"app": "dbt", "dbt_version": "1.8.8", "profile_name": "dq_project", "target_name": "dev", "node_id": "test.dq_project.relationships_stg_orders_customer_id__customer_id__ref_stg_customers_.430bf21500"} */
select
      count(*) as failures,
      count(*) != 0 as should_warn,
      count(*) != 0 as should_error
    from (
      
    
    

with child as (
    select customer_id as from_field
    from "dq_db"."analytics_staging"."stg_orders"
    where customer_id is not null
),

parent as (
    select customer_id as to_field
    from "dq_db"."analytics_staging"."stg_customers"
)

select
    from_field

from child
left join parent
    on child.from_field = parent.to_field

where parent.to_field is null



      
    ) dbt_internal_test
[0m17:07:32.065612 [debug] [Thread-3 (]: Postgres adapter: Postgres error: relation "analytics_staging.stg_orders" does not exist
LINE 14: from "dq_db"."analytics_staging"."stg_orders"
              ^

[0m17:07:32.065612 [debug] [Thread-3 (]: On test.dq_project.not_null_stg_orders_order_id.81cfe2fe64: ROLLBACK
[0m17:07:32.067620 [debug] [Thread-1 (]: Postgres adapter: Postgres error: relation "analytics_staging.stg_orders" does not exist
LINE 13:     from "dq_db"."analytics_staging"."stg_orders"
                  ^

[0m17:07:32.067620 [debug] [Thread-1 (]: On test.dq_project.relationships_stg_orders_customer_id__customer_id__ref_stg_customers_.430bf21500: ROLLBACK
[0m17:07:32.067620 [debug] [Thread-3 (]: On test.dq_project.not_null_stg_orders_order_id.81cfe2fe64: Close
[0m17:07:32.069643 [debug] [Thread-2 (]: SQL status: BEGIN in 0.022 seconds
[0m17:07:32.069643 [debug] [Thread-2 (]: Using postgres connection "test.dq_project.unique_stg_orders_order_id.e3b841c71a"
[0m17:07:32.069643 [debug] [Thread-1 (]: On test.dq_project.relationships_stg_orders_customer_id__customer_id__ref_stg_customers_.430bf21500: Close
[0m17:07:32.069643 [debug] [Thread-2 (]: On test.dq_project.unique_stg_orders_order_id.e3b841c71a: /* {"app": "dbt", "dbt_version": "1.8.8", "profile_name": "dq_project", "target_name": "dev", "node_id": "test.dq_project.unique_stg_orders_order_id.e3b841c71a"} */
select
      count(*) as failures,
      count(*) != 0 as should_warn,
      count(*) != 0 as should_error
    from (
      
    
    

select
    order_id as unique_field,
    count(*) as n_records

from "dq_db"."analytics_staging"."stg_orders"
where order_id is not null
group by order_id
having count(*) > 1



      
    ) dbt_internal_test
[0m17:07:32.072784 [debug] [Thread-4 (]: SQL status: BEGIN in 0.028 seconds
[0m17:07:32.073432 [debug] [Thread-4 (]: Using postgres connection "test.dq_project.not_null_stg_orders_status.2b01eecbd6"
[0m17:07:32.073432 [debug] [Thread-4 (]: On test.dq_project.not_null_stg_orders_status.2b01eecbd6: /* {"app": "dbt", "dbt_version": "1.8.8", "profile_name": "dq_project", "target_name": "dev", "node_id": "test.dq_project.not_null_stg_orders_status.2b01eecbd6"} */
select
      count(*) as failures,
      count(*) != 0 as should_warn,
      count(*) != 0 as should_error
    from (
      
    
    



select status
from "dq_db"."analytics_staging"."stg_orders"
where status is null



      
    ) dbt_internal_test
[0m17:07:32.073432 [debug] [Thread-2 (]: Postgres adapter: Postgres error: relation "analytics_staging.stg_orders" does not exist
LINE 15: from "dq_db"."analytics_staging"."stg_orders"
              ^

[0m17:07:32.073432 [debug] [Thread-2 (]: On test.dq_project.unique_stg_orders_order_id.e3b841c71a: ROLLBACK
[0m17:07:32.073432 [debug] [Thread-3 (]: Database Error in test not_null_stg_orders_order_id (models\staging\schema.yml)
  relation "analytics_staging.stg_orders" does not exist
  LINE 14: from "dq_db"."analytics_staging"."stg_orders"
                ^
  compiled code at target\run\dq_project\models\staging\schema.yml\not_null_stg_orders_order_id.sql
[0m17:07:32.073432 [debug] [Thread-4 (]: Postgres adapter: Postgres error: relation "analytics_staging.stg_orders" does not exist
LINE 14: from "dq_db"."analytics_staging"."stg_orders"
              ^

[0m17:07:32.073432 [error] [Thread-3 (]: 5 of 8 ERROR not_null_stg_orders_order_id ...................................... [[31mERROR[0m in 0.07s]
[0m17:07:32.073432 [debug] [Thread-2 (]: On test.dq_project.unique_stg_orders_order_id.e3b841c71a: Close
[0m17:07:32.073432 [debug] [Thread-4 (]: On test.dq_project.not_null_stg_orders_status.2b01eecbd6: ROLLBACK
[0m17:07:32.080325 [debug] [Thread-3 (]: Finished running node test.dq_project.not_null_stg_orders_order_id.81cfe2fe64
[0m17:07:32.080325 [debug] [Thread-1 (]: Database Error in test relationships_stg_orders_customer_id__customer_id__ref_stg_customers_ (models\staging\schema.yml)
  relation "analytics_staging.stg_orders" does not exist
  LINE 13:     from "dq_db"."analytics_staging"."stg_orders"
                    ^
  compiled code at target\run\dq_project\models\staging\schema.yml\relationships_stg_orders_96411fe0c89b49c3f4da955dfd358ba0.sql
[0m17:07:32.082518 [debug] [Thread-4 (]: On test.dq_project.not_null_stg_orders_status.2b01eecbd6: Close
[0m17:07:32.082518 [error] [Thread-1 (]: 7 of 8 ERROR relationships_stg_orders_customer_id__customer_id__ref_stg_customers_  [[31mERROR[0m in 0.08s]
[0m17:07:32.082518 [debug] [Thread-1 (]: Finished running node test.dq_project.relationships_stg_orders_customer_id__customer_id__ref_stg_customers_.430bf21500
[0m17:07:32.082518 [debug] [Thread-2 (]: Database Error in test unique_stg_orders_order_id (models\staging\schema.yml)
  relation "analytics_staging.stg_orders" does not exist
  LINE 15: from "dq_db"."analytics_staging"."stg_orders"
                ^
  compiled code at target\run\dq_project\models\staging\schema.yml\unique_stg_orders_order_id.sql
[0m17:07:32.082518 [error] [Thread-2 (]: 8 of 8 ERROR unique_stg_orders_order_id ........................................ [[31mERROR[0m in 0.08s]
[0m17:07:32.082518 [debug] [Thread-2 (]: Finished running node test.dq_project.unique_stg_orders_order_id.e3b841c71a
[0m17:07:32.082518 [debug] [Thread-4 (]: Database Error in test not_null_stg_orders_status (models\staging\schema.yml)
  relation "analytics_staging.stg_orders" does not exist
  LINE 14: from "dq_db"."analytics_staging"."stg_orders"
                ^
  compiled code at target\run\dq_project\models\staging\schema.yml\not_null_stg_orders_status.sql
[0m17:07:32.082518 [error] [Thread-4 (]: 6 of 8 ERROR not_null_stg_orders_status ........................................ [[31mERROR[0m in 0.08s]
[0m17:07:32.082518 [debug] [Thread-4 (]: Finished running node test.dq_project.not_null_stg_orders_status.2b01eecbd6
[0m17:07:32.082518 [debug] [MainThread]: Using postgres connection "master"
[0m17:07:32.094543 [debug] [MainThread]: On master: BEGIN
[0m17:07:32.094543 [debug] [MainThread]: Opening a new connection, currently in state closed
[0m17:07:32.120229 [debug] [MainThread]: SQL status: BEGIN in 0.035 seconds
[0m17:07:32.129874 [debug] [MainThread]: On master: COMMIT
[0m17:07:32.129874 [debug] [MainThread]: Using postgres connection "master"
[0m17:07:32.129874 [debug] [MainThread]: On master: COMMIT
[0m17:07:32.129874 [debug] [MainThread]: SQL status: COMMIT in 0.000 seconds
[0m17:07:32.129874 [debug] [MainThread]: On master: Close
[0m17:07:32.129874 [debug] [MainThread]: Connection 'master' was properly closed.
[0m17:07:32.129874 [debug] [MainThread]: Connection 'list_dq_db_analytics_staging' was properly closed.
[0m17:07:32.129874 [debug] [MainThread]: Connection 'test.dq_project.relationships_stg_orders_customer_id__customer_id__ref_stg_customers_.430bf21500' was properly closed.
[0m17:07:32.129874 [debug] [MainThread]: Connection 'test.dq_project.unique_stg_orders_order_id.e3b841c71a' was properly closed.
[0m17:07:32.129874 [debug] [MainThread]: Connection 'test.dq_project.not_null_stg_orders_order_id.81cfe2fe64' was properly closed.
[0m17:07:32.133171 [debug] [MainThread]: Connection 'test.dq_project.not_null_stg_orders_status.2b01eecbd6' was properly closed.
[0m17:07:32.133171 [info ] [MainThread]: 
[0m17:07:32.133171 [info ] [MainThread]: Finished running 8 data tests in 0 hours 0 minutes and 0.50 seconds (0.50s).
[0m17:07:32.133171 [debug] [MainThread]: Command end result
[0m17:07:32.224017 [info ] [MainThread]: 
[0m17:07:32.224017 [info ] [MainThread]: [31mCompleted with 8 errors and 0 warnings:[0m
[0m17:07:32.224017 [info ] [MainThread]: 
[0m17:07:32.224017 [error] [MainThread]:   Database Error in test not_null_stg_orders_amount (models\staging\schema.yml)
  relation "analytics_staging.stg_orders" does not exist
  LINE 14: from "dq_db"."analytics_staging"."stg_orders"
                ^
  compiled code at target\run\dq_project\models\staging\schema.yml\not_null_stg_orders_amount.sql
[0m17:07:32.224017 [info ] [MainThread]: 
[0m17:07:32.224017 [error] [MainThread]:   Database Error in test not_null_stg_orders_customer_id (models\staging\schema.yml)
  relation "analytics_staging.stg_orders" does not exist
  LINE 14: from "dq_db"."analytics_staging"."stg_orders"
                ^
  compiled code at target\run\dq_project\models\staging\schema.yml\not_null_stg_orders_customer_id.sql
[0m17:07:32.224017 [info ] [MainThread]: 
[0m17:07:32.224017 [error] [MainThread]:   Database Error in test accepted_values_stg_orders_status__placed__shipped__delivered__cancelled__returned (models\staging\schema.yml)
  relation "analytics_staging.stg_orders" does not exist
  LINE 17:     from "dq_db"."analytics_staging"."stg_orders"
                    ^
  compiled code at target\run\dq_project\models\staging\schema.yml\accepted_values_stg_orders_baa1d81332b3755c5b189103b7711b6d.sql
[0m17:07:32.227726 [info ] [MainThread]: 
[0m17:07:32.227726 [error] [MainThread]:   Database Error in test assert_no_negative_order_amounts (tests\assert_no_negative_order_amounts.sql)
  relation "analytics_staging.stg_orders" does not exist
  LINE 11: from "dq_db"."analytics_staging"."stg_orders"
                ^
  compiled code at target\run\dq_project\tests\assert_no_negative_order_amounts.sql
[0m17:07:32.227726 [info ] [MainThread]: 
[0m17:07:32.227726 [error] [MainThread]:   Database Error in test not_null_stg_orders_order_id (models\staging\schema.yml)
  relation "analytics_staging.stg_orders" does not exist
  LINE 14: from "dq_db"."analytics_staging"."stg_orders"
                ^
  compiled code at target\run\dq_project\models\staging\schema.yml\not_null_stg_orders_order_id.sql
[0m17:07:32.227726 [info ] [MainThread]: 
[0m17:07:32.227726 [error] [MainThread]:   Database Error in test relationships_stg_orders_customer_id__customer_id__ref_stg_customers_ (models\staging\schema.yml)
  relation "analytics_staging.stg_orders" does not exist
  LINE 13:     from "dq_db"."analytics_staging"."stg_orders"
                    ^
  compiled code at target\run\dq_project\models\staging\schema.yml\relationships_stg_orders_96411fe0c89b49c3f4da955dfd358ba0.sql
[0m17:07:32.227726 [info ] [MainThread]: 
[0m17:07:32.227726 [error] [MainThread]:   Database Error in test unique_stg_orders_order_id (models\staging\schema.yml)
  relation "analytics_staging.stg_orders" does not exist
  LINE 15: from "dq_db"."analytics_staging"."stg_orders"
                ^
  compiled code at target\run\dq_project\models\staging\schema.yml\unique_stg_orders_order_id.sql
[0m17:07:32.227726 [info ] [MainThread]: 
[0m17:07:32.229732 [error] [MainThread]:   Database Error in test not_null_stg_orders_status (models\staging\schema.yml)
  relation "analytics_staging.stg_orders" does not exist
  LINE 14: from "dq_db"."analytics_staging"."stg_orders"
                ^
  compiled code at target\run\dq_project\models\staging\schema.yml\not_null_stg_orders_status.sql
[0m17:07:32.229732 [info ] [MainThread]: 
[0m17:07:32.229732 [info ] [MainThread]: Done. PASS=0 WARN=0 ERROR=8 SKIP=0 TOTAL=8
[0m17:07:32.229732 [debug] [MainThread]: Command `dbt test` failed at 17:07:32.229732 after 1.56 seconds
[0m17:07:32.229732 [debug] [MainThread]: Sending event: {'category': 'dbt', 'action': 'invocation', 'label': 'end', 'context': [<snowplow_tracker.self_describing_json.SelfDescribingJson object at 0x00000211BB1F2600>, <snowplow_tracker.self_describing_json.SelfDescribingJson object at 0x00000211BB291B80>, <snowplow_tracker.self_describing_json.SelfDescribingJson object at 0x00000211BDA45250>]}
[0m17:07:32.231754 [debug] [MainThread]: Flushing usage events
[0m17:17:23.779340 [debug] [MainThread]: Sending event: {'category': 'dbt', 'action': 'invocation', 'label': 'start', 'context': [<snowplow_tracker.self_describing_json.SelfDescribingJson object at 0x00000284CF430860>, <snowplow_tracker.self_describing_json.SelfDescribingJson object at 0x00000284CEBC8740>, <snowplow_tracker.self_describing_json.SelfDescribingJson object at 0x00000284CF20F530>]}


============================== 17:17:23.779340 | 1708360c-48fd-4c5a-b20c-87788e4f95ad ==============================
[0m17:17:23.779340 [info ] [MainThread]: Running with dbt=1.8.8
[0m17:17:23.779340 [debug] [MainThread]: running dbt with arguments {'printer_width': '80', 'indirect_selection': 'eager', 'write_json': 'True', 'log_cache_events': 'False', 'partial_parse': 'True', 'cache_selected_only': 'False', 'profiles_dir': 'C:\\Users\\gsuji\\Downloads\\Data-Quality-Testing-Framework\\dbt_project', 'fail_fast': 'False', 'warn_error': 'None', 'log_path': 'C:\\Users\\gsuji\\Downloads\\Data-Quality-Testing-Framework\\dbt_project\\logs', 'version_check': 'True', 'debug': 'False', 'use_colors': 'True', 'use_experimental_parser': 'False', 'empty': 'None', 'quiet': 'False', 'no_print': 'None', 'log_format': 'default', 'static_parser': 'True', 'introspect': 'True', 'warn_error_options': 'WarnErrorOptions(include=[], exclude=[])', 'target_path': 'None', 'invocation_command': 'dbt test --select stg_customers --project-dir C:\\Users\\gsuji\\Downloads\\Data-Quality-Testing-Framework\\dbt_project --profiles-dir C:\\Users\\gsuji\\Downloads\\Data-Quality-Testing-Framework\\dbt_project', 'send_anonymous_usage_stats': 'True'}
[0m17:17:23.931275 [debug] [MainThread]: Sending event: {'category': 'dbt', 'action': 'project_id', 'label': '1708360c-48fd-4c5a-b20c-87788e4f95ad', 'context': [<snowplow_tracker.self_describing_json.SelfDescribingJson object at 0x00000284D0C58740>]}
[0m17:17:23.989532 [debug] [MainThread]: Sending event: {'category': 'dbt', 'action': 'adapter_info', 'label': '1708360c-48fd-4c5a-b20c-87788e4f95ad', 'context': [<snowplow_tracker.self_describing_json.SelfDescribingJson object at 0x00000284CF4F3410>]}
[0m17:17:23.989532 [info ] [MainThread]: Registered adapter: postgres=1.8.2
[0m17:17:23.997254 [debug] [MainThread]: checksum: ec53e341a936509427e16df1c646386a84befec52c1957e3f4359fbc36fc93f5, vars: {}, profile: , target: , version: 1.8.8
[0m17:17:24.179446 [debug] [MainThread]: Partial parsing enabled: 0 files deleted, 0 files added, 0 files changed.
[0m17:17:24.179446 [debug] [MainThread]: Partial parsing enabled, no changes found, skipping parsing
[0m17:17:24.209212 [debug] [MainThread]: Sending event: {'category': 'dbt', 'action': 'load_project', 'label': '1708360c-48fd-4c5a-b20c-87788e4f95ad', 'context': [<snowplow_tracker.self_describing_json.SelfDescribingJson object at 0x00000284D0D66840>]}
[0m17:17:24.313807 [debug] [MainThread]: Sending event: {'category': 'dbt', 'action': 'resource_counts', 'label': '1708360c-48fd-4c5a-b20c-87788e4f95ad', 'context': [<snowplow_tracker.self_describing_json.SelfDescribingJson object at 0x00000284D1013F50>]}
[0m17:17:24.317449 [info ] [MainThread]: Found 2 models, 14 data tests, 424 macros
[0m17:17:24.317449 [debug] [MainThread]: Sending event: {'category': 'dbt', 'action': 'runnable_timing', 'label': '1708360c-48fd-4c5a-b20c-87788e4f95ad', 'context': [<snowplow_tracker.self_describing_json.SelfDescribingJson object at 0x00000284D1002090>]}
[0m17:17:24.319601 [info ] [MainThread]: 
[0m17:17:24.319601 [debug] [MainThread]: Acquiring new postgres connection 'master'
[0m17:17:24.319601 [debug] [ThreadPool]: Acquiring new postgres connection 'list_dq_db_analytics_staging'
[0m17:17:24.351467 [debug] [ThreadPool]: Using postgres connection "list_dq_db_analytics_staging"
[0m17:17:24.351467 [debug] [ThreadPool]: On list_dq_db_analytics_staging: BEGIN
[0m17:17:24.351467 [debug] [ThreadPool]: Opening a new connection, currently in state init
[0m17:17:24.389326 [debug] [ThreadPool]: SQL status: BEGIN in 0.029 seconds
[0m17:17:24.389326 [debug] [ThreadPool]: Using postgres connection "list_dq_db_analytics_staging"
[0m17:17:24.389326 [debug] [ThreadPool]: On list_dq_db_analytics_staging: /* {"app": "dbt", "dbt_version": "1.8.8", "profile_name": "dq_project", "target_name": "dev", "connection_name": "list_dq_db_analytics_staging"} */
select
      'dq_db' as database,
      tablename as name,
      schemaname as schema,
      'table' as type
    from pg_tables
    where schemaname ilike 'analytics_staging'
    union all
    select
      'dq_db' as database,
      viewname as name,
      schemaname as schema,
      'view' as type
    from pg_views
    where schemaname ilike 'analytics_staging'
    union all
    select
      'dq_db' as database,
      matviewname as name,
      schemaname as schema,
      'materialized_view' as type
    from pg_matviews
    where schemaname ilike 'analytics_staging'
  
[0m17:17:24.389326 [debug] [ThreadPool]: SQL status: SELECT 0 in 0.003 seconds
[0m17:17:24.389326 [debug] [ThreadPool]: On list_dq_db_analytics_staging: ROLLBACK
[0m17:17:24.389326 [debug] [ThreadPool]: On list_dq_db_analytics_staging: Close
[0m17:17:24.409504 [debug] [MainThread]: Using postgres connection "master"
[0m17:17:24.409504 [debug] [MainThread]: On master: BEGIN
[0m17:17:24.409504 [debug] [MainThread]: Opening a new connection, currently in state init
[0m17:17:24.425463 [debug] [MainThread]: SQL status: BEGIN in 0.014 seconds
[0m17:17:24.425463 [debug] [MainThread]: Using postgres connection "master"
[0m17:17:24.425463 [debug] [MainThread]: On master: /* {"app": "dbt", "dbt_version": "1.8.8", "profile_name": "dq_project", "target_name": "dev", "connection_name": "master"} */
with relation as (
        select
            pg_rewrite.ev_class as class,
            pg_rewrite.oid as id
        from pg_rewrite
    ),
    class as (
        select
            oid as id,
            relname as name,
            relnamespace as schema,
            relkind as kind
        from pg_class
    ),
    dependency as (
        select distinct
            pg_depend.objid as id,
            pg_depend.refobjid as ref
        from pg_depend
    ),
    schema as (
        select
            pg_namespace.oid as id,
            pg_namespace.nspname as name
        from pg_namespace
        where nspname != 'information_schema' and nspname not like 'pg\_%'
    ),
    referenced as (
        select
            relation.id AS id,
            referenced_class.name ,
            referenced_class.schema ,
            referenced_class.kind
        from relation
        join class as referenced_class on relation.class=referenced_class.id
        where referenced_class.kind in ('r', 'v', 'm')
    ),
    relationships as (
        select
            referenced.name as referenced_name,
            referenced.schema as referenced_schema_id,
            dependent_class.name as dependent_name,
            dependent_class.schema as dependent_schema_id,
            referenced.kind as kind
        from referenced
        join dependency on referenced.id=dependency.id
        join class as dependent_class on dependency.ref=dependent_class.id
        where
            (referenced.name != dependent_class.name or
             referenced.schema != dependent_class.schema)
    )

    select
        referenced_schema.name as referenced_schema,
        relationships.referenced_name as referenced_name,
        dependent_schema.name as dependent_schema,
        relationships.dependent_name as dependent_name
    from relationships
    join schema as dependent_schema on relationships.dependent_schema_id=dependent_schema.id
    join schema as referenced_schema on relationships.referenced_schema_id=referenced_schema.id
    group by referenced_schema, referenced_name, dependent_schema, dependent_name
    order by referenced_schema, referenced_name, dependent_schema, dependent_name;
[0m17:17:24.429203 [debug] [MainThread]: SQL status: SELECT 0 in 0.004 seconds
[0m17:17:24.429203 [debug] [MainThread]: Sending event: {'category': 'dbt', 'action': 'runnable_timing', 'label': '1708360c-48fd-4c5a-b20c-87788e4f95ad', 'context': [<snowplow_tracker.self_describing_json.SelfDescribingJson object at 0x00000284CE9435F0>]}
[0m17:17:24.432624 [debug] [MainThread]: On master: ROLLBACK
[0m17:17:24.432624 [debug] [MainThread]: Using postgres connection "master"
[0m17:17:24.432624 [debug] [MainThread]: On master: BEGIN
[0m17:17:24.432624 [debug] [MainThread]: SQL status: BEGIN in 0.001 seconds
[0m17:17:24.432624 [debug] [MainThread]: On master: COMMIT
[0m17:17:24.432624 [debug] [MainThread]: Using postgres connection "master"
[0m17:17:24.432624 [debug] [MainThread]: On master: COMMIT
[0m17:17:24.437460 [debug] [MainThread]: SQL status: COMMIT in 0.000 seconds
[0m17:17:24.437460 [debug] [MainThread]: On master: Close
[0m17:17:24.437460 [info ] [MainThread]: Concurrency: 4 threads (target='dev')
[0m17:17:24.437460 [info ] [MainThread]: 
[0m17:17:24.439532 [debug] [Thread-1 (]: Began running node test.dq_project.accepted_values_stg_customers_country__USA__India__UK__Germany__Canada__Australia.e9101a0996
[0m17:17:24.439532 [debug] [Thread-2 (]: Began running node test.dq_project.not_null_stg_customers_customer_id.e2cfb1f9aa
[0m17:17:24.439532 [info ] [Thread-1 (]: 1 of 7 START test accepted_values_stg_customers_country__USA__India__UK__Germany__Canada__Australia  [RUN]
[0m17:17:24.439532 [info ] [Thread-2 (]: 2 of 7 START test not_null_stg_customers_customer_id ........................... [RUN]
[0m17:17:24.439532 [debug] [Thread-3 (]: Began running node test.dq_project.not_null_stg_customers_email.d7cf761533
[0m17:17:24.445429 [debug] [Thread-4 (]: Began running node test.dq_project.not_null_stg_customers_full_name.f9ff4c2b7e
[0m17:17:24.445429 [debug] [Thread-1 (]: Acquiring new postgres connection 'test.dq_project.accepted_values_stg_customers_country__USA__India__UK__Germany__Canada__Australia.e9101a0996'
[0m17:17:24.445429 [debug] [Thread-2 (]: Acquiring new postgres connection 'test.dq_project.not_null_stg_customers_customer_id.e2cfb1f9aa'
[0m17:17:24.445429 [info ] [Thread-3 (]: 3 of 7 START test not_null_stg_customers_email ................................. [RUN]
[0m17:17:24.445429 [info ] [Thread-4 (]: 4 of 7 START test not_null_stg_customers_full_name ............................. [RUN]
[0m17:17:24.445429 [debug] [Thread-1 (]: Began compiling node test.dq_project.accepted_values_stg_customers_country__USA__India__UK__Germany__Canada__Australia.e9101a0996
[0m17:17:24.445429 [debug] [Thread-2 (]: Began compiling node test.dq_project.not_null_stg_customers_customer_id.e2cfb1f9aa
[0m17:17:24.445429 [debug] [Thread-3 (]: Acquiring new postgres connection 'test.dq_project.not_null_stg_customers_email.d7cf761533'
[0m17:17:24.445429 [debug] [Thread-4 (]: Acquiring new postgres connection 'test.dq_project.not_null_stg_customers_full_name.f9ff4c2b7e'
[0m17:17:24.459584 [debug] [Thread-1 (]: Writing injected SQL for node "test.dq_project.accepted_values_stg_customers_country__USA__India__UK__Germany__Canada__Australia.e9101a0996"
[0m17:17:24.459584 [debug] [Thread-2 (]: Writing injected SQL for node "test.dq_project.not_null_stg_customers_customer_id.e2cfb1f9aa"
[0m17:17:24.459584 [debug] [Thread-3 (]: Began compiling node test.dq_project.not_null_stg_customers_email.d7cf761533
[0m17:17:24.459584 [debug] [Thread-4 (]: Began compiling node test.dq_project.not_null_stg_customers_full_name.f9ff4c2b7e
[0m17:17:24.459584 [debug] [Thread-3 (]: Writing injected SQL for node "test.dq_project.not_null_stg_customers_email.d7cf761533"
[0m17:17:24.459584 [debug] [Thread-4 (]: Writing injected SQL for node "test.dq_project.not_null_stg_customers_full_name.f9ff4c2b7e"
[0m17:17:24.459584 [debug] [Thread-1 (]: Began executing node test.dq_project.accepted_values_stg_customers_country__USA__India__UK__Germany__Canada__Australia.e9101a0996
[0m17:17:24.491112 [debug] [Thread-1 (]: Writing runtime sql for node "test.dq_project.accepted_values_stg_customers_country__USA__India__UK__Germany__Canada__Australia.e9101a0996"
[0m17:17:24.492121 [debug] [Thread-3 (]: Began executing node test.dq_project.not_null_stg_customers_email.d7cf761533
[0m17:17:24.494018 [debug] [Thread-3 (]: Writing runtime sql for node "test.dq_project.not_null_stg_customers_email.d7cf761533"
[0m17:17:24.494018 [debug] [Thread-2 (]: Began executing node test.dq_project.not_null_stg_customers_customer_id.e2cfb1f9aa
[0m17:17:24.497575 [debug] [Thread-2 (]: Writing runtime sql for node "test.dq_project.not_null_stg_customers_customer_id.e2cfb1f9aa"
[0m17:17:24.497575 [debug] [Thread-4 (]: Began executing node test.dq_project.not_null_stg_customers_full_name.f9ff4c2b7e
[0m17:17:24.499130 [debug] [Thread-4 (]: Writing runtime sql for node "test.dq_project.not_null_stg_customers_full_name.f9ff4c2b7e"
[0m17:17:24.499130 [debug] [Thread-1 (]: Using postgres connection "test.dq_project.accepted_values_stg_customers_country__USA__India__UK__Germany__Canada__Australia.e9101a0996"
[0m17:17:24.499130 [debug] [Thread-1 (]: On test.dq_project.accepted_values_stg_customers_country__USA__India__UK__Germany__Canada__Australia.e9101a0996: BEGIN
[0m17:17:24.499130 [debug] [Thread-1 (]: Opening a new connection, currently in state init
[0m17:17:24.499130 [debug] [Thread-2 (]: Using postgres connection "test.dq_project.not_null_stg_customers_customer_id.e2cfb1f9aa"
[0m17:17:24.504718 [debug] [Thread-3 (]: Using postgres connection "test.dq_project.not_null_stg_customers_email.d7cf761533"
[0m17:17:24.504718 [debug] [Thread-4 (]: Using postgres connection "test.dq_project.not_null_stg_customers_full_name.f9ff4c2b7e"
[0m17:17:24.504718 [debug] [Thread-2 (]: On test.dq_project.not_null_stg_customers_customer_id.e2cfb1f9aa: BEGIN
[0m17:17:24.504718 [debug] [Thread-3 (]: On test.dq_project.not_null_stg_customers_email.d7cf761533: BEGIN
[0m17:17:24.504718 [debug] [Thread-4 (]: On test.dq_project.not_null_stg_customers_full_name.f9ff4c2b7e: BEGIN
[0m17:17:24.504718 [debug] [Thread-2 (]: Opening a new connection, currently in state init
[0m17:17:24.504718 [debug] [Thread-3 (]: Opening a new connection, currently in state init
[0m17:17:24.504718 [debug] [Thread-4 (]: Opening a new connection, currently in state init
[0m17:17:24.511718 [debug] [Thread-1 (]: SQL status: BEGIN in 0.015 seconds
[0m17:17:24.519855 [debug] [Thread-1 (]: Using postgres connection "test.dq_project.accepted_values_stg_customers_country__USA__India__UK__Germany__Canada__Australia.e9101a0996"
[0m17:17:24.519855 [debug] [Thread-1 (]: On test.dq_project.accepted_values_stg_customers_country__USA__India__UK__Germany__Canada__Australia.e9101a0996: /* {"app": "dbt", "dbt_version": "1.8.8", "profile_name": "dq_project", "target_name": "dev", "node_id": "test.dq_project.accepted_values_stg_customers_country__USA__India__UK__Germany__Canada__Australia.e9101a0996"} */
select
      count(*) as failures,
      count(*) != 0 as should_warn,
      count(*) != 0 as should_error
    from (
      
    
    

with all_values as (

    select
        country as value_field,
        count(*) as n_records

    from "dq_db"."analytics_staging"."stg_customers"
    group by country

)

select *
from all_values
where value_field not in (
    'USA','India','UK','Germany','Canada','Australia'
)



      
    ) dbt_internal_test
[0m17:17:24.523085 [debug] [Thread-1 (]: Postgres adapter: Postgres error: relation "analytics_staging.stg_customers" does not exist
LINE 17:     from "dq_db"."analytics_staging"."stg_customers"
                  ^

[0m17:17:24.523085 [debug] [Thread-1 (]: On test.dq_project.accepted_values_stg_customers_country__USA__India__UK__Germany__Canada__Australia.e9101a0996: ROLLBACK
[0m17:17:24.525870 [debug] [Thread-1 (]: On test.dq_project.accepted_values_stg_customers_country__USA__India__UK__Germany__Canada__Australia.e9101a0996: Close
[0m17:17:24.525870 [debug] [Thread-4 (]: SQL status: BEGIN in 0.021 seconds
[0m17:17:24.525870 [debug] [Thread-4 (]: Using postgres connection "test.dq_project.not_null_stg_customers_full_name.f9ff4c2b7e"
[0m17:17:24.525870 [debug] [Thread-4 (]: On test.dq_project.not_null_stg_customers_full_name.f9ff4c2b7e: /* {"app": "dbt", "dbt_version": "1.8.8", "profile_name": "dq_project", "target_name": "dev", "node_id": "test.dq_project.not_null_stg_customers_full_name.f9ff4c2b7e"} */
select
      count(*) as failures,
      count(*) != 0 as should_warn,
      count(*) != 0 as should_error
    from (
      
    
    



select full_name
from "dq_db"."analytics_staging"."stg_customers"
where full_name is null



      
    ) dbt_internal_test
[0m17:17:24.531952 [debug] [Thread-4 (]: Postgres adapter: Postgres error: relation "analytics_staging.stg_customers" does not exist
LINE 14: from "dq_db"."analytics_staging"."stg_customers"
              ^

[0m17:17:24.531952 [debug] [Thread-4 (]: On test.dq_project.not_null_stg_customers_full_name.f9ff4c2b7e: ROLLBACK
[0m17:17:24.532966 [debug] [Thread-2 (]: SQL status: BEGIN in 0.026 seconds
[0m17:17:24.532966 [debug] [Thread-2 (]: Using postgres connection "test.dq_project.not_null_stg_customers_customer_id.e2cfb1f9aa"
[0m17:17:24.532966 [debug] [Thread-2 (]: On test.dq_project.not_null_stg_customers_customer_id.e2cfb1f9aa: /* {"app": "dbt", "dbt_version": "1.8.8", "profile_name": "dq_project", "target_name": "dev", "node_id": "test.dq_project.not_null_stg_customers_customer_id.e2cfb1f9aa"} */
select
      count(*) as failures,
      count(*) != 0 as should_warn,
      count(*) != 0 as should_error
    from (
      
    
    



select customer_id
from "dq_db"."analytics_staging"."stg_customers"
where customer_id is null



      
    ) dbt_internal_test
[0m17:17:24.534734 [debug] [Thread-4 (]: On test.dq_project.not_null_stg_customers_full_name.f9ff4c2b7e: Close
[0m17:17:24.534734 [debug] [Thread-3 (]: SQL status: BEGIN in 0.029 seconds
[0m17:17:24.536709 [debug] [Thread-2 (]: Postgres adapter: Postgres error: relation "analytics_staging.stg_customers" does not exist
LINE 14: from "dq_db"."analytics_staging"."stg_customers"
              ^

[0m17:17:24.538102 [debug] [Thread-3 (]: Using postgres connection "test.dq_project.not_null_stg_customers_email.d7cf761533"
[0m17:17:24.539145 [debug] [Thread-2 (]: On test.dq_project.not_null_stg_customers_customer_id.e2cfb1f9aa: ROLLBACK
[0m17:17:24.539145 [debug] [Thread-3 (]: On test.dq_project.not_null_stg_customers_email.d7cf761533: /* {"app": "dbt", "dbt_version": "1.8.8", "profile_name": "dq_project", "target_name": "dev", "node_id": "test.dq_project.not_null_stg_customers_email.d7cf761533"} */
select
      count(*) as failures,
      count(*) != 0 as should_warn,
      count(*) != 0 as should_error
    from (
      
    
    



select email
from "dq_db"."analytics_staging"."stg_customers"
where email is null



      
    ) dbt_internal_test
[0m17:17:24.542269 [debug] [Thread-2 (]: On test.dq_project.not_null_stg_customers_customer_id.e2cfb1f9aa: Close
[0m17:17:24.542269 [debug] [Thread-3 (]: Postgres adapter: Postgres error: relation "analytics_staging.stg_customers" does not exist
LINE 14: from "dq_db"."analytics_staging"."stg_customers"
              ^

[0m17:17:24.542269 [debug] [Thread-3 (]: On test.dq_project.not_null_stg_customers_email.d7cf761533: ROLLBACK
[0m17:17:24.542269 [debug] [Thread-3 (]: On test.dq_project.not_null_stg_customers_email.d7cf761533: Close
[0m17:17:24.550765 [debug] [Thread-4 (]: Database Error in test not_null_stg_customers_full_name (models\staging\schema.yml)
  relation "analytics_staging.stg_customers" does not exist
  LINE 14: from "dq_db"."analytics_staging"."stg_customers"
                ^
  compiled code at target\run\dq_project\models\staging\schema.yml\not_null_stg_customers_full_name.sql
[0m17:17:24.550765 [error] [Thread-4 (]: 4 of 7 ERROR not_null_stg_customers_full_name .................................. [[31mERROR[0m in 0.11s]
[0m17:17:24.550765 [debug] [Thread-4 (]: Finished running node test.dq_project.not_null_stg_customers_full_name.f9ff4c2b7e
[0m17:17:24.550765 [debug] [Thread-1 (]: Database Error in test accepted_values_stg_customers_country__USA__India__UK__Germany__Canada__Australia (models\staging\schema.yml)
  relation "analytics_staging.stg_customers" does not exist
  LINE 17:     from "dq_db"."analytics_staging"."stg_customers"
                    ^
  compiled code at target\run\dq_project\models\staging\schema.yml\accepted_values_stg_customers_b806f0befcd464304e7cd137149d236b.sql
[0m17:17:24.550765 [debug] [Thread-2 (]: Database Error in test not_null_stg_customers_customer_id (models\staging\schema.yml)
  relation "analytics_staging.stg_customers" does not exist
  LINE 14: from "dq_db"."analytics_staging"."stg_customers"
                ^
  compiled code at target\run\dq_project\models\staging\schema.yml\not_null_stg_customers_customer_id.sql
[0m17:17:24.550765 [debug] [Thread-4 (]: Began running node test.dq_project.relationships_stg_orders_customer_id__customer_id__ref_stg_customers_.430bf21500
[0m17:17:24.550765 [debug] [Thread-3 (]: Database Error in test not_null_stg_customers_email (models\staging\schema.yml)
  relation "analytics_staging.stg_customers" does not exist
  LINE 14: from "dq_db"."analytics_staging"."stg_customers"
                ^
  compiled code at target\run\dq_project\models\staging\schema.yml\not_null_stg_customers_email.sql
[0m17:17:24.550765 [error] [Thread-1 (]: 1 of 7 ERROR accepted_values_stg_customers_country__USA__India__UK__Germany__Canada__Australia  [[31mERROR[0m in 0.11s]
[0m17:17:24.550765 [error] [Thread-2 (]: 2 of 7 ERROR not_null_stg_customers_customer_id ................................ [[31mERROR[0m in 0.11s]
[0m17:17:24.550765 [info ] [Thread-4 (]: 5 of 7 START test relationships_stg_orders_customer_id__customer_id__ref_stg_customers_  [RUN]
[0m17:17:24.550765 [error] [Thread-3 (]: 3 of 7 ERROR not_null_stg_customers_email ...................................... [[31mERROR[0m in 0.11s]
[0m17:17:24.550765 [debug] [Thread-1 (]: Finished running node test.dq_project.accepted_values_stg_customers_country__USA__India__UK__Germany__Canada__Australia.e9101a0996
[0m17:17:24.550765 [debug] [Thread-2 (]: Finished running node test.dq_project.not_null_stg_customers_customer_id.e2cfb1f9aa
[0m17:17:24.550765 [debug] [Thread-4 (]: Re-using an available connection from the pool (formerly test.dq_project.not_null_stg_customers_full_name.f9ff4c2b7e, now test.dq_project.relationships_stg_orders_customer_id__customer_id__ref_stg_customers_.430bf21500)
[0m17:17:24.550765 [debug] [Thread-3 (]: Finished running node test.dq_project.not_null_stg_customers_email.d7cf761533
[0m17:17:24.550765 [debug] [Thread-1 (]: Began running node test.dq_project.unique_stg_customers_customer_id.c7614daada
[0m17:17:24.550765 [debug] [Thread-2 (]: Began running node test.dq_project.valid_email_format_stg_customers_email.fee8eb6eab
[0m17:17:24.550765 [debug] [Thread-4 (]: Began compiling node test.dq_project.relationships_stg_orders_customer_id__customer_id__ref_stg_customers_.430bf21500
[0m17:17:24.550765 [info ] [Thread-1 (]: 6 of 7 START test unique_stg_customers_customer_id ............................. [RUN]
[0m17:17:24.565302 [info ] [Thread-2 (]: 7 of 7 START test valid_email_format_stg_customers_email ....................... [RUN]
[0m17:17:24.569531 [debug] [Thread-4 (]: Writing injected SQL for node "test.dq_project.relationships_stg_orders_customer_id__customer_id__ref_stg_customers_.430bf21500"
[0m17:17:24.569531 [debug] [Thread-1 (]: Re-using an available connection from the pool (formerly test.dq_project.accepted_values_stg_customers_country__USA__India__UK__Germany__Canada__Australia.e9101a0996, now test.dq_project.unique_stg_customers_customer_id.c7614daada)
[0m17:17:24.569531 [debug] [Thread-2 (]: Re-using an available connection from the pool (formerly test.dq_project.not_null_stg_customers_customer_id.e2cfb1f9aa, now test.dq_project.valid_email_format_stg_customers_email.fee8eb6eab)
[0m17:17:24.569531 [debug] [Thread-1 (]: Began compiling node test.dq_project.unique_stg_customers_customer_id.c7614daada
[0m17:17:24.569531 [debug] [Thread-2 (]: Began compiling node test.dq_project.valid_email_format_stg_customers_email.fee8eb6eab
[0m17:17:24.569531 [debug] [Thread-1 (]: Writing injected SQL for node "test.dq_project.unique_stg_customers_customer_id.c7614daada"
[0m17:17:24.582815 [debug] [Thread-2 (]: Writing injected SQL for node "test.dq_project.valid_email_format_stg_customers_email.fee8eb6eab"
[0m17:17:24.582815 [debug] [Thread-4 (]: Began executing node test.dq_project.relationships_stg_orders_customer_id__customer_id__ref_stg_customers_.430bf21500
[0m17:17:24.582815 [debug] [Thread-4 (]: Writing runtime sql for node "test.dq_project.relationships_stg_orders_customer_id__customer_id__ref_stg_customers_.430bf21500"
[0m17:17:24.582815 [debug] [Thread-1 (]: Began executing node test.dq_project.unique_stg_customers_customer_id.c7614daada
[0m17:17:24.589513 [debug] [Thread-1 (]: Writing runtime sql for node "test.dq_project.unique_stg_customers_customer_id.c7614daada"
[0m17:17:24.589513 [debug] [Thread-2 (]: Began executing node test.dq_project.valid_email_format_stg_customers_email.fee8eb6eab
[0m17:17:24.589513 [debug] [Thread-4 (]: Using postgres connection "test.dq_project.relationships_stg_orders_customer_id__customer_id__ref_stg_customers_.430bf21500"
[0m17:17:24.589513 [debug] [Thread-2 (]: Writing runtime sql for node "test.dq_project.valid_email_format_stg_customers_email.fee8eb6eab"
[0m17:17:24.589513 [debug] [Thread-4 (]: On test.dq_project.relationships_stg_orders_customer_id__customer_id__ref_stg_customers_.430bf21500: BEGIN
[0m17:17:24.589513 [debug] [Thread-1 (]: Using postgres connection "test.dq_project.unique_stg_customers_customer_id.c7614daada"
[0m17:17:24.589513 [debug] [Thread-4 (]: Opening a new connection, currently in state closed
[0m17:17:24.589513 [debug] [Thread-1 (]: On test.dq_project.unique_stg_customers_customer_id.c7614daada: BEGIN
[0m17:17:24.589513 [debug] [Thread-1 (]: Opening a new connection, currently in state closed
[0m17:17:24.589513 [debug] [Thread-2 (]: Using postgres connection "test.dq_project.valid_email_format_stg_customers_email.fee8eb6eab"
[0m17:17:24.589513 [debug] [Thread-2 (]: On test.dq_project.valid_email_format_stg_customers_email.fee8eb6eab: BEGIN
[0m17:17:24.589513 [debug] [Thread-2 (]: Opening a new connection, currently in state closed
[0m17:17:24.615452 [debug] [Thread-1 (]: SQL status: BEGIN in 0.022 seconds
[0m17:17:24.615452 [debug] [Thread-4 (]: SQL status: BEGIN in 0.024 seconds
[0m17:17:24.615452 [debug] [Thread-2 (]: SQL status: BEGIN in 0.021 seconds
[0m17:17:24.615452 [debug] [Thread-1 (]: Using postgres connection "test.dq_project.unique_stg_customers_customer_id.c7614daada"
[0m17:17:24.619110 [debug] [Thread-4 (]: Using postgres connection "test.dq_project.relationships_stg_orders_customer_id__customer_id__ref_stg_customers_.430bf21500"
[0m17:17:24.619110 [debug] [Thread-2 (]: Using postgres connection "test.dq_project.valid_email_format_stg_customers_email.fee8eb6eab"
[0m17:17:24.619110 [debug] [Thread-1 (]: On test.dq_project.unique_stg_customers_customer_id.c7614daada: /* {"app": "dbt", "dbt_version": "1.8.8", "profile_name": "dq_project", "target_name": "dev", "node_id": "test.dq_project.unique_stg_customers_customer_id.c7614daada"} */
select
      count(*) as failures,
      count(*) != 0 as should_warn,
      count(*) != 0 as should_error
    from (
      
    
    

select
    customer_id as unique_field,
    count(*) as n_records

from "dq_db"."analytics_staging"."stg_customers"
where customer_id is not null
group by customer_id
having count(*) > 1



      
    ) dbt_internal_test
[0m17:17:24.619110 [debug] [Thread-4 (]: On test.dq_project.relationships_stg_orders_customer_id__customer_id__ref_stg_customers_.430bf21500: /* {"app": "dbt", "dbt_version": "1.8.8", "profile_name": "dq_project", "target_name": "dev", "node_id": "test.dq_project.relationships_stg_orders_customer_id__customer_id__ref_stg_customers_.430bf21500"} */
select
      count(*) as failures,
      count(*) != 0 as should_warn,
      count(*) != 0 as should_error
    from (
      
    
    

with child as (
    select customer_id as from_field
    from "dq_db"."analytics_staging"."stg_orders"
    where customer_id is not null
),

parent as (
    select customer_id as to_field
    from "dq_db"."analytics_staging"."stg_customers"
)

select
    from_field

from child
left join parent
    on child.from_field = parent.to_field

where parent.to_field is null



      
    ) dbt_internal_test
[0m17:17:24.619110 [debug] [Thread-2 (]: On test.dq_project.valid_email_format_stg_customers_email.fee8eb6eab: /* {"app": "dbt", "dbt_version": "1.8.8", "profile_name": "dq_project", "target_name": "dev", "node_id": "test.dq_project.valid_email_format_stg_customers_email.fee8eb6eab"} */
select
      count(*) as failures,
      count(*) != 0 as should_warn,
      count(*) != 0 as should_error
    from (
      
-- Custom generic test: flags any row where the column doesn't look like
-- a well-formed email address (basic regex: text@text.text).

select *
from "dq_db"."analytics_staging"."stg_customers"
where email is not null
  and email !~ '^[A-Za-z0-9._%+-]+@[A-Za-z0-9.-]+\.[A-Za-z]{2,}$'


      
    ) dbt_internal_test
[0m17:17:24.622449 [debug] [Thread-1 (]: Postgres adapter: Postgres error: relation "analytics_staging.stg_customers" does not exist
LINE 15: from "dq_db"."analytics_staging"."stg_customers"
              ^

[0m17:17:24.622962 [debug] [Thread-2 (]: Postgres adapter: Postgres error: relation "analytics_staging.stg_customers" does not exist
LINE 12: from "dq_db"."analytics_staging"."stg_customers"
              ^

[0m17:17:24.623484 [debug] [Thread-1 (]: On test.dq_project.unique_stg_customers_customer_id.c7614daada: ROLLBACK
[0m17:17:24.623484 [debug] [Thread-4 (]: Postgres adapter: Postgres error: relation "analytics_staging.stg_orders" does not exist
LINE 13:     from "dq_db"."analytics_staging"."stg_orders"
                  ^

[0m17:17:24.623484 [debug] [Thread-4 (]: On test.dq_project.relationships_stg_orders_customer_id__customer_id__ref_stg_customers_.430bf21500: ROLLBACK
[0m17:17:24.623484 [debug] [Thread-2 (]: On test.dq_project.valid_email_format_stg_customers_email.fee8eb6eab: ROLLBACK
[0m17:17:24.626022 [debug] [Thread-1 (]: On test.dq_project.unique_stg_customers_customer_id.c7614daada: Close
[0m17:17:24.626022 [debug] [Thread-4 (]: On test.dq_project.relationships_stg_orders_customer_id__customer_id__ref_stg_customers_.430bf21500: Close
[0m17:17:24.629436 [debug] [Thread-2 (]: On test.dq_project.valid_email_format_stg_customers_email.fee8eb6eab: Close
[0m17:17:24.629436 [debug] [Thread-1 (]: Database Error in test unique_stg_customers_customer_id (models\staging\schema.yml)
  relation "analytics_staging.stg_customers" does not exist
  LINE 15: from "dq_db"."analytics_staging"."stg_customers"
                ^
  compiled code at target\run\dq_project\models\staging\schema.yml\unique_stg_customers_customer_id.sql
[0m17:17:24.632883 [error] [Thread-1 (]: 6 of 7 ERROR unique_stg_customers_customer_id .................................. [[31mERROR[0m in 0.06s]
[0m17:17:24.632883 [debug] [Thread-1 (]: Finished running node test.dq_project.unique_stg_customers_customer_id.c7614daada
[0m17:17:24.634838 [debug] [Thread-2 (]: Database Error in test valid_email_format_stg_customers_email (models\staging\schema.yml)
  relation "analytics_staging.stg_customers" does not exist
  LINE 12: from "dq_db"."analytics_staging"."stg_customers"
                ^
  compiled code at target\run\dq_project\models\staging\schema.yml\valid_email_format_stg_customers_email.sql
[0m17:17:24.636532 [debug] [Thread-4 (]: Database Error in test relationships_stg_orders_customer_id__customer_id__ref_stg_customers_ (models\staging\schema.yml)
  relation "analytics_staging.stg_orders" does not exist
  LINE 13:     from "dq_db"."analytics_staging"."stg_orders"
                    ^
  compiled code at target\run\dq_project\models\staging\schema.yml\relationships_stg_orders_96411fe0c89b49c3f4da955dfd358ba0.sql
[0m17:17:24.635360 [error] [Thread-2 (]: 7 of 7 ERROR valid_email_format_stg_customers_email ............................ [[31mERROR[0m in 0.07s]
[0m17:17:24.636532 [error] [Thread-4 (]: 5 of 7 ERROR relationships_stg_orders_customer_id__customer_id__ref_stg_customers_  [[31mERROR[0m in 0.09s]
[0m17:17:24.637509 [debug] [Thread-2 (]: Finished running node test.dq_project.valid_email_format_stg_customers_email.fee8eb6eab
[0m17:17:24.638057 [debug] [Thread-4 (]: Finished running node test.dq_project.relationships_stg_orders_customer_id__customer_id__ref_stg_customers_.430bf21500
[0m17:17:24.639167 [debug] [MainThread]: Using postgres connection "master"
[0m17:17:24.639736 [debug] [MainThread]: On master: BEGIN
[0m17:17:24.640329 [debug] [MainThread]: Opening a new connection, currently in state closed
[0m17:17:24.653053 [debug] [MainThread]: SQL status: BEGIN in 0.016 seconds
[0m17:17:24.653053 [debug] [MainThread]: On master: COMMIT
[0m17:17:24.653053 [debug] [MainThread]: Using postgres connection "master"
[0m17:17:24.653053 [debug] [MainThread]: On master: COMMIT
[0m17:17:24.653053 [debug] [MainThread]: SQL status: COMMIT in 0.001 seconds
[0m17:17:24.653053 [debug] [MainThread]: On master: Close
[0m17:17:24.653053 [debug] [MainThread]: Connection 'master' was properly closed.
[0m17:17:24.653053 [debug] [MainThread]: Connection 'list_dq_db_analytics_staging' was properly closed.
[0m17:17:24.653053 [debug] [MainThread]: Connection 'test.dq_project.unique_stg_customers_customer_id.c7614daada' was properly closed.
[0m17:17:24.653053 [debug] [MainThread]: Connection 'test.dq_project.valid_email_format_stg_customers_email.fee8eb6eab' was properly closed.
[0m17:17:24.653053 [debug] [MainThread]: Connection 'test.dq_project.not_null_stg_customers_email.d7cf761533' was properly closed.
[0m17:17:24.653053 [debug] [MainThread]: Connection 'test.dq_project.relationships_stg_orders_customer_id__customer_id__ref_stg_customers_.430bf21500' was properly closed.
[0m17:17:24.653053 [info ] [MainThread]: 
[0m17:17:24.653053 [info ] [MainThread]: Finished running 7 data tests in 0 hours 0 minutes and 0.33 seconds (0.33s).
[0m17:17:24.653053 [debug] [MainThread]: Command end result
[0m17:17:24.681469 [info ] [MainThread]: 
[0m17:17:24.684430 [info ] [MainThread]: [31mCompleted with 7 errors and 0 warnings:[0m
[0m17:17:24.684430 [info ] [MainThread]: 
[0m17:17:24.684430 [error] [MainThread]:   Database Error in test not_null_stg_customers_full_name (models\staging\schema.yml)
  relation "analytics_staging.stg_customers" does not exist
  LINE 14: from "dq_db"."analytics_staging"."stg_customers"
                ^
  compiled code at target\run\dq_project\models\staging\schema.yml\not_null_stg_customers_full_name.sql
[0m17:17:24.684430 [info ] [MainThread]: 
[0m17:17:24.684430 [error] [MainThread]:   Database Error in test accepted_values_stg_customers_country__USA__India__UK__Germany__Canada__Australia (models\staging\schema.yml)
  relation "analytics_staging.stg_customers" does not exist
  LINE 17:     from "dq_db"."analytics_staging"."stg_customers"
                    ^
  compiled code at target\run\dq_project\models\staging\schema.yml\accepted_values_stg_customers_b806f0befcd464304e7cd137149d236b.sql
[0m17:17:24.684430 [info ] [MainThread]: 
[0m17:17:24.684430 [error] [MainThread]:   Database Error in test not_null_stg_customers_customer_id (models\staging\schema.yml)
  relation "analytics_staging.stg_customers" does not exist
  LINE 14: from "dq_db"."analytics_staging"."stg_customers"
                ^
  compiled code at target\run\dq_project\models\staging\schema.yml\not_null_stg_customers_customer_id.sql
[0m17:17:24.684430 [info ] [MainThread]: 
[0m17:17:24.684430 [error] [MainThread]:   Database Error in test not_null_stg_customers_email (models\staging\schema.yml)
  relation "analytics_staging.stg_customers" does not exist
  LINE 14: from "dq_db"."analytics_staging"."stg_customers"
                ^
  compiled code at target\run\dq_project\models\staging\schema.yml\not_null_stg_customers_email.sql
[0m17:17:24.684430 [info ] [MainThread]: 
[0m17:17:24.684430 [error] [MainThread]:   Database Error in test unique_stg_customers_customer_id (models\staging\schema.yml)
  relation "analytics_staging.stg_customers" does not exist
  LINE 15: from "dq_db"."analytics_staging"."stg_customers"
                ^
  compiled code at target\run\dq_project\models\staging\schema.yml\unique_stg_customers_customer_id.sql
[0m17:17:24.684430 [info ] [MainThread]: 
[0m17:17:24.684430 [error] [MainThread]:   Database Error in test valid_email_format_stg_customers_email (models\staging\schema.yml)
  relation "analytics_staging.stg_customers" does not exist
  LINE 12: from "dq_db"."analytics_staging"."stg_customers"
                ^
  compiled code at target\run\dq_project\models\staging\schema.yml\valid_email_format_stg_customers_email.sql
[0m17:17:24.684430 [info ] [MainThread]: 
[0m17:17:24.684430 [error] [MainThread]:   Database Error in test relationships_stg_orders_customer_id__customer_id__ref_stg_customers_ (models\staging\schema.yml)
  relation "analytics_staging.stg_orders" does not exist
  LINE 13:     from "dq_db"."analytics_staging"."stg_orders"
                    ^
  compiled code at target\run\dq_project\models\staging\schema.yml\relationships_stg_orders_96411fe0c89b49c3f4da955dfd358ba0.sql
[0m17:17:24.684430 [info ] [MainThread]: 
[0m17:17:24.684430 [info ] [MainThread]: Done. PASS=0 WARN=0 ERROR=7 SKIP=0 TOTAL=7
[0m17:17:24.684430 [debug] [MainThread]: Command `dbt test` failed at 17:17:24.684430 after 1.04 seconds
[0m17:17:24.684430 [debug] [MainThread]: Sending event: {'category': 'dbt', 'action': 'invocation', 'label': 'end', 'context': [<snowplow_tracker.self_describing_json.SelfDescribingJson object at 0x00000284CF430860>, <snowplow_tracker.self_describing_json.SelfDescribingJson object at 0x00000284CE85CB00>, <snowplow_tracker.self_describing_json.SelfDescribingJson object at 0x00000284CF2A9400>]}
[0m17:17:24.684430 [debug] [MainThread]: Flushing usage events
[0m17:17:28.789305 [debug] [MainThread]: Sending event: {'category': 'dbt', 'action': 'invocation', 'label': 'start', 'context': [<snowplow_tracker.self_describing_json.SelfDescribingJson object at 0x000001BF8B743E60>, <snowplow_tracker.self_describing_json.SelfDescribingJson object at 0x000001BF8AEDF770>, <snowplow_tracker.self_describing_json.SelfDescribingJson object at 0x000001BF8AEDE1E0>]}


============================== 17:17:28.789305 | 0aeab28b-6dfa-47d7-84de-f5166d18fc99 ==============================
[0m17:17:28.789305 [info ] [MainThread]: Running with dbt=1.8.8
[0m17:17:28.789305 [debug] [MainThread]: running dbt with arguments {'printer_width': '80', 'indirect_selection': 'eager', 'write_json': 'True', 'log_cache_events': 'False', 'partial_parse': 'True', 'cache_selected_only': 'False', 'warn_error': 'None', 'version_check': 'True', 'fail_fast': 'False', 'log_path': 'C:\\Users\\gsuji\\Downloads\\Data-Quality-Testing-Framework\\dbt_project\\logs', 'debug': 'False', 'profiles_dir': 'C:\\Users\\gsuji\\Downloads\\Data-Quality-Testing-Framework\\dbt_project', 'use_colors': 'True', 'use_experimental_parser': 'False', 'no_print': 'None', 'quiet': 'False', 'empty': 'None', 'warn_error_options': 'WarnErrorOptions(include=[], exclude=[])', 'introspect': 'True', 'invocation_command': 'dbt test --select stg_orders --project-dir C:\\Users\\gsuji\\Downloads\\Data-Quality-Testing-Framework\\dbt_project --profiles-dir C:\\Users\\gsuji\\Downloads\\Data-Quality-Testing-Framework\\dbt_project', 'static_parser': 'True', 'target_path': 'None', 'log_format': 'default', 'send_anonymous_usage_stats': 'True'}
[0m17:17:28.934722 [debug] [MainThread]: Sending event: {'category': 'dbt', 'action': 'project_id', 'label': '0aeab28b-6dfa-47d7-84de-f5166d18fc99', 'context': [<snowplow_tracker.self_describing_json.SelfDescribingJson object at 0x000001BF8A777650>]}
[0m17:17:28.979397 [debug] [MainThread]: Sending event: {'category': 'dbt', 'action': 'adapter_info', 'label': '0aeab28b-6dfa-47d7-84de-f5166d18fc99', 'context': [<snowplow_tracker.self_describing_json.SelfDescribingJson object at 0x000001BF8B778350>]}
[0m17:17:28.979397 [info ] [MainThread]: Registered adapter: postgres=1.8.2
[0m17:17:28.979397 [debug] [MainThread]: checksum: ec53e341a936509427e16df1c646386a84befec52c1957e3f4359fbc36fc93f5, vars: {}, profile: , target: , version: 1.8.8
[0m17:17:29.164201 [debug] [MainThread]: Partial parsing enabled: 0 files deleted, 0 files added, 0 files changed.
[0m17:17:29.164201 [debug] [MainThread]: Partial parsing enabled, no changes found, skipping parsing
[0m17:17:29.207675 [debug] [MainThread]: Sending event: {'category': 'dbt', 'action': 'load_project', 'label': '0aeab28b-6dfa-47d7-84de-f5166d18fc99', 'context': [<snowplow_tracker.self_describing_json.SelfDescribingJson object at 0x000001BF8CF24B30>]}
[0m17:17:29.290096 [debug] [MainThread]: Sending event: {'category': 'dbt', 'action': 'resource_counts', 'label': '0aeab28b-6dfa-47d7-84de-f5166d18fc99', 'context': [<snowplow_tracker.self_describing_json.SelfDescribingJson object at 0x000001BF8D2A2870>]}
[0m17:17:29.290096 [info ] [MainThread]: Found 2 models, 14 data tests, 424 macros
[0m17:17:29.290096 [debug] [MainThread]: Sending event: {'category': 'dbt', 'action': 'runnable_timing', 'label': '0aeab28b-6dfa-47d7-84de-f5166d18fc99', 'context': [<snowplow_tracker.self_describing_json.SelfDescribingJson object at 0x000001BF8CF245C0>]}
[0m17:17:29.299377 [info ] [MainThread]: 
[0m17:17:29.299377 [debug] [MainThread]: Acquiring new postgres connection 'master'
[0m17:17:29.303524 [debug] [ThreadPool]: Acquiring new postgres connection 'list_dq_db_analytics_staging'
[0m17:17:29.345498 [debug] [ThreadPool]: Using postgres connection "list_dq_db_analytics_staging"
[0m17:17:29.345498 [debug] [ThreadPool]: On list_dq_db_analytics_staging: BEGIN
[0m17:17:29.345498 [debug] [ThreadPool]: Opening a new connection, currently in state init
[0m17:17:29.369626 [debug] [ThreadPool]: SQL status: BEGIN in 0.018 seconds
[0m17:17:29.369626 [debug] [ThreadPool]: Using postgres connection "list_dq_db_analytics_staging"
[0m17:17:29.369626 [debug] [ThreadPool]: On list_dq_db_analytics_staging: /* {"app": "dbt", "dbt_version": "1.8.8", "profile_name": "dq_project", "target_name": "dev", "connection_name": "list_dq_db_analytics_staging"} */
select
      'dq_db' as database,
      tablename as name,
      schemaname as schema,
      'table' as type
    from pg_tables
    where schemaname ilike 'analytics_staging'
    union all
    select
      'dq_db' as database,
      viewname as name,
      schemaname as schema,
      'view' as type
    from pg_views
    where schemaname ilike 'analytics_staging'
    union all
    select
      'dq_db' as database,
      matviewname as name,
      schemaname as schema,
      'materialized_view' as type
    from pg_matviews
    where schemaname ilike 'analytics_staging'
  
[0m17:17:29.372357 [debug] [ThreadPool]: SQL status: SELECT 0 in 0.003 seconds
[0m17:17:29.372357 [debug] [ThreadPool]: On list_dq_db_analytics_staging: ROLLBACK
[0m17:17:29.372357 [debug] [ThreadPool]: On list_dq_db_analytics_staging: Close
[0m17:17:29.379232 [debug] [MainThread]: Using postgres connection "master"
[0m17:17:29.379232 [debug] [MainThread]: On master: BEGIN
[0m17:17:29.379232 [debug] [MainThread]: Opening a new connection, currently in state init
[0m17:17:29.379232 [debug] [MainThread]: SQL status: BEGIN in 0.012 seconds
[0m17:17:29.379232 [debug] [MainThread]: Using postgres connection "master"
[0m17:17:29.379232 [debug] [MainThread]: On master: /* {"app": "dbt", "dbt_version": "1.8.8", "profile_name": "dq_project", "target_name": "dev", "connection_name": "master"} */
with relation as (
        select
            pg_rewrite.ev_class as class,
            pg_rewrite.oid as id
        from pg_rewrite
    ),
    class as (
        select
            oid as id,
            relname as name,
            relnamespace as schema,
            relkind as kind
        from pg_class
    ),
    dependency as (
        select distinct
            pg_depend.objid as id,
            pg_depend.refobjid as ref
        from pg_depend
    ),
    schema as (
        select
            pg_namespace.oid as id,
            pg_namespace.nspname as name
        from pg_namespace
        where nspname != 'information_schema' and nspname not like 'pg\_%'
    ),
    referenced as (
        select
            relation.id AS id,
            referenced_class.name ,
            referenced_class.schema ,
            referenced_class.kind
        from relation
        join class as referenced_class on relation.class=referenced_class.id
        where referenced_class.kind in ('r', 'v', 'm')
    ),
    relationships as (
        select
            referenced.name as referenced_name,
            referenced.schema as referenced_schema_id,
            dependent_class.name as dependent_name,
            dependent_class.schema as dependent_schema_id,
            referenced.kind as kind
        from referenced
        join dependency on referenced.id=dependency.id
        join class as dependent_class on dependency.ref=dependent_class.id
        where
            (referenced.name != dependent_class.name or
             referenced.schema != dependent_class.schema)
    )

    select
        referenced_schema.name as referenced_schema,
        relationships.referenced_name as referenced_name,
        dependent_schema.name as dependent_schema,
        relationships.dependent_name as dependent_name
    from relationships
    join schema as dependent_schema on relationships.dependent_schema_id=dependent_schema.id
    join schema as referenced_schema on relationships.referenced_schema_id=referenced_schema.id
    group by referenced_schema, referenced_name, dependent_schema, dependent_name
    order by referenced_schema, referenced_name, dependent_schema, dependent_name;
[0m17:17:29.395387 [debug] [MainThread]: SQL status: SELECT 0 in 0.003 seconds
[0m17:17:29.395387 [debug] [MainThread]: Sending event: {'category': 'dbt', 'action': 'runnable_timing', 'label': '0aeab28b-6dfa-47d7-84de-f5166d18fc99', 'context': [<snowplow_tracker.self_describing_json.SelfDescribingJson object at 0x000001BF8D2A3EF0>]}
[0m17:17:29.395387 [debug] [MainThread]: On master: ROLLBACK
[0m17:17:29.399636 [debug] [MainThread]: Using postgres connection "master"
[0m17:17:29.399636 [debug] [MainThread]: On master: BEGIN
[0m17:17:29.399636 [debug] [MainThread]: SQL status: BEGIN in 0.001 seconds
[0m17:17:29.399636 [debug] [MainThread]: On master: COMMIT
[0m17:17:29.399636 [debug] [MainThread]: Using postgres connection "master"
[0m17:17:29.399636 [debug] [MainThread]: On master: COMMIT
[0m17:17:29.399636 [debug] [MainThread]: SQL status: COMMIT in 0.000 seconds
[0m17:17:29.399636 [debug] [MainThread]: On master: Close
[0m17:17:29.399636 [info ] [MainThread]: Concurrency: 4 threads (target='dev')
[0m17:17:29.399636 [info ] [MainThread]: 
[0m17:17:29.399636 [debug] [Thread-1 (]: Began running node test.dq_project.accepted_values_stg_orders_status__placed__shipped__delivered__cancelled__returned.c02af3e6b1
[0m17:17:29.399636 [debug] [Thread-2 (]: Began running node test.dq_project.assert_no_negative_order_amounts
[0m17:17:29.399636 [info ] [Thread-1 (]: 1 of 8 START test accepted_values_stg_orders_status__placed__shipped__delivered__cancelled__returned  [RUN]
[0m17:17:29.399636 [debug] [Thread-3 (]: Began running node test.dq_project.not_null_stg_orders_amount.2546645448
[0m17:17:29.409179 [info ] [Thread-2 (]: 2 of 8 START test assert_no_negative_order_amounts ............................. [RUN]
[0m17:17:29.409179 [debug] [Thread-4 (]: Began running node test.dq_project.not_null_stg_orders_customer_id.af79d5e4b5
[0m17:17:29.409179 [debug] [Thread-1 (]: Acquiring new postgres connection 'test.dq_project.accepted_values_stg_orders_status__placed__shipped__delivered__cancelled__returned.c02af3e6b1'
[0m17:17:29.409179 [info ] [Thread-3 (]: 3 of 8 START test not_null_stg_orders_amount ................................... [RUN]
[0m17:17:29.409179 [debug] [Thread-2 (]: Acquiring new postgres connection 'test.dq_project.assert_no_negative_order_amounts'
[0m17:17:29.411323 [info ] [Thread-4 (]: 4 of 8 START test not_null_stg_orders_customer_id .............................. [RUN]
[0m17:17:29.411323 [debug] [Thread-1 (]: Began compiling node test.dq_project.accepted_values_stg_orders_status__placed__shipped__delivered__cancelled__returned.c02af3e6b1
[0m17:17:29.411323 [debug] [Thread-3 (]: Acquiring new postgres connection 'test.dq_project.not_null_stg_orders_amount.2546645448'
[0m17:17:29.411323 [debug] [Thread-2 (]: Began compiling node test.dq_project.assert_no_negative_order_amounts
[0m17:17:29.411323 [debug] [Thread-4 (]: Acquiring new postgres connection 'test.dq_project.not_null_stg_orders_customer_id.af79d5e4b5'
[0m17:17:29.427444 [debug] [Thread-1 (]: Writing injected SQL for node "test.dq_project.accepted_values_stg_orders_status__placed__shipped__delivered__cancelled__returned.c02af3e6b1"
[0m17:17:29.427444 [debug] [Thread-3 (]: Began compiling node test.dq_project.not_null_stg_orders_amount.2546645448
[0m17:17:29.430277 [debug] [Thread-2 (]: Writing injected SQL for node "test.dq_project.assert_no_negative_order_amounts"
[0m17:17:29.430277 [debug] [Thread-4 (]: Began compiling node test.dq_project.not_null_stg_orders_customer_id.af79d5e4b5
[0m17:17:29.430277 [debug] [Thread-3 (]: Writing injected SQL for node "test.dq_project.not_null_stg_orders_amount.2546645448"
[0m17:17:29.430277 [debug] [Thread-4 (]: Writing injected SQL for node "test.dq_project.not_null_stg_orders_customer_id.af79d5e4b5"
[0m17:17:29.430277 [debug] [Thread-1 (]: Began executing node test.dq_project.accepted_values_stg_orders_status__placed__shipped__delivered__cancelled__returned.c02af3e6b1
[0m17:17:29.430277 [debug] [Thread-1 (]: Writing runtime sql for node "test.dq_project.accepted_values_stg_orders_status__placed__shipped__delivered__cancelled__returned.c02af3e6b1"
[0m17:17:29.455828 [debug] [Thread-2 (]: Began executing node test.dq_project.assert_no_negative_order_amounts
[0m17:17:29.459994 [debug] [Thread-2 (]: Writing runtime sql for node "test.dq_project.assert_no_negative_order_amounts"
[0m17:17:29.459994 [debug] [Thread-4 (]: Began executing node test.dq_project.not_null_stg_orders_customer_id.af79d5e4b5
[0m17:17:29.459994 [debug] [Thread-3 (]: Began executing node test.dq_project.not_null_stg_orders_amount.2546645448
[0m17:17:29.462003 [debug] [Thread-2 (]: Using postgres connection "test.dq_project.assert_no_negative_order_amounts"
[0m17:17:29.464274 [debug] [Thread-4 (]: Writing runtime sql for node "test.dq_project.not_null_stg_orders_customer_id.af79d5e4b5"
[0m17:17:29.464274 [debug] [Thread-1 (]: Using postgres connection "test.dq_project.accepted_values_stg_orders_status__placed__shipped__delivered__cancelled__returned.c02af3e6b1"
[0m17:17:29.464274 [debug] [Thread-3 (]: Writing runtime sql for node "test.dq_project.not_null_stg_orders_amount.2546645448"
[0m17:17:29.464274 [debug] [Thread-2 (]: On test.dq_project.assert_no_negative_order_amounts: BEGIN
[0m17:17:29.464274 [debug] [Thread-1 (]: On test.dq_project.accepted_values_stg_orders_status__placed__shipped__delivered__cancelled__returned.c02af3e6b1: BEGIN
[0m17:17:29.464274 [debug] [Thread-2 (]: Opening a new connection, currently in state init
[0m17:17:29.464274 [debug] [Thread-1 (]: Opening a new connection, currently in state init
[0m17:17:29.464274 [debug] [Thread-4 (]: Using postgres connection "test.dq_project.not_null_stg_orders_customer_id.af79d5e4b5"
[0m17:17:29.464274 [debug] [Thread-3 (]: Using postgres connection "test.dq_project.not_null_stg_orders_amount.2546645448"
[0m17:17:29.464274 [debug] [Thread-4 (]: On test.dq_project.not_null_stg_orders_customer_id.af79d5e4b5: BEGIN
[0m17:17:29.464274 [debug] [Thread-3 (]: On test.dq_project.not_null_stg_orders_amount.2546645448: BEGIN
[0m17:17:29.464274 [debug] [Thread-4 (]: Opening a new connection, currently in state init
[0m17:17:29.464274 [debug] [Thread-3 (]: Opening a new connection, currently in state init
[0m17:17:29.485109 [debug] [Thread-1 (]: SQL status: BEGIN in 0.019 seconds
[0m17:17:29.490071 [debug] [Thread-1 (]: Using postgres connection "test.dq_project.accepted_values_stg_orders_status__placed__shipped__delivered__cancelled__returned.c02af3e6b1"
[0m17:17:29.490071 [debug] [Thread-1 (]: On test.dq_project.accepted_values_stg_orders_status__placed__shipped__delivered__cancelled__returned.c02af3e6b1: /* {"app": "dbt", "dbt_version": "1.8.8", "profile_name": "dq_project", "target_name": "dev", "node_id": "test.dq_project.accepted_values_stg_orders_status__placed__shipped__delivered__cancelled__returned.c02af3e6b1"} */
select
      count(*) as failures,
      count(*) != 0 as should_warn,
      count(*) != 0 as should_error
    from (
      
    
    

with all_values as (

    select
        status as value_field,
        count(*) as n_records

    from "dq_db"."analytics_staging"."stg_orders"
    group by status

)

select *
from all_values
where value_field not in (
    'placed','shipped','delivered','cancelled','returned'
)



      
    ) dbt_internal_test
[0m17:17:29.490071 [debug] [Thread-3 (]: SQL status: BEGIN in 0.019 seconds
[0m17:17:29.490071 [debug] [Thread-2 (]: SQL status: BEGIN in 0.023 seconds
[0m17:17:29.490071 [debug] [Thread-3 (]: Using postgres connection "test.dq_project.not_null_stg_orders_amount.2546645448"
[0m17:17:29.490071 [debug] [Thread-4 (]: SQL status: BEGIN in 0.021 seconds
[0m17:17:29.490071 [debug] [Thread-1 (]: Postgres adapter: Postgres error: relation "analytics_staging.stg_orders" does not exist
LINE 17:     from "dq_db"."analytics_staging"."stg_orders"
                  ^

[0m17:17:29.490071 [debug] [Thread-2 (]: Using postgres connection "test.dq_project.assert_no_negative_order_amounts"
[0m17:17:29.490071 [debug] [Thread-3 (]: On test.dq_project.not_null_stg_orders_amount.2546645448: /* {"app": "dbt", "dbt_version": "1.8.8", "profile_name": "dq_project", "target_name": "dev", "node_id": "test.dq_project.not_null_stg_orders_amount.2546645448"} */
select
      count(*) as failures,
      count(*) != 0 as should_warn,
      count(*) != 0 as should_error
    from (
      
    
    



select amount
from "dq_db"."analytics_staging"."stg_orders"
where amount is null



      
    ) dbt_internal_test
[0m17:17:29.493897 [debug] [Thread-4 (]: Using postgres connection "test.dq_project.not_null_stg_orders_customer_id.af79d5e4b5"
[0m17:17:29.493897 [debug] [Thread-1 (]: On test.dq_project.accepted_values_stg_orders_status__placed__shipped__delivered__cancelled__returned.c02af3e6b1: ROLLBACK
[0m17:17:29.493897 [debug] [Thread-2 (]: On test.dq_project.assert_no_negative_order_amounts: /* {"app": "dbt", "dbt_version": "1.8.8", "profile_name": "dq_project", "target_name": "dev", "node_id": "test.dq_project.assert_no_negative_order_amounts"} */
select
      count(*) as failures,
      count(*) != 0 as should_warn,
      count(*) != 0 as should_error
    from (
      -- Singular test: fails (returns rows) if any order has a negative amount.
-- dbt tests "pass" when the query returns zero rows.

select order_id, amount
from "dq_db"."analytics_staging"."stg_orders"
where amount < 0
      
    ) dbt_internal_test
[0m17:17:29.493897 [debug] [Thread-4 (]: On test.dq_project.not_null_stg_orders_customer_id.af79d5e4b5: /* {"app": "dbt", "dbt_version": "1.8.8", "profile_name": "dq_project", "target_name": "dev", "node_id": "test.dq_project.not_null_stg_orders_customer_id.af79d5e4b5"} */
select
      count(*) as failures,
      count(*) != 0 as should_warn,
      count(*) != 0 as should_error
    from (
      
    
    



select customer_id
from "dq_db"."analytics_staging"."stg_orders"
where customer_id is null



      
    ) dbt_internal_test
[0m17:17:29.493897 [debug] [Thread-1 (]: On test.dq_project.accepted_values_stg_orders_status__placed__shipped__delivered__cancelled__returned.c02af3e6b1: Close
[0m17:17:29.493897 [debug] [Thread-3 (]: Postgres adapter: Postgres error: relation "analytics_staging.stg_orders" does not exist
LINE 14: from "dq_db"."analytics_staging"."stg_orders"
              ^

[0m17:17:29.499139 [debug] [Thread-4 (]: Postgres adapter: Postgres error: relation "analytics_staging.stg_orders" does not exist
LINE 14: from "dq_db"."analytics_staging"."stg_orders"
              ^

[0m17:17:29.499139 [debug] [Thread-2 (]: Postgres adapter: Postgres error: relation "analytics_staging.stg_orders" does not exist
LINE 11: from "dq_db"."analytics_staging"."stg_orders"
              ^

[0m17:17:29.499139 [debug] [Thread-3 (]: On test.dq_project.not_null_stg_orders_amount.2546645448: ROLLBACK
[0m17:17:29.499139 [debug] [Thread-4 (]: On test.dq_project.not_null_stg_orders_customer_id.af79d5e4b5: ROLLBACK
[0m17:17:29.499139 [debug] [Thread-2 (]: On test.dq_project.assert_no_negative_order_amounts: ROLLBACK
[0m17:17:29.499139 [debug] [Thread-4 (]: On test.dq_project.not_null_stg_orders_customer_id.af79d5e4b5: Close
[0m17:17:29.499139 [debug] [Thread-2 (]: On test.dq_project.assert_no_negative_order_amounts: Close
[0m17:17:29.499139 [debug] [Thread-3 (]: On test.dq_project.not_null_stg_orders_amount.2546645448: Close
[0m17:17:29.511054 [debug] [Thread-3 (]: Database Error in test not_null_stg_orders_amount (models\staging\schema.yml)
  relation "analytics_staging.stg_orders" does not exist
  LINE 14: from "dq_db"."analytics_staging"."stg_orders"
                ^
  compiled code at target\run\dq_project\models\staging\schema.yml\not_null_stg_orders_amount.sql
[0m17:17:29.511054 [debug] [Thread-1 (]: Database Error in test accepted_values_stg_orders_status__placed__shipped__delivered__cancelled__returned (models\staging\schema.yml)
  relation "analytics_staging.stg_orders" does not exist
  LINE 17:     from "dq_db"."analytics_staging"."stg_orders"
                    ^
  compiled code at target\run\dq_project\models\staging\schema.yml\accepted_values_stg_orders_baa1d81332b3755c5b189103b7711b6d.sql
[0m17:17:29.511054 [error] [Thread-3 (]: 3 of 8 ERROR not_null_stg_orders_amount ........................................ [[31mERROR[0m in 0.10s]
[0m17:17:29.511054 [debug] [Thread-2 (]: Database Error in test assert_no_negative_order_amounts (tests\assert_no_negative_order_amounts.sql)
  relation "analytics_staging.stg_orders" does not exist
  LINE 11: from "dq_db"."analytics_staging"."stg_orders"
                ^
  compiled code at target\run\dq_project\tests\assert_no_negative_order_amounts.sql
[0m17:17:29.511054 [error] [Thread-1 (]: 1 of 8 ERROR accepted_values_stg_orders_status__placed__shipped__delivered__cancelled__returned  [[31mERROR[0m in 0.10s]
[0m17:17:29.519248 [debug] [Thread-3 (]: Finished running node test.dq_project.not_null_stg_orders_amount.2546645448
[0m17:17:29.519248 [debug] [Thread-4 (]: Database Error in test not_null_stg_orders_customer_id (models\staging\schema.yml)
  relation "analytics_staging.stg_orders" does not exist
  LINE 14: from "dq_db"."analytics_staging"."stg_orders"
                ^
  compiled code at target\run\dq_project\models\staging\schema.yml\not_null_stg_orders_customer_id.sql
[0m17:17:29.519248 [error] [Thread-2 (]: 2 of 8 ERROR assert_no_negative_order_amounts .................................. [[31mERROR[0m in 0.11s]
[0m17:17:29.520771 [debug] [Thread-1 (]: Finished running node test.dq_project.accepted_values_stg_orders_status__placed__shipped__delivered__cancelled__returned.c02af3e6b1
[0m17:17:29.520771 [debug] [Thread-3 (]: Began running node test.dq_project.not_null_stg_orders_order_id.81cfe2fe64
[0m17:17:29.520771 [error] [Thread-4 (]: 4 of 8 ERROR not_null_stg_orders_customer_id ................................... [[31mERROR[0m in 0.11s]
[0m17:17:29.520771 [debug] [Thread-2 (]: Finished running node test.dq_project.assert_no_negative_order_amounts
[0m17:17:29.520771 [debug] [Thread-1 (]: Began running node test.dq_project.not_null_stg_orders_status.2b01eecbd6
[0m17:17:29.520771 [info ] [Thread-3 (]: 5 of 8 START test not_null_stg_orders_order_id ................................. [RUN]
[0m17:17:29.525630 [debug] [Thread-4 (]: Finished running node test.dq_project.not_null_stg_orders_customer_id.af79d5e4b5
[0m17:17:29.526143 [debug] [Thread-2 (]: Began running node test.dq_project.relationships_stg_orders_customer_id__customer_id__ref_stg_customers_.430bf21500
[0m17:17:29.526143 [info ] [Thread-1 (]: 6 of 8 START test not_null_stg_orders_status ................................... [RUN]
[0m17:17:29.526143 [debug] [Thread-3 (]: Re-using an available connection from the pool (formerly test.dq_project.not_null_stg_orders_amount.2546645448, now test.dq_project.not_null_stg_orders_order_id.81cfe2fe64)
[0m17:17:29.527749 [debug] [Thread-4 (]: Began running node test.dq_project.unique_stg_orders_order_id.e3b841c71a
[0m17:17:29.527749 [info ] [Thread-2 (]: 7 of 8 START test relationships_stg_orders_customer_id__customer_id__ref_stg_customers_  [RUN]
[0m17:17:29.527749 [debug] [Thread-1 (]: Re-using an available connection from the pool (formerly test.dq_project.accepted_values_stg_orders_status__placed__shipped__delivered__cancelled__returned.c02af3e6b1, now test.dq_project.not_null_stg_orders_status.2b01eecbd6)
[0m17:17:29.527749 [debug] [Thread-3 (]: Began compiling node test.dq_project.not_null_stg_orders_order_id.81cfe2fe64
[0m17:17:29.527749 [info ] [Thread-4 (]: 8 of 8 START test unique_stg_orders_order_id ................................... [RUN]
[0m17:17:29.529270 [debug] [Thread-2 (]: Re-using an available connection from the pool (formerly test.dq_project.assert_no_negative_order_amounts, now test.dq_project.relationships_stg_orders_customer_id__customer_id__ref_stg_customers_.430bf21500)
[0m17:17:29.529270 [debug] [Thread-1 (]: Began compiling node test.dq_project.not_null_stg_orders_status.2b01eecbd6
[0m17:17:29.529270 [debug] [Thread-3 (]: Writing injected SQL for node "test.dq_project.not_null_stg_orders_order_id.81cfe2fe64"
[0m17:17:29.529270 [debug] [Thread-4 (]: Re-using an available connection from the pool (formerly test.dq_project.not_null_stg_orders_customer_id.af79d5e4b5, now test.dq_project.unique_stg_orders_order_id.e3b841c71a)
[0m17:17:29.529270 [debug] [Thread-2 (]: Began compiling node test.dq_project.relationships_stg_orders_customer_id__customer_id__ref_stg_customers_.430bf21500
[0m17:17:29.529270 [debug] [Thread-1 (]: Writing injected SQL for node "test.dq_project.not_null_stg_orders_status.2b01eecbd6"
[0m17:17:29.529270 [debug] [Thread-4 (]: Began compiling node test.dq_project.unique_stg_orders_order_id.e3b841c71a
[0m17:17:29.529270 [debug] [Thread-2 (]: Writing injected SQL for node "test.dq_project.relationships_stg_orders_customer_id__customer_id__ref_stg_customers_.430bf21500"
[0m17:17:29.549707 [debug] [Thread-4 (]: Writing injected SQL for node "test.dq_project.unique_stg_orders_order_id.e3b841c71a"
[0m17:17:29.549707 [debug] [Thread-3 (]: Began executing node test.dq_project.not_null_stg_orders_order_id.81cfe2fe64
[0m17:17:29.549707 [debug] [Thread-1 (]: Began executing node test.dq_project.not_null_stg_orders_status.2b01eecbd6
[0m17:17:29.549707 [debug] [Thread-3 (]: Writing runtime sql for node "test.dq_project.not_null_stg_orders_order_id.81cfe2fe64"
[0m17:17:29.555688 [debug] [Thread-1 (]: Writing runtime sql for node "test.dq_project.not_null_stg_orders_status.2b01eecbd6"
[0m17:17:29.555688 [debug] [Thread-2 (]: Began executing node test.dq_project.relationships_stg_orders_customer_id__customer_id__ref_stg_customers_.430bf21500
[0m17:17:29.555688 [debug] [Thread-4 (]: Began executing node test.dq_project.unique_stg_orders_order_id.e3b841c71a
[0m17:17:29.559528 [debug] [Thread-2 (]: Writing runtime sql for node "test.dq_project.relationships_stg_orders_customer_id__customer_id__ref_stg_customers_.430bf21500"
[0m17:17:29.559528 [debug] [Thread-4 (]: Writing runtime sql for node "test.dq_project.unique_stg_orders_order_id.e3b841c71a"
[0m17:17:29.559528 [debug] [Thread-1 (]: Using postgres connection "test.dq_project.not_null_stg_orders_status.2b01eecbd6"
[0m17:17:29.559528 [debug] [Thread-3 (]: Using postgres connection "test.dq_project.not_null_stg_orders_order_id.81cfe2fe64"
[0m17:17:29.562774 [debug] [Thread-1 (]: On test.dq_project.not_null_stg_orders_status.2b01eecbd6: BEGIN
[0m17:17:29.562774 [debug] [Thread-3 (]: On test.dq_project.not_null_stg_orders_order_id.81cfe2fe64: BEGIN
[0m17:17:29.562774 [debug] [Thread-1 (]: Opening a new connection, currently in state closed
[0m17:17:29.562774 [debug] [Thread-3 (]: Opening a new connection, currently in state closed
[0m17:17:29.562774 [debug] [Thread-4 (]: Using postgres connection "test.dq_project.unique_stg_orders_order_id.e3b841c71a"
[0m17:17:29.562774 [debug] [Thread-2 (]: Using postgres connection "test.dq_project.relationships_stg_orders_customer_id__customer_id__ref_stg_customers_.430bf21500"
[0m17:17:29.562774 [debug] [Thread-4 (]: On test.dq_project.unique_stg_orders_order_id.e3b841c71a: BEGIN
[0m17:17:29.562774 [debug] [Thread-2 (]: On test.dq_project.relationships_stg_orders_customer_id__customer_id__ref_stg_customers_.430bf21500: BEGIN
[0m17:17:29.562774 [debug] [Thread-4 (]: Opening a new connection, currently in state closed
[0m17:17:29.562774 [debug] [Thread-2 (]: Opening a new connection, currently in state closed
[0m17:17:29.594738 [debug] [Thread-3 (]: SQL status: BEGIN in 0.036 seconds
[0m17:17:29.594738 [debug] [Thread-3 (]: Using postgres connection "test.dq_project.not_null_stg_orders_order_id.81cfe2fe64"
[0m17:17:29.601524 [debug] [Thread-3 (]: On test.dq_project.not_null_stg_orders_order_id.81cfe2fe64: /* {"app": "dbt", "dbt_version": "1.8.8", "profile_name": "dq_project", "target_name": "dev", "node_id": "test.dq_project.not_null_stg_orders_order_id.81cfe2fe64"} */
select
      count(*) as failures,
      count(*) != 0 as should_warn,
      count(*) != 0 as should_error
    from (
      
    
    



select order_id
from "dq_db"."analytics_staging"."stg_orders"
where order_id is null



      
    ) dbt_internal_test
[0m17:17:29.594738 [debug] [Thread-1 (]: SQL status: BEGIN in 0.038 seconds
[0m17:17:29.602346 [debug] [Thread-1 (]: Using postgres connection "test.dq_project.not_null_stg_orders_status.2b01eecbd6"
[0m17:17:29.602346 [debug] [Thread-1 (]: On test.dq_project.not_null_stg_orders_status.2b01eecbd6: /* {"app": "dbt", "dbt_version": "1.8.8", "profile_name": "dq_project", "target_name": "dev", "node_id": "test.dq_project.not_null_stg_orders_status.2b01eecbd6"} */
select
      count(*) as failures,
      count(*) != 0 as should_warn,
      count(*) != 0 as should_error
    from (
      
    
    



select status
from "dq_db"."analytics_staging"."stg_orders"
where status is null



      
    ) dbt_internal_test
[0m17:17:29.603863 [debug] [Thread-4 (]: SQL status: BEGIN in 0.037 seconds
[0m17:17:29.603863 [debug] [Thread-2 (]: SQL status: BEGIN in 0.037 seconds
[0m17:17:29.603863 [debug] [Thread-4 (]: Using postgres connection "test.dq_project.unique_stg_orders_order_id.e3b841c71a"
[0m17:17:29.603863 [debug] [Thread-1 (]: Postgres adapter: Postgres error: relation "analytics_staging.stg_orders" does not exist
LINE 14: from "dq_db"."analytics_staging"."stg_orders"
              ^

[0m17:17:29.603863 [debug] [Thread-3 (]: Postgres adapter: Postgres error: relation "analytics_staging.stg_orders" does not exist
LINE 14: from "dq_db"."analytics_staging"."stg_orders"
              ^

[0m17:17:29.603863 [debug] [Thread-2 (]: Using postgres connection "test.dq_project.relationships_stg_orders_customer_id__customer_id__ref_stg_customers_.430bf21500"
[0m17:17:29.603863 [debug] [Thread-4 (]: On test.dq_project.unique_stg_orders_order_id.e3b841c71a: /* {"app": "dbt", "dbt_version": "1.8.8", "profile_name": "dq_project", "target_name": "dev", "node_id": "test.dq_project.unique_stg_orders_order_id.e3b841c71a"} */
select
      count(*) as failures,
      count(*) != 0 as should_warn,
      count(*) != 0 as should_error
    from (
      
    
    

select
    order_id as unique_field,
    count(*) as n_records

from "dq_db"."analytics_staging"."stg_orders"
where order_id is not null
group by order_id
having count(*) > 1



      
    ) dbt_internal_test
[0m17:17:29.603863 [debug] [Thread-1 (]: On test.dq_project.not_null_stg_orders_status.2b01eecbd6: ROLLBACK
[0m17:17:29.603863 [debug] [Thread-3 (]: On test.dq_project.not_null_stg_orders_order_id.81cfe2fe64: ROLLBACK
[0m17:17:29.603863 [debug] [Thread-2 (]: On test.dq_project.relationships_stg_orders_customer_id__customer_id__ref_stg_customers_.430bf21500: /* {"app": "dbt", "dbt_version": "1.8.8", "profile_name": "dq_project", "target_name": "dev", "node_id": "test.dq_project.relationships_stg_orders_customer_id__customer_id__ref_stg_customers_.430bf21500"} */
select
      count(*) as failures,
      count(*) != 0 as should_warn,
      count(*) != 0 as should_error
    from (
      
    
    

with child as (
    select customer_id as from_field
    from "dq_db"."analytics_staging"."stg_orders"
    where customer_id is not null
),

parent as (
    select customer_id as to_field
    from "dq_db"."analytics_staging"."stg_customers"
)

select
    from_field

from child
left join parent
    on child.from_field = parent.to_field

where parent.to_field is null



      
    ) dbt_internal_test
[0m17:17:29.609389 [debug] [Thread-3 (]: On test.dq_project.not_null_stg_orders_order_id.81cfe2fe64: Close
[0m17:17:29.609389 [debug] [Thread-1 (]: On test.dq_project.not_null_stg_orders_status.2b01eecbd6: Close
[0m17:17:29.609389 [debug] [Thread-4 (]: Postgres adapter: Postgres error: relation "analytics_staging.stg_orders" does not exist
LINE 15: from "dq_db"."analytics_staging"."stg_orders"
              ^

[0m17:17:29.609389 [debug] [Thread-4 (]: On test.dq_project.unique_stg_orders_order_id.e3b841c71a: ROLLBACK
[0m17:17:29.609389 [debug] [Thread-2 (]: Postgres adapter: Postgres error: relation "analytics_staging.stg_orders" does not exist
LINE 13:     from "dq_db"."analytics_staging"."stg_orders"
                  ^

[0m17:17:29.609389 [debug] [Thread-2 (]: On test.dq_project.relationships_stg_orders_customer_id__customer_id__ref_stg_customers_.430bf21500: ROLLBACK
[0m17:17:29.609389 [debug] [Thread-4 (]: On test.dq_project.unique_stg_orders_order_id.e3b841c71a: Close
[0m17:17:29.609389 [debug] [Thread-3 (]: Database Error in test not_null_stg_orders_order_id (models\staging\schema.yml)
  relation "analytics_staging.stg_orders" does not exist
  LINE 14: from "dq_db"."analytics_staging"."stg_orders"
                ^
  compiled code at target\run\dq_project\models\staging\schema.yml\not_null_stg_orders_order_id.sql
[0m17:17:29.609389 [debug] [Thread-2 (]: On test.dq_project.relationships_stg_orders_customer_id__customer_id__ref_stg_customers_.430bf21500: Close
[0m17:17:29.609389 [error] [Thread-3 (]: 5 of 8 ERROR not_null_stg_orders_order_id ...................................... [[31mERROR[0m in 0.08s]
[0m17:17:29.609389 [debug] [Thread-1 (]: Database Error in test not_null_stg_orders_status (models\staging\schema.yml)
  relation "analytics_staging.stg_orders" does not exist
  LINE 14: from "dq_db"."analytics_staging"."stg_orders"
                ^
  compiled code at target\run\dq_project\models\staging\schema.yml\not_null_stg_orders_status.sql
[0m17:17:29.609389 [debug] [Thread-3 (]: Finished running node test.dq_project.not_null_stg_orders_order_id.81cfe2fe64
[0m17:17:29.623070 [debug] [Thread-4 (]: Database Error in test unique_stg_orders_order_id (models\staging\schema.yml)
  relation "analytics_staging.stg_orders" does not exist
  LINE 15: from "dq_db"."analytics_staging"."stg_orders"
                ^
  compiled code at target\run\dq_project\models\staging\schema.yml\unique_stg_orders_order_id.sql
[0m17:17:29.623070 [error] [Thread-1 (]: 6 of 8 ERROR not_null_stg_orders_status ........................................ [[31mERROR[0m in 0.08s]
[0m17:17:29.623070 [debug] [Thread-2 (]: Database Error in test relationships_stg_orders_customer_id__customer_id__ref_stg_customers_ (models\staging\schema.yml)
  relation "analytics_staging.stg_orders" does not exist
  LINE 13:     from "dq_db"."analytics_staging"."stg_orders"
                    ^
  compiled code at target\run\dq_project\models\staging\schema.yml\relationships_stg_orders_96411fe0c89b49c3f4da955dfd358ba0.sql
[0m17:17:29.623070 [error] [Thread-4 (]: 8 of 8 ERROR unique_stg_orders_order_id ........................................ [[31mERROR[0m in 0.09s]
[0m17:17:29.623070 [debug] [Thread-1 (]: Finished running node test.dq_project.not_null_stg_orders_status.2b01eecbd6
[0m17:17:29.623070 [error] [Thread-2 (]: 7 of 8 ERROR relationships_stg_orders_customer_id__customer_id__ref_stg_customers_  [[31mERROR[0m in 0.09s]
[0m17:17:29.623070 [debug] [Thread-4 (]: Finished running node test.dq_project.unique_stg_orders_order_id.e3b841c71a
[0m17:17:29.623070 [debug] [Thread-2 (]: Finished running node test.dq_project.relationships_stg_orders_customer_id__customer_id__ref_stg_customers_.430bf21500
[0m17:17:29.629399 [debug] [MainThread]: Using postgres connection "master"
[0m17:17:29.629399 [debug] [MainThread]: On master: BEGIN
[0m17:17:29.629399 [debug] [MainThread]: Opening a new connection, currently in state closed
[0m17:17:29.639447 [debug] [MainThread]: SQL status: BEGIN in 0.013 seconds
[0m17:17:29.639447 [debug] [MainThread]: On master: COMMIT
[0m17:17:29.639447 [debug] [MainThread]: Using postgres connection "master"
[0m17:17:29.639447 [debug] [MainThread]: On master: COMMIT
[0m17:17:29.639447 [debug] [MainThread]: SQL status: COMMIT in 0.000 seconds
[0m17:17:29.639447 [debug] [MainThread]: On master: Close
[0m17:17:29.639447 [debug] [MainThread]: Connection 'master' was properly closed.
[0m17:17:29.639447 [debug] [MainThread]: Connection 'list_dq_db_analytics_staging' was properly closed.
[0m17:17:29.639447 [debug] [MainThread]: Connection 'test.dq_project.not_null_stg_orders_status.2b01eecbd6' was properly closed.
[0m17:17:29.639447 [debug] [MainThread]: Connection 'test.dq_project.relationships_stg_orders_customer_id__customer_id__ref_stg_customers_.430bf21500' was properly closed.
[0m17:17:29.639447 [debug] [MainThread]: Connection 'test.dq_project.not_null_stg_orders_order_id.81cfe2fe64' was properly closed.
[0m17:17:29.639447 [debug] [MainThread]: Connection 'test.dq_project.unique_stg_orders_order_id.e3b841c71a' was properly closed.
[0m17:17:29.639447 [info ] [MainThread]: 
[0m17:17:29.639447 [info ] [MainThread]: Finished running 8 data tests in 0 hours 0 minutes and 0.34 seconds (0.34s).
[0m17:17:29.639447 [debug] [MainThread]: Command end result
[0m17:17:29.734125 [info ] [MainThread]: 
[0m17:17:29.734125 [info ] [MainThread]: [31mCompleted with 8 errors and 0 warnings:[0m
[0m17:17:29.734125 [info ] [MainThread]: 
[0m17:17:29.734125 [error] [MainThread]:   Database Error in test not_null_stg_orders_amount (models\staging\schema.yml)
  relation "analytics_staging.stg_orders" does not exist
  LINE 14: from "dq_db"."analytics_staging"."stg_orders"
                ^
  compiled code at target\run\dq_project\models\staging\schema.yml\not_null_stg_orders_amount.sql
[0m17:17:29.734125 [info ] [MainThread]: 
[0m17:17:29.734125 [error] [MainThread]:   Database Error in test accepted_values_stg_orders_status__placed__shipped__delivered__cancelled__returned (models\staging\schema.yml)
  relation "analytics_staging.stg_orders" does not exist
  LINE 17:     from "dq_db"."analytics_staging"."stg_orders"
                    ^
  compiled code at target\run\dq_project\models\staging\schema.yml\accepted_values_stg_orders_baa1d81332b3755c5b189103b7711b6d.sql
[0m17:17:29.734125 [info ] [MainThread]: 
[0m17:17:29.734125 [error] [MainThread]:   Database Error in test assert_no_negative_order_amounts (tests\assert_no_negative_order_amounts.sql)
  relation "analytics_staging.stg_orders" does not exist
  LINE 11: from "dq_db"."analytics_staging"."stg_orders"
                ^
  compiled code at target\run\dq_project\tests\assert_no_negative_order_amounts.sql
[0m17:17:29.734125 [info ] [MainThread]: 
[0m17:17:29.734125 [error] [MainThread]:   Database Error in test not_null_stg_orders_customer_id (models\staging\schema.yml)
  relation "analytics_staging.stg_orders" does not exist
  LINE 14: from "dq_db"."analytics_staging"."stg_orders"
                ^
  compiled code at target\run\dq_project\models\staging\schema.yml\not_null_stg_orders_customer_id.sql
[0m17:17:29.734125 [info ] [MainThread]: 
[0m17:17:29.734125 [error] [MainThread]:   Database Error in test not_null_stg_orders_order_id (models\staging\schema.yml)
  relation "analytics_staging.stg_orders" does not exist
  LINE 14: from "dq_db"."analytics_staging"."stg_orders"
                ^
  compiled code at target\run\dq_project\models\staging\schema.yml\not_null_stg_orders_order_id.sql
[0m17:17:29.734125 [info ] [MainThread]: 
[0m17:17:29.734125 [error] [MainThread]:   Database Error in test not_null_stg_orders_status (models\staging\schema.yml)
  relation "analytics_staging.stg_orders" does not exist
  LINE 14: from "dq_db"."analytics_staging"."stg_orders"
                ^
  compiled code at target\run\dq_project\models\staging\schema.yml\not_null_stg_orders_status.sql
[0m17:17:29.734125 [info ] [MainThread]: 
[0m17:17:29.734125 [error] [MainThread]:   Database Error in test unique_stg_orders_order_id (models\staging\schema.yml)
  relation "analytics_staging.stg_orders" does not exist
  LINE 15: from "dq_db"."analytics_staging"."stg_orders"
                ^
  compiled code at target\run\dq_project\models\staging\schema.yml\unique_stg_orders_order_id.sql
[0m17:17:29.734125 [info ] [MainThread]: 
[0m17:17:29.734125 [error] [MainThread]:   Database Error in test relationships_stg_orders_customer_id__customer_id__ref_stg_customers_ (models\staging\schema.yml)
  relation "analytics_staging.stg_orders" does not exist
  LINE 13:     from "dq_db"."analytics_staging"."stg_orders"
                    ^
  compiled code at target\run\dq_project\models\staging\schema.yml\relationships_stg_orders_96411fe0c89b49c3f4da955dfd358ba0.sql
[0m17:17:29.734125 [info ] [MainThread]: 
[0m17:17:29.734125 [info ] [MainThread]: Done. PASS=0 WARN=0 ERROR=8 SKIP=0 TOTAL=8
[0m17:17:29.734125 [debug] [MainThread]: Command `dbt test` failed at 17:17:29.734125 after 1.19 seconds
[0m17:17:29.734125 [debug] [MainThread]: Sending event: {'category': 'dbt', 'action': 'invocation', 'label': 'end', 'context': [<snowplow_tracker.self_describing_json.SelfDescribingJson object at 0x000001BF88CC5040>, <snowplow_tracker.self_describing_json.SelfDescribingJson object at 0x000001BF879C1FA0>, <snowplow_tracker.self_describing_json.SelfDescribingJson object at 0x000001BF8CF51FA0>]}
[0m17:17:29.734125 [debug] [MainThread]: Flushing usage events
[0m17:17:34.027752 [debug] [MainThread]: Sending event: {'category': 'dbt', 'action': 'invocation', 'label': 'start', 'context': [<snowplow_tracker.self_describing_json.SelfDescribingJson object at 0x000001F57E22DFD0>, <snowplow_tracker.self_describing_json.SelfDescribingJson object at 0x000001F57DAA1070>, <snowplow_tracker.self_describing_json.SelfDescribingJson object at 0x000001F57E30BDA0>]}


============================== 17:17:34.032032 | ecb3ffe6-c407-4766-8ed2-9a44f50ce145 ==============================
[0m17:17:34.032032 [info ] [MainThread]: Running with dbt=1.8.8
[0m17:17:34.032032 [debug] [MainThread]: running dbt with arguments {'printer_width': '80', 'indirect_selection': 'eager', 'write_json': 'True', 'log_cache_events': 'False', 'partial_parse': 'True', 'cache_selected_only': 'False', 'warn_error': 'None', 'debug': 'False', 'fail_fast': 'False', 'log_path': 'C:\\Users\\gsuji\\Downloads\\Data-Quality-Testing-Framework\\dbt_project\\logs', 'version_check': 'True', 'profiles_dir': 'C:\\Users\\gsuji\\Downloads\\Data-Quality-Testing-Framework\\dbt_project', 'use_colors': 'True', 'use_experimental_parser': 'False', 'empty': 'None', 'quiet': 'False', 'no_print': 'None', 'log_format': 'default', 'introspect': 'True', 'warn_error_options': 'WarnErrorOptions(include=[], exclude=[])', 'static_parser': 'True', 'target_path': 'None', 'invocation_command': 'dbt test --select stg_orders --project-dir C:\\Users\\gsuji\\Downloads\\Data-Quality-Testing-Framework\\dbt_project --profiles-dir C:\\Users\\gsuji\\Downloads\\Data-Quality-Testing-Framework\\dbt_project', 'send_anonymous_usage_stats': 'True'}
[0m17:17:34.169203 [debug] [MainThread]: Sending event: {'category': 'dbt', 'action': 'project_id', 'label': 'ecb3ffe6-c407-4766-8ed2-9a44f50ce145', 'context': [<snowplow_tracker.self_describing_json.SelfDescribingJson object at 0x000001F57DFE8BF0>]}
[0m17:17:34.215059 [debug] [MainThread]: Sending event: {'category': 'dbt', 'action': 'adapter_info', 'label': 'ecb3ffe6-c407-4766-8ed2-9a44f50ce145', 'context': [<snowplow_tracker.self_describing_json.SelfDescribingJson object at 0x000001F57DECBEF0>]}
[0m17:17:34.215059 [info ] [MainThread]: Registered adapter: postgres=1.8.2
[0m17:17:34.219147 [debug] [MainThread]: checksum: ec53e341a936509427e16df1c646386a84befec52c1957e3f4359fbc36fc93f5, vars: {}, profile: , target: , version: 1.8.8
[0m17:17:34.399232 [debug] [MainThread]: Partial parsing enabled: 0 files deleted, 0 files added, 0 files changed.
[0m17:17:34.399232 [debug] [MainThread]: Partial parsing enabled, no changes found, skipping parsing
[0m17:17:34.479291 [debug] [MainThread]: Sending event: {'category': 'dbt', 'action': 'load_project', 'label': 'ecb3ffe6-c407-4766-8ed2-9a44f50ce145', 'context': [<snowplow_tracker.self_describing_json.SelfDescribingJson object at 0x000001F57FB00D40>]}
[0m17:17:34.665269 [debug] [MainThread]: Sending event: {'category': 'dbt', 'action': 'resource_counts', 'label': 'ecb3ffe6-c407-4766-8ed2-9a44f50ce145', 'context': [<snowplow_tracker.self_describing_json.SelfDescribingJson object at 0x000001F57FE933E0>]}
[0m17:17:34.665269 [info ] [MainThread]: Found 2 models, 14 data tests, 424 macros
[0m17:17:34.665269 [debug] [MainThread]: Sending event: {'category': 'dbt', 'action': 'runnable_timing', 'label': 'ecb3ffe6-c407-4766-8ed2-9a44f50ce145', 'context': [<snowplow_tracker.self_describing_json.SelfDescribingJson object at 0x000001F57FB010A0>]}
[0m17:17:34.669188 [info ] [MainThread]: 
[0m17:17:34.670934 [debug] [MainThread]: Acquiring new postgres connection 'master'
[0m17:17:34.672942 [debug] [ThreadPool]: Acquiring new postgres connection 'list_dq_db_analytics_staging'
[0m17:17:34.729407 [debug] [ThreadPool]: Using postgres connection "list_dq_db_analytics_staging"
[0m17:17:34.729407 [debug] [ThreadPool]: On list_dq_db_analytics_staging: BEGIN
[0m17:17:34.729407 [debug] [ThreadPool]: Opening a new connection, currently in state init
[0m17:17:34.745087 [debug] [ThreadPool]: SQL status: BEGIN in 0.018 seconds
[0m17:17:34.745087 [debug] [ThreadPool]: Using postgres connection "list_dq_db_analytics_staging"
[0m17:17:34.749206 [debug] [ThreadPool]: On list_dq_db_analytics_staging: /* {"app": "dbt", "dbt_version": "1.8.8", "profile_name": "dq_project", "target_name": "dev", "connection_name": "list_dq_db_analytics_staging"} */
select
      'dq_db' as database,
      tablename as name,
      schemaname as schema,
      'table' as type
    from pg_tables
    where schemaname ilike 'analytics_staging'
    union all
    select
      'dq_db' as database,
      viewname as name,
      schemaname as schema,
      'view' as type
    from pg_views
    where schemaname ilike 'analytics_staging'
    union all
    select
      'dq_db' as database,
      matviewname as name,
      schemaname as schema,
      'materialized_view' as type
    from pg_matviews
    where schemaname ilike 'analytics_staging'
  
[0m17:17:34.749206 [debug] [ThreadPool]: SQL status: SELECT 0 in 0.002 seconds
[0m17:17:34.752396 [debug] [ThreadPool]: On list_dq_db_analytics_staging: ROLLBACK
[0m17:17:34.752396 [debug] [ThreadPool]: On list_dq_db_analytics_staging: Close
[0m17:17:34.759373 [debug] [MainThread]: Using postgres connection "master"
[0m17:17:34.759373 [debug] [MainThread]: On master: BEGIN
[0m17:17:34.759373 [debug] [MainThread]: Opening a new connection, currently in state init
[0m17:17:34.775108 [debug] [MainThread]: SQL status: BEGIN in 0.015 seconds
[0m17:17:34.775108 [debug] [MainThread]: Using postgres connection "master"
[0m17:17:34.775108 [debug] [MainThread]: On master: /* {"app": "dbt", "dbt_version": "1.8.8", "profile_name": "dq_project", "target_name": "dev", "connection_name": "master"} */
with relation as (
        select
            pg_rewrite.ev_class as class,
            pg_rewrite.oid as id
        from pg_rewrite
    ),
    class as (
        select
            oid as id,
            relname as name,
            relnamespace as schema,
            relkind as kind
        from pg_class
    ),
    dependency as (
        select distinct
            pg_depend.objid as id,
            pg_depend.refobjid as ref
        from pg_depend
    ),
    schema as (
        select
            pg_namespace.oid as id,
            pg_namespace.nspname as name
        from pg_namespace
        where nspname != 'information_schema' and nspname not like 'pg\_%'
    ),
    referenced as (
        select
            relation.id AS id,
            referenced_class.name ,
            referenced_class.schema ,
            referenced_class.kind
        from relation
        join class as referenced_class on relation.class=referenced_class.id
        where referenced_class.kind in ('r', 'v', 'm')
    ),
    relationships as (
        select
            referenced.name as referenced_name,
            referenced.schema as referenced_schema_id,
            dependent_class.name as dependent_name,
            dependent_class.schema as dependent_schema_id,
            referenced.kind as kind
        from referenced
        join dependency on referenced.id=dependency.id
        join class as dependent_class on dependency.ref=dependent_class.id
        where
            (referenced.name != dependent_class.name or
             referenced.schema != dependent_class.schema)
    )

    select
        referenced_schema.name as referenced_schema,
        relationships.referenced_name as referenced_name,
        dependent_schema.name as dependent_schema,
        relationships.dependent_name as dependent_name
    from relationships
    join schema as dependent_schema on relationships.dependent_schema_id=dependent_schema.id
    join schema as referenced_schema on relationships.referenced_schema_id=referenced_schema.id
    group by referenced_schema, referenced_name, dependent_schema, dependent_name
    order by referenced_schema, referenced_name, dependent_schema, dependent_name;
[0m17:17:34.775108 [debug] [MainThread]: SQL status: SELECT 0 in 0.003 seconds
[0m17:17:34.775108 [debug] [MainThread]: Sending event: {'category': 'dbt', 'action': 'runnable_timing', 'label': 'ecb3ffe6-c407-4766-8ed2-9a44f50ce145', 'context': [<snowplow_tracker.self_describing_json.SelfDescribingJson object at 0x000001F57FEBD3D0>]}
[0m17:17:34.775108 [debug] [MainThread]: On master: ROLLBACK
[0m17:17:34.775108 [debug] [MainThread]: Using postgres connection "master"
[0m17:17:34.775108 [debug] [MainThread]: On master: BEGIN
[0m17:17:34.775108 [debug] [MainThread]: SQL status: BEGIN in 0.001 seconds
[0m17:17:34.784144 [debug] [MainThread]: On master: COMMIT
[0m17:17:34.784144 [debug] [MainThread]: Using postgres connection "master"
[0m17:17:34.784144 [debug] [MainThread]: On master: COMMIT
[0m17:17:34.785148 [debug] [MainThread]: SQL status: COMMIT in 0.000 seconds
[0m17:17:34.785148 [debug] [MainThread]: On master: Close
[0m17:17:34.785148 [info ] [MainThread]: Concurrency: 4 threads (target='dev')
[0m17:17:34.785148 [info ] [MainThread]: 
[0m17:17:34.789062 [debug] [Thread-1 (]: Began running node test.dq_project.accepted_values_stg_orders_status__placed__shipped__delivered__cancelled__returned.c02af3e6b1
[0m17:17:34.789062 [info ] [Thread-1 (]: 1 of 8 START test accepted_values_stg_orders_status__placed__shipped__delivered__cancelled__returned  [RUN]
[0m17:17:34.789062 [debug] [Thread-2 (]: Began running node test.dq_project.assert_no_negative_order_amounts
[0m17:17:34.789062 [debug] [Thread-1 (]: Acquiring new postgres connection 'test.dq_project.accepted_values_stg_orders_status__placed__shipped__delivered__cancelled__returned.c02af3e6b1'
[0m17:17:34.789062 [debug] [Thread-3 (]: Began running node test.dq_project.not_null_stg_orders_amount.2546645448
[0m17:17:34.789062 [debug] [Thread-4 (]: Began running node test.dq_project.not_null_stg_orders_customer_id.af79d5e4b5
[0m17:17:34.789062 [info ] [Thread-2 (]: 2 of 8 START test assert_no_negative_order_amounts ............................. [RUN]
[0m17:17:34.789062 [debug] [Thread-1 (]: Began compiling node test.dq_project.accepted_values_stg_orders_status__placed__shipped__delivered__cancelled__returned.c02af3e6b1
[0m17:17:34.789062 [info ] [Thread-3 (]: 3 of 8 START test not_null_stg_orders_amount ................................... [RUN]
[0m17:17:34.789062 [info ] [Thread-4 (]: 4 of 8 START test not_null_stg_orders_customer_id .............................. [RUN]
[0m17:17:34.789062 [debug] [Thread-2 (]: Acquiring new postgres connection 'test.dq_project.assert_no_negative_order_amounts'
[0m17:17:34.812900 [debug] [Thread-1 (]: Writing injected SQL for node "test.dq_project.accepted_values_stg_orders_status__placed__shipped__delivered__cancelled__returned.c02af3e6b1"
[0m17:17:34.812900 [debug] [Thread-3 (]: Acquiring new postgres connection 'test.dq_project.not_null_stg_orders_amount.2546645448'
[0m17:17:34.812900 [debug] [Thread-4 (]: Acquiring new postgres connection 'test.dq_project.not_null_stg_orders_customer_id.af79d5e4b5'
[0m17:17:34.815408 [debug] [Thread-2 (]: Began compiling node test.dq_project.assert_no_negative_order_amounts
[0m17:17:34.815408 [debug] [Thread-3 (]: Began compiling node test.dq_project.not_null_stg_orders_amount.2546645448
[0m17:17:34.815408 [debug] [Thread-4 (]: Began compiling node test.dq_project.not_null_stg_orders_customer_id.af79d5e4b5
[0m17:17:34.815408 [debug] [Thread-2 (]: Writing injected SQL for node "test.dq_project.assert_no_negative_order_amounts"
[0m17:17:34.821355 [debug] [Thread-3 (]: Writing injected SQL for node "test.dq_project.not_null_stg_orders_amount.2546645448"
[0m17:17:34.821355 [debug] [Thread-1 (]: Began executing node test.dq_project.accepted_values_stg_orders_status__placed__shipped__delivered__cancelled__returned.c02af3e6b1
[0m17:17:34.829486 [debug] [Thread-4 (]: Writing injected SQL for node "test.dq_project.not_null_stg_orders_customer_id.af79d5e4b5"
[0m17:17:34.841886 [debug] [Thread-1 (]: Writing runtime sql for node "test.dq_project.accepted_values_stg_orders_status__placed__shipped__delivered__cancelled__returned.c02af3e6b1"
[0m17:17:34.841886 [debug] [Thread-3 (]: Began executing node test.dq_project.not_null_stg_orders_amount.2546645448
[0m17:17:34.845285 [debug] [Thread-3 (]: Writing runtime sql for node "test.dq_project.not_null_stg_orders_amount.2546645448"
[0m17:17:34.845285 [debug] [Thread-4 (]: Began executing node test.dq_project.not_null_stg_orders_customer_id.af79d5e4b5
[0m17:17:34.845285 [debug] [Thread-4 (]: Writing runtime sql for node "test.dq_project.not_null_stg_orders_customer_id.af79d5e4b5"
[0m17:17:34.845285 [debug] [Thread-2 (]: Began executing node test.dq_project.assert_no_negative_order_amounts
[0m17:17:34.849140 [debug] [Thread-2 (]: Writing runtime sql for node "test.dq_project.assert_no_negative_order_amounts"
[0m17:17:34.849140 [debug] [Thread-1 (]: Using postgres connection "test.dq_project.accepted_values_stg_orders_status__placed__shipped__delivered__cancelled__returned.c02af3e6b1"
[0m17:17:34.849140 [debug] [Thread-1 (]: On test.dq_project.accepted_values_stg_orders_status__placed__shipped__delivered__cancelled__returned.c02af3e6b1: BEGIN
[0m17:17:34.849140 [debug] [Thread-1 (]: Opening a new connection, currently in state init
[0m17:17:34.849140 [debug] [Thread-4 (]: Using postgres connection "test.dq_project.not_null_stg_orders_customer_id.af79d5e4b5"
[0m17:17:34.849140 [debug] [Thread-4 (]: On test.dq_project.not_null_stg_orders_customer_id.af79d5e4b5: BEGIN
[0m17:17:34.849140 [debug] [Thread-4 (]: Opening a new connection, currently in state init
[0m17:17:34.853153 [debug] [Thread-3 (]: Using postgres connection "test.dq_project.not_null_stg_orders_amount.2546645448"
[0m17:17:34.853153 [debug] [Thread-2 (]: Using postgres connection "test.dq_project.assert_no_negative_order_amounts"
[0m17:17:34.853153 [debug] [Thread-3 (]: On test.dq_project.not_null_stg_orders_amount.2546645448: BEGIN
[0m17:17:34.853153 [debug] [Thread-2 (]: On test.dq_project.assert_no_negative_order_amounts: BEGIN
[0m17:17:34.853153 [debug] [Thread-3 (]: Opening a new connection, currently in state init
[0m17:17:34.853153 [debug] [Thread-2 (]: Opening a new connection, currently in state init
[0m17:17:34.865209 [debug] [Thread-1 (]: SQL status: BEGIN in 0.017 seconds
[0m17:17:34.865209 [debug] [Thread-1 (]: Using postgres connection "test.dq_project.accepted_values_stg_orders_status__placed__shipped__delivered__cancelled__returned.c02af3e6b1"
[0m17:17:34.865209 [debug] [Thread-1 (]: On test.dq_project.accepted_values_stg_orders_status__placed__shipped__delivered__cancelled__returned.c02af3e6b1: /* {"app": "dbt", "dbt_version": "1.8.8", "profile_name": "dq_project", "target_name": "dev", "node_id": "test.dq_project.accepted_values_stg_orders_status__placed__shipped__delivered__cancelled__returned.c02af3e6b1"} */
select
      count(*) as failures,
      count(*) != 0 as should_warn,
      count(*) != 0 as should_error
    from (
      
    
    

with all_values as (

    select
        status as value_field,
        count(*) as n_records

    from "dq_db"."analytics_staging"."stg_orders"
    group by status

)

select *
from all_values
where value_field not in (
    'placed','shipped','delivered','cancelled','returned'
)



      
    ) dbt_internal_test
[0m17:17:34.870846 [debug] [Thread-1 (]: Postgres adapter: Postgres error: relation "analytics_staging.stg_orders" does not exist
LINE 17:     from "dq_db"."analytics_staging"."stg_orders"
                  ^

[0m17:17:34.870846 [debug] [Thread-1 (]: On test.dq_project.accepted_values_stg_orders_status__placed__shipped__delivered__cancelled__returned.c02af3e6b1: ROLLBACK
[0m17:17:34.872851 [debug] [Thread-1 (]: On test.dq_project.accepted_values_stg_orders_status__placed__shipped__delivered__cancelled__returned.c02af3e6b1: Close
[0m17:17:34.874859 [debug] [Thread-4 (]: SQL status: BEGIN in 0.022 seconds
[0m17:17:34.874859 [debug] [Thread-4 (]: Using postgres connection "test.dq_project.not_null_stg_orders_customer_id.af79d5e4b5"
[0m17:17:34.874859 [debug] [Thread-4 (]: On test.dq_project.not_null_stg_orders_customer_id.af79d5e4b5: /* {"app": "dbt", "dbt_version": "1.8.8", "profile_name": "dq_project", "target_name": "dev", "node_id": "test.dq_project.not_null_stg_orders_customer_id.af79d5e4b5"} */
select
      count(*) as failures,
      count(*) != 0 as should_warn,
      count(*) != 0 as should_error
    from (
      
    
    



select customer_id
from "dq_db"."analytics_staging"."stg_orders"
where customer_id is null



      
    ) dbt_internal_test
[0m17:17:34.874859 [debug] [Thread-3 (]: SQL status: BEGIN in 0.022 seconds
[0m17:17:34.874859 [debug] [Thread-2 (]: SQL status: BEGIN in 0.022 seconds
[0m17:17:34.880698 [debug] [Thread-4 (]: Postgres adapter: Postgres error: relation "analytics_staging.stg_orders" does not exist
LINE 14: from "dq_db"."analytics_staging"."stg_orders"
              ^

[0m17:17:34.880698 [debug] [Thread-3 (]: Using postgres connection "test.dq_project.not_null_stg_orders_amount.2546645448"
[0m17:17:34.880698 [debug] [Thread-2 (]: Using postgres connection "test.dq_project.assert_no_negative_order_amounts"
[0m17:17:34.880698 [debug] [Thread-4 (]: On test.dq_project.not_null_stg_orders_customer_id.af79d5e4b5: ROLLBACK
[0m17:17:34.880698 [debug] [Thread-3 (]: On test.dq_project.not_null_stg_orders_amount.2546645448: /* {"app": "dbt", "dbt_version": "1.8.8", "profile_name": "dq_project", "target_name": "dev", "node_id": "test.dq_project.not_null_stg_orders_amount.2546645448"} */
select
      count(*) as failures,
      count(*) != 0 as should_warn,
      count(*) != 0 as should_error
    from (
      
    
    



select amount
from "dq_db"."analytics_staging"."stg_orders"
where amount is null



      
    ) dbt_internal_test
[0m17:17:34.880698 [debug] [Thread-2 (]: On test.dq_project.assert_no_negative_order_amounts: /* {"app": "dbt", "dbt_version": "1.8.8", "profile_name": "dq_project", "target_name": "dev", "node_id": "test.dq_project.assert_no_negative_order_amounts"} */
select
      count(*) as failures,
      count(*) != 0 as should_warn,
      count(*) != 0 as should_error
    from (
      -- Singular test: fails (returns rows) if any order has a negative amount.
-- dbt tests "pass" when the query returns zero rows.

select order_id, amount
from "dq_db"."analytics_staging"."stg_orders"
where amount < 0
      
    ) dbt_internal_test
[0m17:17:34.880698 [debug] [Thread-4 (]: On test.dq_project.not_null_stg_orders_customer_id.af79d5e4b5: Close
[0m17:17:34.880698 [debug] [Thread-2 (]: Postgres adapter: Postgres error: relation "analytics_staging.stg_orders" does not exist
LINE 11: from "dq_db"."analytics_staging"."stg_orders"
              ^

[0m17:17:34.880698 [debug] [Thread-3 (]: Postgres adapter: Postgres error: relation "analytics_staging.stg_orders" does not exist
LINE 14: from "dq_db"."analytics_staging"."stg_orders"
              ^

[0m17:17:34.880698 [debug] [Thread-2 (]: On test.dq_project.assert_no_negative_order_amounts: ROLLBACK
[0m17:17:34.880698 [debug] [Thread-3 (]: On test.dq_project.not_null_stg_orders_amount.2546645448: ROLLBACK
[0m17:17:34.880698 [debug] [Thread-2 (]: On test.dq_project.assert_no_negative_order_amounts: Close
[0m17:17:34.890952 [debug] [Thread-3 (]: On test.dq_project.not_null_stg_orders_amount.2546645448: Close
[0m17:17:34.892967 [debug] [Thread-1 (]: Database Error in test accepted_values_stg_orders_status__placed__shipped__delivered__cancelled__returned (models\staging\schema.yml)
  relation "analytics_staging.stg_orders" does not exist
  LINE 17:     from "dq_db"."analytics_staging"."stg_orders"
                    ^
  compiled code at target\run\dq_project\models\staging\schema.yml\accepted_values_stg_orders_baa1d81332b3755c5b189103b7711b6d.sql
[0m17:17:34.897496 [error] [Thread-1 (]: 1 of 8 ERROR accepted_values_stg_orders_status__placed__shipped__delivered__cancelled__returned  [[31mERROR[0m in 0.10s]
[0m17:17:34.897496 [debug] [Thread-1 (]: Finished running node test.dq_project.accepted_values_stg_orders_status__placed__shipped__delivered__cancelled__returned.c02af3e6b1
[0m17:17:34.897496 [debug] [Thread-1 (]: Began running node test.dq_project.not_null_stg_orders_order_id.81cfe2fe64
[0m17:17:34.897496 [info ] [Thread-1 (]: 5 of 8 START test not_null_stg_orders_order_id ................................. [RUN]
[0m17:17:34.899506 [debug] [Thread-1 (]: Re-using an available connection from the pool (formerly test.dq_project.accepted_values_stg_orders_status__placed__shipped__delivered__cancelled__returned.c02af3e6b1, now test.dq_project.not_null_stg_orders_order_id.81cfe2fe64)
[0m17:17:34.899506 [debug] [Thread-2 (]: Database Error in test assert_no_negative_order_amounts (tests\assert_no_negative_order_amounts.sql)
  relation "analytics_staging.stg_orders" does not exist
  LINE 11: from "dq_db"."analytics_staging"."stg_orders"
                ^
  compiled code at target\run\dq_project\tests\assert_no_negative_order_amounts.sql
[0m17:17:34.899506 [debug] [Thread-4 (]: Database Error in test not_null_stg_orders_customer_id (models\staging\schema.yml)
  relation "analytics_staging.stg_orders" does not exist
  LINE 14: from "dq_db"."analytics_staging"."stg_orders"
                ^
  compiled code at target\run\dq_project\models\staging\schema.yml\not_null_stg_orders_customer_id.sql
[0m17:17:34.899506 [debug] [Thread-3 (]: Database Error in test not_null_stg_orders_amount (models\staging\schema.yml)
  relation "analytics_staging.stg_orders" does not exist
  LINE 14: from "dq_db"."analytics_staging"."stg_orders"
                ^
  compiled code at target\run\dq_project\models\staging\schema.yml\not_null_stg_orders_amount.sql
[0m17:17:34.899506 [debug] [Thread-1 (]: Began compiling node test.dq_project.not_null_stg_orders_order_id.81cfe2fe64
[0m17:17:34.904070 [error] [Thread-2 (]: 2 of 8 ERROR assert_no_negative_order_amounts .................................. [[31mERROR[0m in 0.12s]
[0m17:17:34.904070 [error] [Thread-4 (]: 4 of 8 ERROR not_null_stg_orders_customer_id ................................... [[31mERROR[0m in 0.09s]
[0m17:17:34.904070 [error] [Thread-3 (]: 3 of 8 ERROR not_null_stg_orders_amount ........................................ [[31mERROR[0m in 0.09s]
[0m17:17:34.909562 [debug] [Thread-1 (]: Writing injected SQL for node "test.dq_project.not_null_stg_orders_order_id.81cfe2fe64"
[0m17:17:34.909562 [debug] [Thread-2 (]: Finished running node test.dq_project.assert_no_negative_order_amounts
[0m17:17:34.909562 [debug] [Thread-4 (]: Finished running node test.dq_project.not_null_stg_orders_customer_id.af79d5e4b5
[0m17:17:34.911585 [debug] [Thread-3 (]: Finished running node test.dq_project.not_null_stg_orders_amount.2546645448
[0m17:17:34.911585 [debug] [Thread-2 (]: Began running node test.dq_project.not_null_stg_orders_status.2b01eecbd6
[0m17:17:34.911585 [debug] [Thread-4 (]: Began running node test.dq_project.relationships_stg_orders_customer_id__customer_id__ref_stg_customers_.430bf21500
[0m17:17:34.911585 [debug] [Thread-3 (]: Began running node test.dq_project.unique_stg_orders_order_id.e3b841c71a
[0m17:17:34.911585 [info ] [Thread-2 (]: 6 of 8 START test not_null_stg_orders_status ................................... [RUN]
[0m17:17:34.911585 [info ] [Thread-4 (]: 7 of 8 START test relationships_stg_orders_customer_id__customer_id__ref_stg_customers_  [RUN]
[0m17:17:34.911585 [debug] [Thread-1 (]: Began executing node test.dq_project.not_null_stg_orders_order_id.81cfe2fe64
[0m17:17:34.911585 [info ] [Thread-3 (]: 8 of 8 START test unique_stg_orders_order_id ................................... [RUN]
[0m17:17:34.911585 [debug] [Thread-2 (]: Re-using an available connection from the pool (formerly test.dq_project.assert_no_negative_order_amounts, now test.dq_project.not_null_stg_orders_status.2b01eecbd6)
[0m17:17:34.911585 [debug] [Thread-4 (]: Re-using an available connection from the pool (formerly test.dq_project.not_null_stg_orders_customer_id.af79d5e4b5, now test.dq_project.relationships_stg_orders_customer_id__customer_id__ref_stg_customers_.430bf21500)
[0m17:17:34.911585 [debug] [Thread-1 (]: Writing runtime sql for node "test.dq_project.not_null_stg_orders_order_id.81cfe2fe64"
[0m17:17:34.911585 [debug] [Thread-3 (]: Re-using an available connection from the pool (formerly test.dq_project.not_null_stg_orders_amount.2546645448, now test.dq_project.unique_stg_orders_order_id.e3b841c71a)
[0m17:17:34.911585 [debug] [Thread-2 (]: Began compiling node test.dq_project.not_null_stg_orders_status.2b01eecbd6
[0m17:17:34.911585 [debug] [Thread-4 (]: Began compiling node test.dq_project.relationships_stg_orders_customer_id__customer_id__ref_stg_customers_.430bf21500
[0m17:17:34.911585 [debug] [Thread-3 (]: Began compiling node test.dq_project.unique_stg_orders_order_id.e3b841c71a
[0m17:17:34.911585 [debug] [Thread-2 (]: Writing injected SQL for node "test.dq_project.not_null_stg_orders_status.2b01eecbd6"
[0m17:17:34.911585 [debug] [Thread-4 (]: Writing injected SQL for node "test.dq_project.relationships_stg_orders_customer_id__customer_id__ref_stg_customers_.430bf21500"
[0m17:17:34.911585 [debug] [Thread-3 (]: Writing injected SQL for node "test.dq_project.unique_stg_orders_order_id.e3b841c71a"
[0m17:17:34.911585 [debug] [Thread-1 (]: Using postgres connection "test.dq_project.not_null_stg_orders_order_id.81cfe2fe64"
[0m17:17:34.937996 [debug] [Thread-2 (]: Began executing node test.dq_project.not_null_stg_orders_status.2b01eecbd6
[0m17:17:34.937996 [debug] [Thread-1 (]: On test.dq_project.not_null_stg_orders_order_id.81cfe2fe64: BEGIN
[0m17:17:34.939507 [debug] [Thread-2 (]: Writing runtime sql for node "test.dq_project.not_null_stg_orders_status.2b01eecbd6"
[0m17:17:34.939507 [debug] [Thread-4 (]: Began executing node test.dq_project.relationships_stg_orders_customer_id__customer_id__ref_stg_customers_.430bf21500
[0m17:17:34.939507 [debug] [Thread-1 (]: Opening a new connection, currently in state closed
[0m17:17:34.939507 [debug] [Thread-3 (]: Began executing node test.dq_project.unique_stg_orders_order_id.e3b841c71a
[0m17:17:34.939507 [debug] [Thread-4 (]: Writing runtime sql for node "test.dq_project.relationships_stg_orders_customer_id__customer_id__ref_stg_customers_.430bf21500"
[0m17:17:34.945279 [debug] [Thread-3 (]: Writing runtime sql for node "test.dq_project.unique_stg_orders_order_id.e3b841c71a"
[0m17:17:34.945279 [debug] [Thread-2 (]: Using postgres connection "test.dq_project.not_null_stg_orders_status.2b01eecbd6"
[0m17:17:34.945279 [debug] [Thread-2 (]: On test.dq_project.not_null_stg_orders_status.2b01eecbd6: BEGIN
[0m17:17:34.945279 [debug] [Thread-2 (]: Opening a new connection, currently in state closed
[0m17:17:34.949481 [debug] [Thread-4 (]: Using postgres connection "test.dq_project.relationships_stg_orders_customer_id__customer_id__ref_stg_customers_.430bf21500"
[0m17:17:34.949481 [debug] [Thread-4 (]: On test.dq_project.relationships_stg_orders_customer_id__customer_id__ref_stg_customers_.430bf21500: BEGIN
[0m17:17:34.951429 [debug] [Thread-3 (]: Using postgres connection "test.dq_project.unique_stg_orders_order_id.e3b841c71a"
[0m17:17:34.951429 [debug] [Thread-4 (]: Opening a new connection, currently in state closed
[0m17:17:34.951429 [debug] [Thread-3 (]: On test.dq_project.unique_stg_orders_order_id.e3b841c71a: BEGIN
[0m17:17:34.951429 [debug] [Thread-3 (]: Opening a new connection, currently in state closed
[0m17:17:34.959256 [debug] [Thread-1 (]: SQL status: BEGIN in 0.019 seconds
[0m17:17:34.961484 [debug] [Thread-1 (]: Using postgres connection "test.dq_project.not_null_stg_orders_order_id.81cfe2fe64"
[0m17:17:34.961484 [debug] [Thread-1 (]: On test.dq_project.not_null_stg_orders_order_id.81cfe2fe64: /* {"app": "dbt", "dbt_version": "1.8.8", "profile_name": "dq_project", "target_name": "dev", "node_id": "test.dq_project.not_null_stg_orders_order_id.81cfe2fe64"} */
select
      count(*) as failures,
      count(*) != 0 as should_warn,
      count(*) != 0 as should_error
    from (
      
    
    



select order_id
from "dq_db"."analytics_staging"."stg_orders"
where order_id is null



      
    ) dbt_internal_test
[0m17:17:34.963487 [debug] [Thread-1 (]: Postgres adapter: Postgres error: relation "analytics_staging.stg_orders" does not exist
LINE 14: from "dq_db"."analytics_staging"."stg_orders"
              ^

[0m17:17:34.963487 [debug] [Thread-1 (]: On test.dq_project.not_null_stg_orders_order_id.81cfe2fe64: ROLLBACK
[0m17:17:34.965494 [debug] [Thread-1 (]: On test.dq_project.not_null_stg_orders_order_id.81cfe2fe64: Close
[0m17:17:34.965494 [debug] [Thread-1 (]: Database Error in test not_null_stg_orders_order_id (models\staging\schema.yml)
  relation "analytics_staging.stg_orders" does not exist
  LINE 14: from "dq_db"."analytics_staging"."stg_orders"
                ^
  compiled code at target\run\dq_project\models\staging\schema.yml\not_null_stg_orders_order_id.sql
[0m17:17:34.965494 [debug] [Thread-4 (]: SQL status: BEGIN in 0.016 seconds
[0m17:17:34.965494 [error] [Thread-1 (]: 5 of 8 ERROR not_null_stg_orders_order_id ...................................... [[31mERROR[0m in 0.07s]
[0m17:17:34.965494 [debug] [Thread-4 (]: Using postgres connection "test.dq_project.relationships_stg_orders_customer_id__customer_id__ref_stg_customers_.430bf21500"
[0m17:17:34.965494 [debug] [Thread-1 (]: Finished running node test.dq_project.not_null_stg_orders_order_id.81cfe2fe64
[0m17:17:34.970876 [debug] [Thread-4 (]: On test.dq_project.relationships_stg_orders_customer_id__customer_id__ref_stg_customers_.430bf21500: /* {"app": "dbt", "dbt_version": "1.8.8", "profile_name": "dq_project", "target_name": "dev", "node_id": "test.dq_project.relationships_stg_orders_customer_id__customer_id__ref_stg_customers_.430bf21500"} */
select
      count(*) as failures,
      count(*) != 0 as should_warn,
      count(*) != 0 as should_error
    from (
      
    
    

with child as (
    select customer_id as from_field
    from "dq_db"."analytics_staging"."stg_orders"
    where customer_id is not null
),

parent as (
    select customer_id as to_field
    from "dq_db"."analytics_staging"."stg_customers"
)

select
    from_field

from child
left join parent
    on child.from_field = parent.to_field

where parent.to_field is null



      
    ) dbt_internal_test
[0m17:17:34.971599 [debug] [Thread-3 (]: SQL status: BEGIN in 0.018 seconds
[0m17:17:34.972203 [debug] [Thread-3 (]: Using postgres connection "test.dq_project.unique_stg_orders_order_id.e3b841c71a"
[0m17:17:34.972203 [debug] [Thread-3 (]: On test.dq_project.unique_stg_orders_order_id.e3b841c71a: /* {"app": "dbt", "dbt_version": "1.8.8", "profile_name": "dq_project", "target_name": "dev", "node_id": "test.dq_project.unique_stg_orders_order_id.e3b841c71a"} */
select
      count(*) as failures,
      count(*) != 0 as should_warn,
      count(*) != 0 as should_error
    from (
      
    
    

select
    order_id as unique_field,
    count(*) as n_records

from "dq_db"."analytics_staging"."stg_orders"
where order_id is not null
group by order_id
having count(*) > 1



      
    ) dbt_internal_test
[0m17:17:34.972203 [debug] [Thread-4 (]: Postgres adapter: Postgres error: relation "analytics_staging.stg_orders" does not exist
LINE 13:     from "dq_db"."analytics_staging"."stg_orders"
                  ^

[0m17:17:34.972203 [debug] [Thread-4 (]: On test.dq_project.relationships_stg_orders_customer_id__customer_id__ref_stg_customers_.430bf21500: ROLLBACK
[0m17:17:34.972203 [debug] [Thread-3 (]: Postgres adapter: Postgres error: relation "analytics_staging.stg_orders" does not exist
LINE 15: from "dq_db"."analytics_staging"."stg_orders"
              ^

[0m17:17:34.972203 [debug] [Thread-3 (]: On test.dq_project.unique_stg_orders_order_id.e3b841c71a: ROLLBACK
[0m17:17:34.975137 [debug] [Thread-4 (]: On test.dq_project.relationships_stg_orders_customer_id__customer_id__ref_stg_customers_.430bf21500: Close
[0m17:17:34.975137 [debug] [Thread-3 (]: On test.dq_project.unique_stg_orders_order_id.e3b841c71a: Close
[0m17:17:34.975137 [debug] [Thread-4 (]: Database Error in test relationships_stg_orders_customer_id__customer_id__ref_stg_customers_ (models\staging\schema.yml)
  relation "analytics_staging.stg_orders" does not exist
  LINE 13:     from "dq_db"."analytics_staging"."stg_orders"
                    ^
  compiled code at target\run\dq_project\models\staging\schema.yml\relationships_stg_orders_96411fe0c89b49c3f4da955dfd358ba0.sql
[0m17:17:34.979465 [error] [Thread-4 (]: 7 of 8 ERROR relationships_stg_orders_customer_id__customer_id__ref_stg_customers_  [[31mERROR[0m in 0.07s]
[0m17:17:34.979465 [debug] [Thread-3 (]: Database Error in test unique_stg_orders_order_id (models\staging\schema.yml)
  relation "analytics_staging.stg_orders" does not exist
  LINE 15: from "dq_db"."analytics_staging"."stg_orders"
                ^
  compiled code at target\run\dq_project\models\staging\schema.yml\unique_stg_orders_order_id.sql
[0m17:17:34.979465 [debug] [Thread-4 (]: Finished running node test.dq_project.relationships_stg_orders_customer_id__customer_id__ref_stg_customers_.430bf21500
[0m17:17:34.979465 [error] [Thread-3 (]: 8 of 8 ERROR unique_stg_orders_order_id ........................................ [[31mERROR[0m in 0.07s]
[0m17:17:34.979465 [debug] [Thread-3 (]: Finished running node test.dq_project.unique_stg_orders_order_id.e3b841c71a
[0m17:17:34.979465 [debug] [Thread-2 (]: SQL status: BEGIN in 0.036 seconds
[0m17:17:34.979465 [debug] [Thread-2 (]: Using postgres connection "test.dq_project.not_null_stg_orders_status.2b01eecbd6"
[0m17:17:34.979465 [debug] [Thread-2 (]: On test.dq_project.not_null_stg_orders_status.2b01eecbd6: /* {"app": "dbt", "dbt_version": "1.8.8", "profile_name": "dq_project", "target_name": "dev", "node_id": "test.dq_project.not_null_stg_orders_status.2b01eecbd6"} */
select
      count(*) as failures,
      count(*) != 0 as should_warn,
      count(*) != 0 as should_error
    from (
      
    
    



select status
from "dq_db"."analytics_staging"."stg_orders"
where status is null



      
    ) dbt_internal_test
[0m17:17:34.986628 [debug] [Thread-2 (]: Postgres adapter: Postgres error: relation "analytics_staging.stg_orders" does not exist
LINE 14: from "dq_db"."analytics_staging"."stg_orders"
              ^

[0m17:17:34.986628 [debug] [Thread-2 (]: On test.dq_project.not_null_stg_orders_status.2b01eecbd6: ROLLBACK
[0m17:17:34.986628 [debug] [Thread-2 (]: On test.dq_project.not_null_stg_orders_status.2b01eecbd6: Close
[0m17:17:34.991448 [debug] [Thread-2 (]: Database Error in test not_null_stg_orders_status (models\staging\schema.yml)
  relation "analytics_staging.stg_orders" does not exist
  LINE 14: from "dq_db"."analytics_staging"."stg_orders"
                ^
  compiled code at target\run\dq_project\models\staging\schema.yml\not_null_stg_orders_status.sql
[0m17:17:34.991448 [error] [Thread-2 (]: 6 of 8 ERROR not_null_stg_orders_status ........................................ [[31mERROR[0m in 0.08s]
[0m17:17:34.992620 [debug] [Thread-2 (]: Finished running node test.dq_project.not_null_stg_orders_status.2b01eecbd6
[0m17:17:34.993186 [debug] [MainThread]: Using postgres connection "master"
[0m17:17:34.993186 [debug] [MainThread]: On master: BEGIN
[0m17:17:34.993186 [debug] [MainThread]: Opening a new connection, currently in state closed
[0m17:17:35.007508 [debug] [MainThread]: SQL status: BEGIN in 0.014 seconds
[0m17:17:35.009549 [debug] [MainThread]: On master: COMMIT
[0m17:17:35.009549 [debug] [MainThread]: Using postgres connection "master"
[0m17:17:35.009549 [debug] [MainThread]: On master: COMMIT
[0m17:17:35.009549 [debug] [MainThread]: SQL status: COMMIT in 0.001 seconds
[0m17:17:35.009549 [debug] [MainThread]: On master: Close
[0m17:17:35.009549 [debug] [MainThread]: Connection 'master' was properly closed.
[0m17:17:35.009549 [debug] [MainThread]: Connection 'list_dq_db_analytics_staging' was properly closed.
[0m17:17:35.009549 [debug] [MainThread]: Connection 'test.dq_project.not_null_stg_orders_order_id.81cfe2fe64' was properly closed.
[0m17:17:35.009549 [debug] [MainThread]: Connection 'test.dq_project.not_null_stg_orders_status.2b01eecbd6' was properly closed.
[0m17:17:35.009549 [debug] [MainThread]: Connection 'test.dq_project.unique_stg_orders_order_id.e3b841c71a' was properly closed.
[0m17:17:35.009549 [debug] [MainThread]: Connection 'test.dq_project.relationships_stg_orders_customer_id__customer_id__ref_stg_customers_.430bf21500' was properly closed.
[0m17:17:35.009549 [info ] [MainThread]: 
[0m17:17:35.009549 [info ] [MainThread]: Finished running 8 data tests in 0 hours 0 minutes and 0.34 seconds (0.34s).
[0m17:17:35.009549 [debug] [MainThread]: Command end result
[0m17:17:35.112647 [info ] [MainThread]: 
[0m17:17:35.112647 [info ] [MainThread]: [31mCompleted with 8 errors and 0 warnings:[0m
[0m17:17:35.112647 [info ] [MainThread]: 
[0m17:17:35.112647 [error] [MainThread]:   Database Error in test accepted_values_stg_orders_status__placed__shipped__delivered__cancelled__returned (models\staging\schema.yml)
  relation "analytics_staging.stg_orders" does not exist
  LINE 17:     from "dq_db"."analytics_staging"."stg_orders"
                    ^
  compiled code at target\run\dq_project\models\staging\schema.yml\accepted_values_stg_orders_baa1d81332b3755c5b189103b7711b6d.sql
[0m17:17:35.112647 [info ] [MainThread]: 
[0m17:17:35.112647 [error] [MainThread]:   Database Error in test assert_no_negative_order_amounts (tests\assert_no_negative_order_amounts.sql)
  relation "analytics_staging.stg_orders" does not exist
  LINE 11: from "dq_db"."analytics_staging"."stg_orders"
                ^
  compiled code at target\run\dq_project\tests\assert_no_negative_order_amounts.sql
[0m17:17:35.112647 [info ] [MainThread]: 
[0m17:17:35.112647 [error] [MainThread]:   Database Error in test not_null_stg_orders_customer_id (models\staging\schema.yml)
  relation "analytics_staging.stg_orders" does not exist
  LINE 14: from "dq_db"."analytics_staging"."stg_orders"
                ^
  compiled code at target\run\dq_project\models\staging\schema.yml\not_null_stg_orders_customer_id.sql
[0m17:17:35.112647 [info ] [MainThread]: 
[0m17:17:35.112647 [error] [MainThread]:   Database Error in test not_null_stg_orders_amount (models\staging\schema.yml)
  relation "analytics_staging.stg_orders" does not exist
  LINE 14: from "dq_db"."analytics_staging"."stg_orders"
                ^
  compiled code at target\run\dq_project\models\staging\schema.yml\not_null_stg_orders_amount.sql
[0m17:17:35.112647 [info ] [MainThread]: 
[0m17:17:35.112647 [error] [MainThread]:   Database Error in test not_null_stg_orders_order_id (models\staging\schema.yml)
  relation "analytics_staging.stg_orders" does not exist
  LINE 14: from "dq_db"."analytics_staging"."stg_orders"
                ^
  compiled code at target\run\dq_project\models\staging\schema.yml\not_null_stg_orders_order_id.sql
[0m17:17:35.112647 [info ] [MainThread]: 
[0m17:17:35.112647 [error] [MainThread]:   Database Error in test relationships_stg_orders_customer_id__customer_id__ref_stg_customers_ (models\staging\schema.yml)
  relation "analytics_staging.stg_orders" does not exist
  LINE 13:     from "dq_db"."analytics_staging"."stg_orders"
                    ^
  compiled code at target\run\dq_project\models\staging\schema.yml\relationships_stg_orders_96411fe0c89b49c3f4da955dfd358ba0.sql
[0m17:17:35.112647 [info ] [MainThread]: 
[0m17:17:35.112647 [error] [MainThread]:   Database Error in test unique_stg_orders_order_id (models\staging\schema.yml)
  relation "analytics_staging.stg_orders" does not exist
  LINE 15: from "dq_db"."analytics_staging"."stg_orders"
                ^
  compiled code at target\run\dq_project\models\staging\schema.yml\unique_stg_orders_order_id.sql
[0m17:17:35.112647 [info ] [MainThread]: 
[0m17:17:35.112647 [error] [MainThread]:   Database Error in test not_null_stg_orders_status (models\staging\schema.yml)
  relation "analytics_staging.stg_orders" does not exist
  LINE 14: from "dq_db"."analytics_staging"."stg_orders"
                ^
  compiled code at target\run\dq_project\models\staging\schema.yml\not_null_stg_orders_status.sql
[0m17:17:35.112647 [info ] [MainThread]: 
[0m17:17:35.112647 [info ] [MainThread]: Done. PASS=0 WARN=0 ERROR=8 SKIP=0 TOTAL=8
[0m17:17:35.112647 [debug] [MainThread]: Command `dbt test` failed at 17:17:35.112647 after 1.24 seconds
[0m17:17:35.112647 [debug] [MainThread]: Sending event: {'category': 'dbt', 'action': 'invocation', 'label': 'end', 'context': [<snowplow_tracker.self_describing_json.SelfDescribingJson object at 0x000001F57DAA1070>, <snowplow_tracker.self_describing_json.SelfDescribingJson object at 0x000001F57D956930>, <snowplow_tracker.self_describing_json.SelfDescribingJson object at 0x000001F5001447A0>]}
[0m17:17:35.112647 [debug] [MainThread]: Flushing usage events
[0m17:30:58.393718 [debug] [MainThread]: Sending event: {'category': 'dbt', 'action': 'invocation', 'label': 'start', 'context': [<snowplow_tracker.self_describing_json.SelfDescribingJson object at 0x0000023097B2CFB0>, <snowplow_tracker.self_describing_json.SelfDescribingJson object at 0x0000023097254380>, <snowplow_tracker.self_describing_json.SelfDescribingJson object at 0x0000023097254320>]}


============================== 17:30:58.397015 | efe4f041-6509-43a9-822f-f5273a4fc97e ==============================
[0m17:30:58.397015 [info ] [MainThread]: Running with dbt=1.8.8
[0m17:30:58.397015 [debug] [MainThread]: running dbt with arguments {'printer_width': '80', 'indirect_selection': 'eager', 'log_cache_events': 'False', 'write_json': 'True', 'partial_parse': 'True', 'cache_selected_only': 'False', 'warn_error': 'None', 'version_check': 'True', 'fail_fast': 'False', 'log_path': 'C:\\Users\\gsuji\\Downloads\\Data-Quality-Testing-Framework\\dbt_project\\logs', 'profiles_dir': '.', 'debug': 'False', 'use_colors': 'True', 'use_experimental_parser': 'False', 'no_print': 'None', 'quiet': 'False', 'empty': 'False', 'warn_error_options': 'WarnErrorOptions(include=[], exclude=[])', 'static_parser': 'True', 'invocation_command': 'dbt run --profiles-dir .', 'log_format': 'default', 'target_path': 'None', 'introspect': 'True', 'send_anonymous_usage_stats': 'True'}
[0m17:30:58.528663 [debug] [MainThread]: Sending event: {'category': 'dbt', 'action': 'project_id', 'label': 'efe4f041-6509-43a9-822f-f5273a4fc97e', 'context': [<snowplow_tracker.self_describing_json.SelfDescribingJson object at 0x00000230979C0110>]}
[0m17:30:58.571282 [debug] [MainThread]: Sending event: {'category': 'dbt', 'action': 'adapter_info', 'label': 'efe4f041-6509-43a9-822f-f5273a4fc97e', 'context': [<snowplow_tracker.self_describing_json.SelfDescribingJson object at 0x000002309728DAC0>]}
[0m17:30:58.571282 [info ] [MainThread]: Registered adapter: postgres=1.8.2
[0m17:30:58.582349 [debug] [MainThread]: checksum: ec53e341a936509427e16df1c646386a84befec52c1957e3f4359fbc36fc93f5, vars: {}, profile: , target: , version: 1.8.8
[0m17:30:58.758680 [debug] [MainThread]: Partial parsing enabled: 0 files deleted, 0 files added, 0 files changed.
[0m17:30:58.758680 [debug] [MainThread]: Partial parsing enabled, no changes found, skipping parsing
[0m17:30:58.782848 [debug] [MainThread]: Sending event: {'category': 'dbt', 'action': 'load_project', 'label': 'efe4f041-6509-43a9-822f-f5273a4fc97e', 'context': [<snowplow_tracker.self_describing_json.SelfDescribingJson object at 0x00000230991AAA80>]}
[0m17:30:58.862622 [debug] [MainThread]: Sending event: {'category': 'dbt', 'action': 'resource_counts', 'label': 'efe4f041-6509-43a9-822f-f5273a4fc97e', 'context': [<snowplow_tracker.self_describing_json.SelfDescribingJson object at 0x0000023099227170>]}
[0m17:30:58.862622 [info ] [MainThread]: Found 2 models, 14 data tests, 424 macros
[0m17:30:58.864629 [debug] [MainThread]: Sending event: {'category': 'dbt', 'action': 'runnable_timing', 'label': 'efe4f041-6509-43a9-822f-f5273a4fc97e', 'context': [<snowplow_tracker.self_describing_json.SelfDescribingJson object at 0x0000023099241880>]}
[0m17:30:58.864629 [info ] [MainThread]: 
[0m17:30:58.864629 [debug] [MainThread]: Acquiring new postgres connection 'master'
[0m17:30:58.868602 [debug] [ThreadPool]: Acquiring new postgres connection 'list_dq_db'
[0m17:30:58.922513 [debug] [ThreadPool]: Using postgres connection "list_dq_db"
[0m17:30:58.922513 [debug] [ThreadPool]: On list_dq_db: /* {"app": "dbt", "dbt_version": "1.8.8", "profile_name": "dq_project", "target_name": "dev", "connection_name": "list_dq_db"} */

    select distinct nspname from pg_namespace
  
[0m17:30:58.923578 [debug] [ThreadPool]: Opening a new connection, currently in state init
[0m17:30:58.956930 [debug] [ThreadPool]: SQL status: SELECT 5 in 0.034 seconds
[0m17:30:58.957932 [debug] [ThreadPool]: On list_dq_db: Close
[0m17:30:58.958931 [debug] [ThreadPool]: Re-using an available connection from the pool (formerly list_dq_db, now create_dq_db_analytics_staging)
[0m17:30:58.959706 [debug] [ThreadPool]: Creating schema "database: "dq_db"
schema: "analytics_staging"
"
[0m17:30:58.959706 [debug] [ThreadPool]: Using postgres connection "create_dq_db_analytics_staging"
[0m17:30:58.959706 [debug] [ThreadPool]: On create_dq_db_analytics_staging: BEGIN
[0m17:30:58.959706 [debug] [ThreadPool]: Opening a new connection, currently in state closed
[0m17:30:58.968781 [debug] [ThreadPool]: SQL status: BEGIN in 0.011 seconds
[0m17:30:58.968781 [debug] [ThreadPool]: Using postgres connection "create_dq_db_analytics_staging"
[0m17:30:58.968781 [debug] [ThreadPool]: On create_dq_db_analytics_staging: /* {"app": "dbt", "dbt_version": "1.8.8", "profile_name": "dq_project", "target_name": "dev", "connection_name": "create_dq_db_analytics_staging"} */
create schema if not exists "analytics_staging"
[0m17:30:58.968781 [debug] [ThreadPool]: SQL status: CREATE SCHEMA in 0.004 seconds
[0m17:30:58.981870 [debug] [ThreadPool]: On create_dq_db_analytics_staging: COMMIT
[0m17:30:58.981870 [debug] [ThreadPool]: Using postgres connection "create_dq_db_analytics_staging"
[0m17:30:58.981870 [debug] [ThreadPool]: On create_dq_db_analytics_staging: COMMIT
[0m17:30:58.985572 [debug] [ThreadPool]: SQL status: COMMIT in 0.002 seconds
[0m17:30:58.985572 [debug] [ThreadPool]: On create_dq_db_analytics_staging: Close
[0m17:30:58.985572 [debug] [ThreadPool]: Acquiring new postgres connection 'list_dq_db_analytics_staging'
[0m17:30:58.990044 [debug] [ThreadPool]: Using postgres connection "list_dq_db_analytics_staging"
[0m17:30:58.990044 [debug] [ThreadPool]: On list_dq_db_analytics_staging: BEGIN
[0m17:30:58.990044 [debug] [ThreadPool]: Opening a new connection, currently in state init
[0m17:30:59.004923 [debug] [ThreadPool]: SQL status: BEGIN in 0.015 seconds
[0m17:30:59.004923 [debug] [ThreadPool]: Using postgres connection "list_dq_db_analytics_staging"
[0m17:30:59.004923 [debug] [ThreadPool]: On list_dq_db_analytics_staging: /* {"app": "dbt", "dbt_version": "1.8.8", "profile_name": "dq_project", "target_name": "dev", "connection_name": "list_dq_db_analytics_staging"} */
select
      'dq_db' as database,
      tablename as name,
      schemaname as schema,
      'table' as type
    from pg_tables
    where schemaname ilike 'analytics_staging'
    union all
    select
      'dq_db' as database,
      viewname as name,
      schemaname as schema,
      'view' as type
    from pg_views
    where schemaname ilike 'analytics_staging'
    union all
    select
      'dq_db' as database,
      matviewname as name,
      schemaname as schema,
      'materialized_view' as type
    from pg_matviews
    where schemaname ilike 'analytics_staging'
  
[0m17:30:59.010950 [debug] [ThreadPool]: SQL status: SELECT 0 in 0.004 seconds
[0m17:30:59.010950 [debug] [ThreadPool]: On list_dq_db_analytics_staging: ROLLBACK
[0m17:30:59.010950 [debug] [ThreadPool]: On list_dq_db_analytics_staging: Close
[0m17:30:59.014963 [debug] [MainThread]: Using postgres connection "master"
[0m17:30:59.018912 [debug] [MainThread]: On master: BEGIN
[0m17:30:59.018912 [debug] [MainThread]: Opening a new connection, currently in state init
[0m17:30:59.030803 [debug] [MainThread]: SQL status: BEGIN in 0.022 seconds
[0m17:30:59.030803 [debug] [MainThread]: Using postgres connection "master"
[0m17:30:59.030803 [debug] [MainThread]: On master: /* {"app": "dbt", "dbt_version": "1.8.8", "profile_name": "dq_project", "target_name": "dev", "connection_name": "master"} */
with relation as (
        select
            pg_rewrite.ev_class as class,
            pg_rewrite.oid as id
        from pg_rewrite
    ),
    class as (
        select
            oid as id,
            relname as name,
            relnamespace as schema,
            relkind as kind
        from pg_class
    ),
    dependency as (
        select distinct
            pg_depend.objid as id,
            pg_depend.refobjid as ref
        from pg_depend
    ),
    schema as (
        select
            pg_namespace.oid as id,
            pg_namespace.nspname as name
        from pg_namespace
        where nspname != 'information_schema' and nspname not like 'pg\_%'
    ),
    referenced as (
        select
            relation.id AS id,
            referenced_class.name ,
            referenced_class.schema ,
            referenced_class.kind
        from relation
        join class as referenced_class on relation.class=referenced_class.id
        where referenced_class.kind in ('r', 'v', 'm')
    ),
    relationships as (
        select
            referenced.name as referenced_name,
            referenced.schema as referenced_schema_id,
            dependent_class.name as dependent_name,
            dependent_class.schema as dependent_schema_id,
            referenced.kind as kind
        from referenced
        join dependency on referenced.id=dependency.id
        join class as dependent_class on dependency.ref=dependent_class.id
        where
            (referenced.name != dependent_class.name or
             referenced.schema != dependent_class.schema)
    )

    select
        referenced_schema.name as referenced_schema,
        relationships.referenced_name as referenced_name,
        dependent_schema.name as dependent_schema,
        relationships.dependent_name as dependent_name
    from relationships
    join schema as dependent_schema on relationships.dependent_schema_id=dependent_schema.id
    join schema as referenced_schema on relationships.referenced_schema_id=referenced_schema.id
    group by referenced_schema, referenced_name, dependent_schema, dependent_name
    order by referenced_schema, referenced_name, dependent_schema, dependent_name;
[0m17:30:59.045115 [debug] [MainThread]: SQL status: SELECT 0 in 0.003 seconds
[0m17:30:59.045115 [debug] [MainThread]: Sending event: {'category': 'dbt', 'action': 'runnable_timing', 'label': 'efe4f041-6509-43a9-822f-f5273a4fc97e', 'context': [<snowplow_tracker.self_describing_json.SelfDescribingJson object at 0x00000230956378C0>]}
[0m17:30:59.047133 [debug] [MainThread]: On master: ROLLBACK
[0m17:30:59.048638 [debug] [MainThread]: Using postgres connection "master"
[0m17:30:59.048638 [debug] [MainThread]: On master: BEGIN
[0m17:30:59.050163 [debug] [MainThread]: SQL status: BEGIN in 0.001 seconds
[0m17:30:59.050163 [debug] [MainThread]: On master: COMMIT
[0m17:30:59.050163 [debug] [MainThread]: Using postgres connection "master"
[0m17:30:59.050163 [debug] [MainThread]: On master: COMMIT
[0m17:30:59.052487 [debug] [MainThread]: SQL status: COMMIT in 0.001 seconds
[0m17:30:59.052487 [debug] [MainThread]: On master: Close
[0m17:30:59.052487 [info ] [MainThread]: Concurrency: 4 threads (target='dev')
[0m17:30:59.052487 [info ] [MainThread]: 
[0m17:30:59.052487 [debug] [Thread-1 (]: Began running node model.dq_project.stg_customers
[0m17:30:59.052487 [debug] [Thread-2 (]: Began running node model.dq_project.stg_orders
[0m17:30:59.052487 [info ] [Thread-1 (]: 1 of 2 START sql view model analytics_staging.stg_customers .................... [RUN]
[0m17:30:59.052487 [info ] [Thread-2 (]: 2 of 2 START sql view model analytics_staging.stg_orders ....................... [RUN]
[0m17:30:59.052487 [debug] [Thread-1 (]: Acquiring new postgres connection 'model.dq_project.stg_customers'
[0m17:30:59.052487 [debug] [Thread-2 (]: Acquiring new postgres connection 'model.dq_project.stg_orders'
[0m17:30:59.052487 [debug] [Thread-1 (]: Began compiling node model.dq_project.stg_customers
[0m17:30:59.052487 [debug] [Thread-2 (]: Began compiling node model.dq_project.stg_orders
[0m17:30:59.065756 [debug] [Thread-1 (]: Writing injected SQL for node "model.dq_project.stg_customers"
[0m17:30:59.067759 [debug] [Thread-2 (]: Writing injected SQL for node "model.dq_project.stg_orders"
[0m17:30:59.068617 [debug] [Thread-1 (]: Began executing node model.dq_project.stg_customers
[0m17:30:59.085301 [debug] [Thread-2 (]: Began executing node model.dq_project.stg_orders
[0m17:30:59.115601 [debug] [Thread-1 (]: Writing runtime sql for node "model.dq_project.stg_customers"
[0m17:30:59.117604 [debug] [Thread-2 (]: Writing runtime sql for node "model.dq_project.stg_orders"
[0m17:30:59.118688 [debug] [Thread-1 (]: Using postgres connection "model.dq_project.stg_customers"
[0m17:30:59.120265 [debug] [Thread-1 (]: On model.dq_project.stg_customers: BEGIN
[0m17:30:59.120808 [debug] [Thread-2 (]: Using postgres connection "model.dq_project.stg_orders"
[0m17:30:59.120808 [debug] [Thread-1 (]: Opening a new connection, currently in state init
[0m17:30:59.121809 [debug] [Thread-2 (]: On model.dq_project.stg_orders: BEGIN
[0m17:30:59.121809 [debug] [Thread-2 (]: Opening a new connection, currently in state init
[0m17:30:59.128982 [debug] [Thread-2 (]: SQL status: BEGIN in 0.015 seconds
[0m17:30:59.128982 [debug] [Thread-2 (]: Using postgres connection "model.dq_project.stg_orders"
[0m17:30:59.128982 [debug] [Thread-2 (]: On model.dq_project.stg_orders: /* {"app": "dbt", "dbt_version": "1.8.8", "profile_name": "dq_project", "target_name": "dev", "node_id": "model.dq_project.stg_orders"} */

  create view "dq_db"."analytics_staging"."stg_orders__dbt_tmp"
    
    
  as (
    -- Thin passthrough/staging model for the raw orders table.
-- Casts and light cleanup happen here; DQ tests are defined in schema.yml.

select
    order_id,
    customer_id,
    order_date,
    amount,
    nullif(trim(status), '') as status
from raw.orders
  );
[0m17:30:59.150242 [debug] [Thread-1 (]: SQL status: BEGIN in 0.032 seconds
[0m17:30:59.150242 [debug] [Thread-1 (]: Using postgres connection "model.dq_project.stg_customers"
[0m17:30:59.150242 [debug] [Thread-1 (]: On model.dq_project.stg_customers: /* {"app": "dbt", "dbt_version": "1.8.8", "profile_name": "dq_project", "target_name": "dev", "node_id": "model.dq_project.stg_customers"} */

  create view "dq_db"."analytics_staging"."stg_customers__dbt_tmp"
    
    
  as (
    -- Thin passthrough/staging model for the raw customers table.
-- Casts and light cleanup happen here; DQ tests are defined in schema.yml.

select
    customer_id,
    nullif(trim(full_name), '') as full_name,
    lower(trim(email))          as email,
    country,
    signup_date
from raw.customers
  );
[0m17:30:59.150242 [debug] [Thread-2 (]: SQL status: CREATE VIEW in 0.019 seconds
[0m17:30:59.150242 [debug] [Thread-1 (]: SQL status: CREATE VIEW in 0.004 seconds
[0m17:30:59.168712 [debug] [Thread-1 (]: Using postgres connection "model.dq_project.stg_customers"
[0m17:30:59.168712 [debug] [Thread-2 (]: Using postgres connection "model.dq_project.stg_orders"
[0m17:30:59.168712 [debug] [Thread-1 (]: On model.dq_project.stg_customers: /* {"app": "dbt", "dbt_version": "1.8.8", "profile_name": "dq_project", "target_name": "dev", "node_id": "model.dq_project.stg_customers"} */
alter table "dq_db"."analytics_staging"."stg_customers__dbt_tmp" rename to "stg_customers"
[0m17:30:59.168712 [debug] [Thread-2 (]: On model.dq_project.stg_orders: /* {"app": "dbt", "dbt_version": "1.8.8", "profile_name": "dq_project", "target_name": "dev", "node_id": "model.dq_project.stg_orders"} */
alter table "dq_db"."analytics_staging"."stg_orders__dbt_tmp" rename to "stg_orders"
[0m17:30:59.168712 [debug] [Thread-2 (]: SQL status: ALTER TABLE in 0.001 seconds
[0m17:30:59.168712 [debug] [Thread-1 (]: SQL status: ALTER TABLE in 0.002 seconds
[0m17:30:59.185067 [debug] [Thread-2 (]: On model.dq_project.stg_orders: COMMIT
[0m17:30:59.185067 [debug] [Thread-1 (]: On model.dq_project.stg_customers: COMMIT
[0m17:30:59.185067 [debug] [Thread-2 (]: Using postgres connection "model.dq_project.stg_orders"
[0m17:30:59.185067 [debug] [Thread-1 (]: Using postgres connection "model.dq_project.stg_customers"
[0m17:30:59.185067 [debug] [Thread-2 (]: On model.dq_project.stg_orders: COMMIT
[0m17:30:59.185067 [debug] [Thread-1 (]: On model.dq_project.stg_customers: COMMIT
[0m17:30:59.190925 [debug] [Thread-2 (]: SQL status: COMMIT in 0.003 seconds
[0m17:30:59.197247 [debug] [Thread-2 (]: Applying DROP to: "dq_db"."analytics_staging"."stg_orders__dbt_backup"
[0m17:30:59.197247 [debug] [Thread-1 (]: SQL status: COMMIT in 0.011 seconds
[0m17:30:59.200776 [debug] [Thread-2 (]: Using postgres connection "model.dq_project.stg_orders"
[0m17:30:59.202778 [debug] [Thread-1 (]: Applying DROP to: "dq_db"."analytics_staging"."stg_customers__dbt_backup"
[0m17:30:59.202778 [debug] [Thread-2 (]: On model.dq_project.stg_orders: /* {"app": "dbt", "dbt_version": "1.8.8", "profile_name": "dq_project", "target_name": "dev", "node_id": "model.dq_project.stg_orders"} */
drop view if exists "dq_db"."analytics_staging"."stg_orders__dbt_backup" cascade
[0m17:30:59.202778 [debug] [Thread-1 (]: Using postgres connection "model.dq_project.stg_customers"
[0m17:30:59.202778 [debug] [Thread-1 (]: On model.dq_project.stg_customers: /* {"app": "dbt", "dbt_version": "1.8.8", "profile_name": "dq_project", "target_name": "dev", "node_id": "model.dq_project.stg_customers"} */
drop view if exists "dq_db"."analytics_staging"."stg_customers__dbt_backup" cascade
[0m17:30:59.202778 [debug] [Thread-2 (]: SQL status: DROP VIEW in 0.001 seconds
[0m17:30:59.202778 [debug] [Thread-2 (]: On model.dq_project.stg_orders: Close
[0m17:30:59.202778 [debug] [Thread-2 (]: Sending event: {'category': 'dbt', 'action': 'run_model', 'label': 'efe4f041-6509-43a9-822f-f5273a4fc97e', 'context': [<snowplow_tracker.self_describing_json.SelfDescribingJson object at 0x00000230998D2360>]}
[0m17:30:59.202778 [debug] [Thread-1 (]: SQL status: DROP VIEW in 0.006 seconds
[0m17:30:59.202778 [info ] [Thread-2 (]: 2 of 2 OK created sql view model analytics_staging.stg_orders .................. [[32mCREATE VIEW[0m in 0.15s]
[0m17:30:59.202778 [debug] [Thread-1 (]: On model.dq_project.stg_customers: Close
[0m17:30:59.202778 [debug] [Thread-2 (]: Finished running node model.dq_project.stg_orders
[0m17:30:59.202778 [debug] [Thread-1 (]: Sending event: {'category': 'dbt', 'action': 'run_model', 'label': 'efe4f041-6509-43a9-822f-f5273a4fc97e', 'context': [<snowplow_tracker.self_describing_json.SelfDescribingJson object at 0x00000230991D1280>]}
[0m17:30:59.202778 [info ] [Thread-1 (]: 1 of 2 OK created sql view model analytics_staging.stg_customers ............... [[32mCREATE VIEW[0m in 0.15s]
[0m17:30:59.202778 [debug] [Thread-1 (]: Finished running node model.dq_project.stg_customers
[0m17:30:59.202778 [debug] [MainThread]: Using postgres connection "master"
[0m17:30:59.218486 [debug] [MainThread]: On master: BEGIN
[0m17:30:59.218992 [debug] [MainThread]: Opening a new connection, currently in state closed
[0m17:30:59.245291 [debug] [MainThread]: SQL status: BEGIN in 0.028 seconds
[0m17:30:59.246798 [debug] [MainThread]: On master: COMMIT
[0m17:30:59.246798 [debug] [MainThread]: Using postgres connection "master"
[0m17:30:59.247647 [debug] [MainThread]: On master: COMMIT
[0m17:30:59.248708 [debug] [MainThread]: SQL status: COMMIT in 0.001 seconds
[0m17:30:59.248708 [debug] [MainThread]: On master: Close
[0m17:30:59.248708 [debug] [MainThread]: Connection 'master' was properly closed.
[0m17:30:59.248708 [debug] [MainThread]: Connection 'create_dq_db_analytics_staging' was properly closed.
[0m17:30:59.248708 [debug] [MainThread]: Connection 'list_dq_db_analytics_staging' was properly closed.
[0m17:30:59.251167 [debug] [MainThread]: Connection 'model.dq_project.stg_customers' was properly closed.
[0m17:30:59.251167 [debug] [MainThread]: Connection 'model.dq_project.stg_orders' was properly closed.
[0m17:30:59.251167 [info ] [MainThread]: 
[0m17:30:59.251167 [info ] [MainThread]: Finished running 2 view models in 0 hours 0 minutes and 0.39 seconds (0.39s).
[0m17:30:59.253361 [debug] [MainThread]: Command end result
[0m17:30:59.281499 [info ] [MainThread]: 
[0m17:30:59.283507 [info ] [MainThread]: [32mCompleted successfully[0m
[0m17:30:59.285015 [info ] [MainThread]: 
[0m17:30:59.286427 [info ] [MainThread]: Done. PASS=2 WARN=0 ERROR=0 SKIP=0 TOTAL=2
[0m17:30:59.287081 [debug] [MainThread]: Command `dbt run` succeeded at 17:30:59.287081 after 1.04 seconds
[0m17:30:59.288089 [debug] [MainThread]: Sending event: {'category': 'dbt', 'action': 'invocation', 'label': 'end', 'context': [<snowplow_tracker.self_describing_json.SelfDescribingJson object at 0x0000023094C88740>, <snowplow_tracker.self_describing_json.SelfDescribingJson object at 0x0000023099537A70>, <snowplow_tracker.self_describing_json.SelfDescribingJson object at 0x000002309955FA10>]}
[0m17:30:59.288089 [debug] [MainThread]: Flushing usage events
[0m17:31:55.942287 [debug] [MainThread]: Sending event: {'category': 'dbt', 'action': 'invocation', 'label': 'start', 'context': [<snowplow_tracker.self_describing_json.SelfDescribingJson object at 0x000002932BC45A30>, <snowplow_tracker.self_describing_json.SelfDescribingJson object at 0x000002932B1A92B0>, <snowplow_tracker.self_describing_json.SelfDescribingJson object at 0x000002932B4DC8C0>]}


============================== 17:31:55.945948 | 091492bd-4931-4e05-a9ce-9f438beabb61 ==============================
[0m17:31:55.945948 [info ] [MainThread]: Running with dbt=1.8.8
[0m17:31:55.948577 [debug] [MainThread]: running dbt with arguments {'printer_width': '80', 'indirect_selection': 'eager', 'write_json': 'True', 'log_cache_events': 'False', 'partial_parse': 'True', 'cache_selected_only': 'False', 'profiles_dir': 'C:\\Users\\gsuji\\Downloads\\Data-Quality-Testing-Framework\\dbt_project', 'version_check': 'True', 'debug': 'False', 'log_path': 'C:\\Users\\gsuji\\Downloads\\Data-Quality-Testing-Framework\\dbt_project\\logs', 'fail_fast': 'False', 'warn_error': 'None', 'use_colors': 'True', 'use_experimental_parser': 'False', 'empty': 'None', 'quiet': 'False', 'no_print': 'None', 'log_format': 'default', 'static_parser': 'True', 'invocation_command': 'dbt test --select stg_customers --project-dir C:\\Users\\gsuji\\Downloads\\Data-Quality-Testing-Framework\\dbt_project --profiles-dir C:\\Users\\gsuji\\Downloads\\Data-Quality-Testing-Framework\\dbt_project', 'warn_error_options': 'WarnErrorOptions(include=[], exclude=[])', 'target_path': 'None', 'introspect': 'True', 'send_anonymous_usage_stats': 'True'}
[0m17:31:56.106895 [debug] [MainThread]: Sending event: {'category': 'dbt', 'action': 'project_id', 'label': '091492bd-4931-4e05-a9ce-9f438beabb61', 'context': [<snowplow_tracker.self_describing_json.SelfDescribingJson object at 0x000002932BDF5250>]}
[0m17:31:56.158627 [debug] [MainThread]: Sending event: {'category': 'dbt', 'action': 'adapter_info', 'label': '091492bd-4931-4e05-a9ce-9f438beabb61', 'context': [<snowplow_tracker.self_describing_json.SelfDescribingJson object at 0x000002932AAFEC60>]}
[0m17:31:56.158627 [info ] [MainThread]: Registered adapter: postgres=1.8.2
[0m17:31:56.168809 [debug] [MainThread]: checksum: ec53e341a936509427e16df1c646386a84befec52c1957e3f4359fbc36fc93f5, vars: {}, profile: , target: , version: 1.8.8
[0m17:31:56.388703 [debug] [MainThread]: Partial parsing enabled: 0 files deleted, 0 files added, 0 files changed.
[0m17:31:56.388703 [debug] [MainThread]: Partial parsing enabled, no changes found, skipping parsing
[0m17:31:56.428976 [debug] [MainThread]: Sending event: {'category': 'dbt', 'action': 'load_project', 'label': '091492bd-4931-4e05-a9ce-9f438beabb61', 'context': [<snowplow_tracker.self_describing_json.SelfDescribingJson object at 0x000002932D545010>]}
[0m17:31:56.535612 [debug] [MainThread]: Sending event: {'category': 'dbt', 'action': 'resource_counts', 'label': '091492bd-4931-4e05-a9ce-9f438beabb61', 'context': [<snowplow_tracker.self_describing_json.SelfDescribingJson object at 0x000002932D439610>]}
[0m17:31:56.536799 [info ] [MainThread]: Found 2 models, 14 data tests, 424 macros
[0m17:31:56.536799 [debug] [MainThread]: Sending event: {'category': 'dbt', 'action': 'runnable_timing', 'label': '091492bd-4931-4e05-a9ce-9f438beabb61', 'context': [<snowplow_tracker.self_describing_json.SelfDescribingJson object at 0x000002932D8C2DE0>]}
[0m17:31:56.538855 [info ] [MainThread]: 
[0m17:31:56.538855 [debug] [MainThread]: Acquiring new postgres connection 'master'
[0m17:31:56.544765 [debug] [ThreadPool]: Acquiring new postgres connection 'list_dq_db_analytics_staging'
[0m17:31:56.598929 [debug] [ThreadPool]: Using postgres connection "list_dq_db_analytics_staging"
[0m17:31:56.598929 [debug] [ThreadPool]: On list_dq_db_analytics_staging: BEGIN
[0m17:31:56.598929 [debug] [ThreadPool]: Opening a new connection, currently in state init
[0m17:31:56.618993 [debug] [ThreadPool]: SQL status: BEGIN in 0.020 seconds
[0m17:31:56.618993 [debug] [ThreadPool]: Using postgres connection "list_dq_db_analytics_staging"
[0m17:31:56.618993 [debug] [ThreadPool]: On list_dq_db_analytics_staging: /* {"app": "dbt", "dbt_version": "1.8.8", "profile_name": "dq_project", "target_name": "dev", "connection_name": "list_dq_db_analytics_staging"} */
select
      'dq_db' as database,
      tablename as name,
      schemaname as schema,
      'table' as type
    from pg_tables
    where schemaname ilike 'analytics_staging'
    union all
    select
      'dq_db' as database,
      viewname as name,
      schemaname as schema,
      'view' as type
    from pg_views
    where schemaname ilike 'analytics_staging'
    union all
    select
      'dq_db' as database,
      matviewname as name,
      schemaname as schema,
      'materialized_view' as type
    from pg_matviews
    where schemaname ilike 'analytics_staging'
  
[0m17:31:56.624701 [debug] [ThreadPool]: SQL status: SELECT 2 in 0.004 seconds
[0m17:31:56.626807 [debug] [ThreadPool]: On list_dq_db_analytics_staging: ROLLBACK
[0m17:31:56.628873 [debug] [ThreadPool]: On list_dq_db_analytics_staging: Close
[0m17:31:56.634847 [debug] [MainThread]: Using postgres connection "master"
[0m17:31:56.634847 [debug] [MainThread]: On master: BEGIN
[0m17:31:56.634847 [debug] [MainThread]: Opening a new connection, currently in state init
[0m17:31:56.658687 [debug] [MainThread]: SQL status: BEGIN in 0.024 seconds
[0m17:31:56.658687 [debug] [MainThread]: Using postgres connection "master"
[0m17:31:56.658687 [debug] [MainThread]: On master: /* {"app": "dbt", "dbt_version": "1.8.8", "profile_name": "dq_project", "target_name": "dev", "connection_name": "master"} */
with relation as (
        select
            pg_rewrite.ev_class as class,
            pg_rewrite.oid as id
        from pg_rewrite
    ),
    class as (
        select
            oid as id,
            relname as name,
            relnamespace as schema,
            relkind as kind
        from pg_class
    ),
    dependency as (
        select distinct
            pg_depend.objid as id,
            pg_depend.refobjid as ref
        from pg_depend
    ),
    schema as (
        select
            pg_namespace.oid as id,
            pg_namespace.nspname as name
        from pg_namespace
        where nspname != 'information_schema' and nspname not like 'pg\_%'
    ),
    referenced as (
        select
            relation.id AS id,
            referenced_class.name ,
            referenced_class.schema ,
            referenced_class.kind
        from relation
        join class as referenced_class on relation.class=referenced_class.id
        where referenced_class.kind in ('r', 'v', 'm')
    ),
    relationships as (
        select
            referenced.name as referenced_name,
            referenced.schema as referenced_schema_id,
            dependent_class.name as dependent_name,
            dependent_class.schema as dependent_schema_id,
            referenced.kind as kind
        from referenced
        join dependency on referenced.id=dependency.id
        join class as dependent_class on dependency.ref=dependent_class.id
        where
            (referenced.name != dependent_class.name or
             referenced.schema != dependent_class.schema)
    )

    select
        referenced_schema.name as referenced_schema,
        relationships.referenced_name as referenced_name,
        dependent_schema.name as dependent_schema,
        relationships.dependent_name as dependent_name
    from relationships
    join schema as dependent_schema on relationships.dependent_schema_id=dependent_schema.id
    join schema as referenced_schema on relationships.referenced_schema_id=referenced_schema.id
    group by referenced_schema, referenced_name, dependent_schema, dependent_name
    order by referenced_schema, referenced_name, dependent_schema, dependent_name;
[0m17:31:56.665006 [debug] [MainThread]: SQL status: SELECT 2 in 0.006 seconds
[0m17:31:56.667074 [debug] [MainThread]: Sending event: {'category': 'dbt', 'action': 'runnable_timing', 'label': '091492bd-4931-4e05-a9ce-9f438beabb61', 'context': [<snowplow_tracker.self_describing_json.SelfDescribingJson object at 0x000002932D41A2D0>]}
[0m17:31:56.667074 [debug] [MainThread]: On master: ROLLBACK
[0m17:31:56.668652 [debug] [MainThread]: Using postgres connection "master"
[0m17:31:56.668652 [debug] [MainThread]: On master: BEGIN
[0m17:31:56.668652 [debug] [MainThread]: SQL status: BEGIN in 0.002 seconds
[0m17:31:56.668652 [debug] [MainThread]: On master: COMMIT
[0m17:31:56.668652 [debug] [MainThread]: Using postgres connection "master"
[0m17:31:56.668652 [debug] [MainThread]: On master: COMMIT
[0m17:31:56.674904 [debug] [MainThread]: SQL status: COMMIT in 0.001 seconds
[0m17:31:56.674904 [debug] [MainThread]: On master: Close
[0m17:31:56.674904 [info ] [MainThread]: Concurrency: 4 threads (target='dev')
[0m17:31:56.674904 [info ] [MainThread]: 
[0m17:31:56.679052 [debug] [Thread-1 (]: Began running node test.dq_project.accepted_values_stg_customers_country__USA__India__UK__Germany__Canada__Australia.e9101a0996
[0m17:31:56.679052 [debug] [Thread-2 (]: Began running node test.dq_project.not_null_stg_customers_customer_id.e2cfb1f9aa
[0m17:31:56.679052 [debug] [Thread-3 (]: Began running node test.dq_project.not_null_stg_customers_email.d7cf761533
[0m17:31:56.679052 [info ] [Thread-1 (]: 1 of 7 START test accepted_values_stg_customers_country__USA__India__UK__Germany__Canada__Australia  [RUN]
[0m17:31:56.679052 [debug] [Thread-4 (]: Began running node test.dq_project.not_null_stg_customers_full_name.f9ff4c2b7e
[0m17:31:56.679052 [info ] [Thread-2 (]: 2 of 7 START test not_null_stg_customers_customer_id ........................... [RUN]
[0m17:31:56.684610 [info ] [Thread-3 (]: 3 of 7 START test not_null_stg_customers_email ................................. [RUN]
[0m17:31:56.684610 [debug] [Thread-1 (]: Acquiring new postgres connection 'test.dq_project.accepted_values_stg_customers_country__USA__India__UK__Germany__Canada__Australia.e9101a0996'
[0m17:31:56.684610 [info ] [Thread-4 (]: 4 of 7 START test not_null_stg_customers_full_name ............................. [RUN]
[0m17:31:56.686670 [debug] [Thread-2 (]: Acquiring new postgres connection 'test.dq_project.not_null_stg_customers_customer_id.e2cfb1f9aa'
[0m17:31:56.686670 [debug] [Thread-3 (]: Acquiring new postgres connection 'test.dq_project.not_null_stg_customers_email.d7cf761533'
[0m17:31:56.686670 [debug] [Thread-1 (]: Began compiling node test.dq_project.accepted_values_stg_customers_country__USA__India__UK__Germany__Canada__Australia.e9101a0996
[0m17:31:56.686670 [debug] [Thread-4 (]: Acquiring new postgres connection 'test.dq_project.not_null_stg_customers_full_name.f9ff4c2b7e'
[0m17:31:56.686670 [debug] [Thread-2 (]: Began compiling node test.dq_project.not_null_stg_customers_customer_id.e2cfb1f9aa
[0m17:31:56.688711 [debug] [Thread-3 (]: Began compiling node test.dq_project.not_null_stg_customers_email.d7cf761533
[0m17:31:56.706860 [debug] [Thread-1 (]: Writing injected SQL for node "test.dq_project.accepted_values_stg_customers_country__USA__India__UK__Germany__Canada__Australia.e9101a0996"
[0m17:31:56.706860 [debug] [Thread-4 (]: Began compiling node test.dq_project.not_null_stg_customers_full_name.f9ff4c2b7e
[0m17:31:56.714845 [debug] [Thread-2 (]: Writing injected SQL for node "test.dq_project.not_null_stg_customers_customer_id.e2cfb1f9aa"
[0m17:31:56.718947 [debug] [Thread-3 (]: Writing injected SQL for node "test.dq_project.not_null_stg_customers_email.d7cf761533"
[0m17:31:56.718947 [debug] [Thread-4 (]: Writing injected SQL for node "test.dq_project.not_null_stg_customers_full_name.f9ff4c2b7e"
[0m17:31:56.724117 [debug] [Thread-1 (]: Began executing node test.dq_project.accepted_values_stg_customers_country__USA__India__UK__Germany__Canada__Australia.e9101a0996
[0m17:31:56.739020 [debug] [Thread-1 (]: Writing runtime sql for node "test.dq_project.accepted_values_stg_customers_country__USA__India__UK__Germany__Canada__Australia.e9101a0996"
[0m17:31:56.739020 [debug] [Thread-2 (]: Began executing node test.dq_project.not_null_stg_customers_customer_id.e2cfb1f9aa
[0m17:31:56.742698 [debug] [Thread-2 (]: Writing runtime sql for node "test.dq_project.not_null_stg_customers_customer_id.e2cfb1f9aa"
[0m17:31:56.742698 [debug] [Thread-4 (]: Began executing node test.dq_project.not_null_stg_customers_full_name.f9ff4c2b7e
[0m17:31:56.744754 [debug] [Thread-3 (]: Began executing node test.dq_project.not_null_stg_customers_email.d7cf761533
[0m17:31:56.748886 [debug] [Thread-4 (]: Writing runtime sql for node "test.dq_project.not_null_stg_customers_full_name.f9ff4c2b7e"
[0m17:31:56.748886 [debug] [Thread-1 (]: Using postgres connection "test.dq_project.accepted_values_stg_customers_country__USA__India__UK__Germany__Canada__Australia.e9101a0996"
[0m17:31:56.748886 [debug] [Thread-3 (]: Writing runtime sql for node "test.dq_project.not_null_stg_customers_email.d7cf761533"
[0m17:31:56.748886 [debug] [Thread-2 (]: Using postgres connection "test.dq_project.not_null_stg_customers_customer_id.e2cfb1f9aa"
[0m17:31:56.753970 [debug] [Thread-1 (]: On test.dq_project.accepted_values_stg_customers_country__USA__India__UK__Germany__Canada__Australia.e9101a0996: BEGIN
[0m17:31:56.755041 [debug] [Thread-2 (]: On test.dq_project.not_null_stg_customers_customer_id.e2cfb1f9aa: BEGIN
[0m17:31:56.755041 [debug] [Thread-4 (]: Using postgres connection "test.dq_project.not_null_stg_customers_full_name.f9ff4c2b7e"
[0m17:31:56.755041 [debug] [Thread-1 (]: Opening a new connection, currently in state init
[0m17:31:56.757240 [debug] [Thread-2 (]: Opening a new connection, currently in state init
[0m17:31:56.757240 [debug] [Thread-4 (]: On test.dq_project.not_null_stg_customers_full_name.f9ff4c2b7e: BEGIN
[0m17:31:56.757240 [debug] [Thread-3 (]: Using postgres connection "test.dq_project.not_null_stg_customers_email.d7cf761533"
[0m17:31:56.758802 [debug] [Thread-4 (]: Opening a new connection, currently in state init
[0m17:31:56.758802 [debug] [Thread-3 (]: On test.dq_project.not_null_stg_customers_email.d7cf761533: BEGIN
[0m17:31:56.759547 [debug] [Thread-3 (]: Opening a new connection, currently in state init
[0m17:31:56.780867 [debug] [Thread-1 (]: SQL status: BEGIN in 0.026 seconds
[0m17:31:56.780867 [debug] [Thread-1 (]: Using postgres connection "test.dq_project.accepted_values_stg_customers_country__USA__India__UK__Germany__Canada__Australia.e9101a0996"
[0m17:31:56.784701 [debug] [Thread-1 (]: On test.dq_project.accepted_values_stg_customers_country__USA__India__UK__Germany__Canada__Australia.e9101a0996: /* {"app": "dbt", "dbt_version": "1.8.8", "profile_name": "dq_project", "target_name": "dev", "node_id": "test.dq_project.accepted_values_stg_customers_country__USA__India__UK__Germany__Canada__Australia.e9101a0996"} */
select
      count(*) as failures,
      count(*) != 0 as should_warn,
      count(*) != 0 as should_error
    from (
      
    
    

with all_values as (

    select
        country as value_field,
        count(*) as n_records

    from "dq_db"."analytics_staging"."stg_customers"
    group by country

)

select *
from all_values
where value_field not in (
    'USA','India','UK','Germany','Canada','Australia'
)



      
    ) dbt_internal_test
[0m17:31:56.784701 [debug] [Thread-4 (]: SQL status: BEGIN in 0.027 seconds
[0m17:31:56.784701 [debug] [Thread-4 (]: Using postgres connection "test.dq_project.not_null_stg_customers_full_name.f9ff4c2b7e"
[0m17:31:56.787139 [debug] [Thread-3 (]: SQL status: BEGIN in 0.027 seconds
[0m17:31:56.787139 [debug] [Thread-4 (]: On test.dq_project.not_null_stg_customers_full_name.f9ff4c2b7e: /* {"app": "dbt", "dbt_version": "1.8.8", "profile_name": "dq_project", "target_name": "dev", "node_id": "test.dq_project.not_null_stg_customers_full_name.f9ff4c2b7e"} */
select
      count(*) as failures,
      count(*) != 0 as should_warn,
      count(*) != 0 as should_error
    from (
      
    
    



select full_name
from "dq_db"."analytics_staging"."stg_customers"
where full_name is null



      
    ) dbt_internal_test
[0m17:31:56.787139 [debug] [Thread-3 (]: Using postgres connection "test.dq_project.not_null_stg_customers_email.d7cf761533"
[0m17:31:56.788671 [debug] [Thread-3 (]: On test.dq_project.not_null_stg_customers_email.d7cf761533: /* {"app": "dbt", "dbt_version": "1.8.8", "profile_name": "dq_project", "target_name": "dev", "node_id": "test.dq_project.not_null_stg_customers_email.d7cf761533"} */
select
      count(*) as failures,
      count(*) != 0 as should_warn,
      count(*) != 0 as should_error
    from (
      
    
    



select email
from "dq_db"."analytics_staging"."stg_customers"
where email is null



      
    ) dbt_internal_test
[0m17:31:56.790630 [debug] [Thread-4 (]: SQL status: SELECT 1 in 0.003 seconds
[0m17:31:56.790630 [debug] [Thread-1 (]: SQL status: SELECT 1 in 0.006 seconds
[0m17:31:56.790630 [debug] [Thread-4 (]: On test.dq_project.not_null_stg_customers_full_name.f9ff4c2b7e: ROLLBACK
[0m17:31:56.790630 [debug] [Thread-2 (]: SQL status: BEGIN in 0.040 seconds
[0m17:31:56.790630 [debug] [Thread-3 (]: SQL status: SELECT 1 in 0.009 seconds
[0m17:31:56.790630 [debug] [Thread-1 (]: On test.dq_project.accepted_values_stg_customers_country__USA__India__UK__Germany__Canada__Australia.e9101a0996: ROLLBACK
[0m17:31:56.800459 [debug] [Thread-2 (]: Using postgres connection "test.dq_project.not_null_stg_customers_customer_id.e2cfb1f9aa"
[0m17:31:56.800459 [debug] [Thread-3 (]: On test.dq_project.not_null_stg_customers_email.d7cf761533: ROLLBACK
[0m17:31:56.800459 [debug] [Thread-4 (]: On test.dq_project.not_null_stg_customers_full_name.f9ff4c2b7e: Close
[0m17:31:56.800459 [debug] [Thread-2 (]: On test.dq_project.not_null_stg_customers_customer_id.e2cfb1f9aa: /* {"app": "dbt", "dbt_version": "1.8.8", "profile_name": "dq_project", "target_name": "dev", "node_id": "test.dq_project.not_null_stg_customers_customer_id.e2cfb1f9aa"} */
select
      count(*) as failures,
      count(*) != 0 as should_warn,
      count(*) != 0 as should_error
    from (
      
    
    



select customer_id
from "dq_db"."analytics_staging"."stg_customers"
where customer_id is null



      
    ) dbt_internal_test
[0m17:31:56.800459 [debug] [Thread-1 (]: On test.dq_project.accepted_values_stg_customers_country__USA__India__UK__Germany__Canada__Australia.e9101a0996: Close
[0m17:31:56.800459 [info ] [Thread-4 (]: 4 of 7 PASS not_null_stg_customers_full_name ................................... [[32mPASS[0m in 0.11s]
[0m17:31:56.800459 [debug] [Thread-3 (]: On test.dq_project.not_null_stg_customers_email.d7cf761533: Close
[0m17:31:56.800459 [debug] [Thread-4 (]: Finished running node test.dq_project.not_null_stg_customers_full_name.f9ff4c2b7e
[0m17:31:56.800459 [info ] [Thread-1 (]: 1 of 7 PASS accepted_values_stg_customers_country__USA__India__UK__Germany__Canada__Australia  [[32mPASS[0m in 0.12s]
[0m17:31:56.800459 [debug] [Thread-2 (]: SQL status: SELECT 1 in 0.004 seconds
[0m17:31:56.800459 [debug] [Thread-4 (]: Began running node test.dq_project.relationships_stg_orders_customer_id__customer_id__ref_stg_customers_.430bf21500
[0m17:31:56.800459 [info ] [Thread-3 (]: 3 of 7 PASS not_null_stg_customers_email ....................................... [[32mPASS[0m in 0.11s]
[0m17:31:56.800459 [debug] [Thread-1 (]: Finished running node test.dq_project.accepted_values_stg_customers_country__USA__India__UK__Germany__Canada__Australia.e9101a0996
[0m17:31:56.812090 [debug] [Thread-2 (]: On test.dq_project.not_null_stg_customers_customer_id.e2cfb1f9aa: ROLLBACK
[0m17:31:56.812090 [info ] [Thread-4 (]: 5 of 7 START test relationships_stg_orders_customer_id__customer_id__ref_stg_customers_  [RUN]
[0m17:31:56.812090 [debug] [Thread-3 (]: Finished running node test.dq_project.not_null_stg_customers_email.d7cf761533
[0m17:31:56.812090 [debug] [Thread-1 (]: Began running node test.dq_project.unique_stg_customers_customer_id.c7614daada
[0m17:31:56.812090 [debug] [Thread-4 (]: Re-using an available connection from the pool (formerly test.dq_project.not_null_stg_customers_full_name.f9ff4c2b7e, now test.dq_project.relationships_stg_orders_customer_id__customer_id__ref_stg_customers_.430bf21500)
[0m17:31:56.812090 [debug] [Thread-3 (]: Began running node test.dq_project.valid_email_format_stg_customers_email.fee8eb6eab
[0m17:31:56.812090 [info ] [Thread-1 (]: 6 of 7 START test unique_stg_customers_customer_id ............................. [RUN]
[0m17:31:56.812090 [debug] [Thread-4 (]: Began compiling node test.dq_project.relationships_stg_orders_customer_id__customer_id__ref_stg_customers_.430bf21500
[0m17:31:56.812090 [debug] [Thread-2 (]: On test.dq_project.not_null_stg_customers_customer_id.e2cfb1f9aa: Close
[0m17:31:56.818766 [info ] [Thread-3 (]: 7 of 7 START test valid_email_format_stg_customers_email ....................... [RUN]
[0m17:31:56.818766 [debug] [Thread-1 (]: Re-using an available connection from the pool (formerly test.dq_project.accepted_values_stg_customers_country__USA__India__UK__Germany__Canada__Australia.e9101a0996, now test.dq_project.unique_stg_customers_customer_id.c7614daada)
[0m17:31:56.818766 [debug] [Thread-4 (]: Writing injected SQL for node "test.dq_project.relationships_stg_orders_customer_id__customer_id__ref_stg_customers_.430bf21500"
[0m17:31:56.818766 [debug] [Thread-3 (]: Re-using an available connection from the pool (formerly test.dq_project.not_null_stg_customers_email.d7cf761533, now test.dq_project.valid_email_format_stg_customers_email.fee8eb6eab)
[0m17:31:56.818766 [info ] [Thread-2 (]: 2 of 7 PASS not_null_stg_customers_customer_id ................................. [[32mPASS[0m in 0.13s]
[0m17:31:56.818766 [debug] [Thread-1 (]: Began compiling node test.dq_project.unique_stg_customers_customer_id.c7614daada
[0m17:31:56.818766 [debug] [Thread-3 (]: Began compiling node test.dq_project.valid_email_format_stg_customers_email.fee8eb6eab
[0m17:31:56.818766 [debug] [Thread-2 (]: Finished running node test.dq_project.not_null_stg_customers_customer_id.e2cfb1f9aa
[0m17:31:56.836775 [debug] [Thread-1 (]: Writing injected SQL for node "test.dq_project.unique_stg_customers_customer_id.c7614daada"
[0m17:31:56.838799 [debug] [Thread-3 (]: Writing injected SQL for node "test.dq_project.valid_email_format_stg_customers_email.fee8eb6eab"
[0m17:31:56.838799 [debug] [Thread-4 (]: Began executing node test.dq_project.relationships_stg_orders_customer_id__customer_id__ref_stg_customers_.430bf21500
[0m17:31:56.846713 [debug] [Thread-4 (]: Writing runtime sql for node "test.dq_project.relationships_stg_orders_customer_id__customer_id__ref_stg_customers_.430bf21500"
[0m17:31:56.846713 [debug] [Thread-1 (]: Began executing node test.dq_project.unique_stg_customers_customer_id.c7614daada
[0m17:31:56.848915 [debug] [Thread-1 (]: Writing runtime sql for node "test.dq_project.unique_stg_customers_customer_id.c7614daada"
[0m17:31:56.848915 [debug] [Thread-3 (]: Began executing node test.dq_project.valid_email_format_stg_customers_email.fee8eb6eab
[0m17:31:56.848915 [debug] [Thread-4 (]: Using postgres connection "test.dq_project.relationships_stg_orders_customer_id__customer_id__ref_stg_customers_.430bf21500"
[0m17:31:56.852870 [debug] [Thread-3 (]: Writing runtime sql for node "test.dq_project.valid_email_format_stg_customers_email.fee8eb6eab"
[0m17:31:56.857169 [debug] [Thread-4 (]: On test.dq_project.relationships_stg_orders_customer_id__customer_id__ref_stg_customers_.430bf21500: BEGIN
[0m17:31:56.857169 [debug] [Thread-1 (]: Using postgres connection "test.dq_project.unique_stg_customers_customer_id.c7614daada"
[0m17:31:56.858730 [debug] [Thread-4 (]: Opening a new connection, currently in state closed
[0m17:31:56.858730 [debug] [Thread-1 (]: On test.dq_project.unique_stg_customers_customer_id.c7614daada: BEGIN
[0m17:31:56.858730 [debug] [Thread-1 (]: Opening a new connection, currently in state closed
[0m17:31:56.858730 [debug] [Thread-3 (]: Using postgres connection "test.dq_project.valid_email_format_stg_customers_email.fee8eb6eab"
[0m17:31:56.858730 [debug] [Thread-3 (]: On test.dq_project.valid_email_format_stg_customers_email.fee8eb6eab: BEGIN
[0m17:31:56.858730 [debug] [Thread-3 (]: Opening a new connection, currently in state closed
[0m17:31:56.858730 [debug] [Thread-4 (]: SQL status: BEGIN in 0.016 seconds
[0m17:31:56.858730 [debug] [Thread-4 (]: Using postgres connection "test.dq_project.relationships_stg_orders_customer_id__customer_id__ref_stg_customers_.430bf21500"
[0m17:31:56.858730 [debug] [Thread-4 (]: On test.dq_project.relationships_stg_orders_customer_id__customer_id__ref_stg_customers_.430bf21500: /* {"app": "dbt", "dbt_version": "1.8.8", "profile_name": "dq_project", "target_name": "dev", "node_id": "test.dq_project.relationships_stg_orders_customer_id__customer_id__ref_stg_customers_.430bf21500"} */
select
      count(*) as failures,
      count(*) != 0 as should_warn,
      count(*) != 0 as should_error
    from (
      
    
    

with child as (
    select customer_id as from_field
    from "dq_db"."analytics_staging"."stg_orders"
    where customer_id is not null
),

parent as (
    select customer_id as to_field
    from "dq_db"."analytics_staging"."stg_customers"
)

select
    from_field

from child
left join parent
    on child.from_field = parent.to_field

where parent.to_field is null



      
    ) dbt_internal_test
[0m17:31:56.878722 [debug] [Thread-4 (]: SQL status: SELECT 1 in 0.004 seconds
[0m17:31:56.878722 [debug] [Thread-4 (]: On test.dq_project.relationships_stg_orders_customer_id__customer_id__ref_stg_customers_.430bf21500: ROLLBACK
[0m17:31:56.878722 [debug] [Thread-4 (]: On test.dq_project.relationships_stg_orders_customer_id__customer_id__ref_stg_customers_.430bf21500: Close
[0m17:31:56.878722 [info ] [Thread-4 (]: 5 of 7 PASS relationships_stg_orders_customer_id__customer_id__ref_stg_customers_  [[32mPASS[0m in 0.07s]
[0m17:31:56.878722 [debug] [Thread-4 (]: Finished running node test.dq_project.relationships_stg_orders_customer_id__customer_id__ref_stg_customers_.430bf21500
[0m17:31:56.878722 [debug] [Thread-1 (]: SQL status: BEGIN in 0.032 seconds
[0m17:31:56.878722 [debug] [Thread-3 (]: SQL status: BEGIN in 0.031 seconds
[0m17:31:56.878722 [debug] [Thread-1 (]: Using postgres connection "test.dq_project.unique_stg_customers_customer_id.c7614daada"
[0m17:31:56.893394 [debug] [Thread-3 (]: Using postgres connection "test.dq_project.valid_email_format_stg_customers_email.fee8eb6eab"
[0m17:31:56.893394 [debug] [Thread-1 (]: On test.dq_project.unique_stg_customers_customer_id.c7614daada: /* {"app": "dbt", "dbt_version": "1.8.8", "profile_name": "dq_project", "target_name": "dev", "node_id": "test.dq_project.unique_stg_customers_customer_id.c7614daada"} */
select
      count(*) as failures,
      count(*) != 0 as should_warn,
      count(*) != 0 as should_error
    from (
      
    
    

select
    customer_id as unique_field,
    count(*) as n_records

from "dq_db"."analytics_staging"."stg_customers"
where customer_id is not null
group by customer_id
having count(*) > 1



      
    ) dbt_internal_test
[0m17:31:56.893394 [debug] [Thread-3 (]: On test.dq_project.valid_email_format_stg_customers_email.fee8eb6eab: /* {"app": "dbt", "dbt_version": "1.8.8", "profile_name": "dq_project", "target_name": "dev", "node_id": "test.dq_project.valid_email_format_stg_customers_email.fee8eb6eab"} */
select
      count(*) as failures,
      count(*) != 0 as should_warn,
      count(*) != 0 as should_error
    from (
      
-- Custom generic test: flags any row where the column doesn't look like
-- a well-formed email address (basic regex: text@text.text).

select *
from "dq_db"."analytics_staging"."stg_customers"
where email is not null
  and email !~ '^[A-Za-z0-9._%+-]+@[A-Za-z0-9.-]+\.[A-Za-z]{2,}$'


      
    ) dbt_internal_test
[0m17:31:56.893394 [debug] [Thread-1 (]: SQL status: SELECT 1 in 0.003 seconds
[0m17:31:56.893394 [debug] [Thread-1 (]: On test.dq_project.unique_stg_customers_customer_id.c7614daada: ROLLBACK
[0m17:31:56.893394 [debug] [Thread-3 (]: SQL status: SELECT 1 in 0.006 seconds
[0m17:31:56.893394 [debug] [Thread-3 (]: On test.dq_project.valid_email_format_stg_customers_email.fee8eb6eab: ROLLBACK
[0m17:31:56.893394 [debug] [Thread-1 (]: On test.dq_project.unique_stg_customers_customer_id.c7614daada: Close
[0m17:31:56.893394 [info ] [Thread-1 (]: 6 of 7 PASS unique_stg_customers_customer_id ................................... [[32mPASS[0m in 0.07s]
[0m17:31:56.893394 [debug] [Thread-3 (]: On test.dq_project.valid_email_format_stg_customers_email.fee8eb6eab: Close
[0m17:31:56.893394 [debug] [Thread-1 (]: Finished running node test.dq_project.unique_stg_customers_customer_id.c7614daada
[0m17:31:56.893394 [info ] [Thread-3 (]: 7 of 7 PASS valid_email_format_stg_customers_email ............................. [[32mPASS[0m in 0.07s]
[0m17:31:56.893394 [debug] [Thread-3 (]: Finished running node test.dq_project.valid_email_format_stg_customers_email.fee8eb6eab
[0m17:31:56.909015 [debug] [MainThread]: Using postgres connection "master"
[0m17:31:56.909015 [debug] [MainThread]: On master: BEGIN
[0m17:31:56.909015 [debug] [MainThread]: Opening a new connection, currently in state closed
[0m17:31:56.928619 [debug] [MainThread]: SQL status: BEGIN in 0.025 seconds
[0m17:31:56.928619 [debug] [MainThread]: On master: COMMIT
[0m17:31:56.928619 [debug] [MainThread]: Using postgres connection "master"
[0m17:31:56.928619 [debug] [MainThread]: On master: COMMIT
[0m17:31:56.928619 [debug] [MainThread]: SQL status: COMMIT in 0.000 seconds
[0m17:31:56.928619 [debug] [MainThread]: On master: Close
[0m17:31:56.928619 [debug] [MainThread]: Connection 'master' was properly closed.
[0m17:31:56.939004 [debug] [MainThread]: Connection 'list_dq_db_analytics_staging' was properly closed.
[0m17:31:56.939004 [debug] [MainThread]: Connection 'test.dq_project.unique_stg_customers_customer_id.c7614daada' was properly closed.
[0m17:31:56.939004 [debug] [MainThread]: Connection 'test.dq_project.not_null_stg_customers_customer_id.e2cfb1f9aa' was properly closed.
[0m17:31:56.939004 [debug] [MainThread]: Connection 'test.dq_project.valid_email_format_stg_customers_email.fee8eb6eab' was properly closed.
[0m17:31:56.939004 [debug] [MainThread]: Connection 'test.dq_project.relationships_stg_orders_customer_id__customer_id__ref_stg_customers_.430bf21500' was properly closed.
[0m17:31:56.940761 [info ] [MainThread]: 
[0m17:31:56.940761 [info ] [MainThread]: Finished running 7 data tests in 0 hours 0 minutes and 0.40 seconds (0.40s).
[0m17:31:56.940761 [debug] [MainThread]: Command end result
[0m17:31:56.968962 [info ] [MainThread]: 
[0m17:31:56.968962 [info ] [MainThread]: [32mCompleted successfully[0m
[0m17:31:56.968962 [info ] [MainThread]: 
[0m17:31:56.968962 [info ] [MainThread]: Done. PASS=7 WARN=0 ERROR=0 SKIP=0 TOTAL=7
[0m17:31:56.968962 [debug] [MainThread]: Command `dbt test` succeeded at 17:31:56.968962 after 1.18 seconds
[0m17:31:56.968962 [debug] [MainThread]: Sending event: {'category': 'dbt', 'action': 'invocation', 'label': 'end', 'context': [<snowplow_tracker.self_describing_json.SelfDescribingJson object at 0x000002932B1A92B0>, <snowplow_tracker.self_describing_json.SelfDescribingJson object at 0x000002932B4B6150>, <snowplow_tracker.self_describing_json.SelfDescribingJson object at 0x000002932B96BB90>]}
[0m17:31:56.972606 [debug] [MainThread]: Flushing usage events
[0m17:32:01.076940 [debug] [MainThread]: Sending event: {'category': 'dbt', 'action': 'invocation', 'label': 'start', 'context': [<snowplow_tracker.self_describing_json.SelfDescribingJson object at 0x000002E21C1CF230>, <snowplow_tracker.self_describing_json.SelfDescribingJson object at 0x000002E21E9092B0>, <snowplow_tracker.self_describing_json.SelfDescribingJson object at 0x000002E21E4401D0>]}


============================== 17:32:01.080799 | d9295f2f-0d8c-408f-a61d-141577d22b09 ==============================
[0m17:32:01.080799 [info ] [MainThread]: Running with dbt=1.8.8
[0m17:32:01.080799 [debug] [MainThread]: running dbt with arguments {'printer_width': '80', 'indirect_selection': 'eager', 'write_json': 'True', 'log_cache_events': 'False', 'partial_parse': 'True', 'cache_selected_only': 'False', 'profiles_dir': 'C:\\Users\\gsuji\\Downloads\\Data-Quality-Testing-Framework\\dbt_project', 'version_check': 'True', 'debug': 'False', 'log_path': 'C:\\Users\\gsuji\\Downloads\\Data-Quality-Testing-Framework\\dbt_project\\logs', 'fail_fast': 'False', 'warn_error': 'None', 'use_colors': 'True', 'use_experimental_parser': 'False', 'empty': 'None', 'quiet': 'False', 'no_print': 'None', 'log_format': 'default', 'static_parser': 'True', 'invocation_command': 'dbt test --select stg_orders --project-dir C:\\Users\\gsuji\\Downloads\\Data-Quality-Testing-Framework\\dbt_project --profiles-dir C:\\Users\\gsuji\\Downloads\\Data-Quality-Testing-Framework\\dbt_project', 'introspect': 'True', 'target_path': 'None', 'warn_error_options': 'WarnErrorOptions(include=[], exclude=[])', 'send_anonymous_usage_stats': 'True'}
[0m17:32:01.236815 [debug] [MainThread]: Sending event: {'category': 'dbt', 'action': 'project_id', 'label': 'd9295f2f-0d8c-408f-a61d-141577d22b09', 'context': [<snowplow_tracker.self_describing_json.SelfDescribingJson object at 0x000002E21ECC4B60>]}
[0m17:32:01.288620 [debug] [MainThread]: Sending event: {'category': 'dbt', 'action': 'adapter_info', 'label': 'd9295f2f-0d8c-408f-a61d-141577d22b09', 'context': [<snowplow_tracker.self_describing_json.SelfDescribingJson object at 0x000002E21E885340>]}
[0m17:32:01.288620 [info ] [MainThread]: Registered adapter: postgres=1.8.2
[0m17:32:01.299007 [debug] [MainThread]: checksum: ec53e341a936509427e16df1c646386a84befec52c1957e3f4359fbc36fc93f5, vars: {}, profile: , target: , version: 1.8.8
[0m17:32:01.498928 [debug] [MainThread]: Partial parsing enabled: 0 files deleted, 0 files added, 0 files changed.
[0m17:32:01.498928 [debug] [MainThread]: Partial parsing enabled, no changes found, skipping parsing
[0m17:32:01.534837 [debug] [MainThread]: Sending event: {'category': 'dbt', 'action': 'load_project', 'label': 'd9295f2f-0d8c-408f-a61d-141577d22b09', 'context': [<snowplow_tracker.self_describing_json.SelfDescribingJson object at 0x000002E21ECC6FF0>]}
[0m17:32:01.626733 [debug] [MainThread]: Sending event: {'category': 'dbt', 'action': 'resource_counts', 'label': 'd9295f2f-0d8c-408f-a61d-141577d22b09', 'context': [<snowplow_tracker.self_describing_json.SelfDescribingJson object at 0x000002E2207CC710>]}
[0m17:32:01.626733 [info ] [MainThread]: Found 2 models, 14 data tests, 424 macros
[0m17:32:01.626733 [debug] [MainThread]: Sending event: {'category': 'dbt', 'action': 'runnable_timing', 'label': 'd9295f2f-0d8c-408f-a61d-141577d22b09', 'context': [<snowplow_tracker.self_describing_json.SelfDescribingJson object at 0x000002E2206DF530>]}
[0m17:32:01.628838 [info ] [MainThread]: 
[0m17:32:01.628838 [debug] [MainThread]: Acquiring new postgres connection 'master'
[0m17:32:01.633973 [debug] [ThreadPool]: Acquiring new postgres connection 'list_dq_db_analytics_staging'
[0m17:32:01.686794 [debug] [ThreadPool]: Using postgres connection "list_dq_db_analytics_staging"
[0m17:32:01.686794 [debug] [ThreadPool]: On list_dq_db_analytics_staging: BEGIN
[0m17:32:01.686794 [debug] [ThreadPool]: Opening a new connection, currently in state init
[0m17:32:01.726627 [debug] [ThreadPool]: SQL status: BEGIN in 0.039 seconds
[0m17:32:01.726627 [debug] [ThreadPool]: Using postgres connection "list_dq_db_analytics_staging"
[0m17:32:01.726627 [debug] [ThreadPool]: On list_dq_db_analytics_staging: /* {"app": "dbt", "dbt_version": "1.8.8", "profile_name": "dq_project", "target_name": "dev", "connection_name": "list_dq_db_analytics_staging"} */
select
      'dq_db' as database,
      tablename as name,
      schemaname as schema,
      'table' as type
    from pg_tables
    where schemaname ilike 'analytics_staging'
    union all
    select
      'dq_db' as database,
      viewname as name,
      schemaname as schema,
      'view' as type
    from pg_views
    where schemaname ilike 'analytics_staging'
    union all
    select
      'dq_db' as database,
      matviewname as name,
      schemaname as schema,
      'materialized_view' as type
    from pg_matviews
    where schemaname ilike 'analytics_staging'
  
[0m17:32:01.730487 [debug] [ThreadPool]: SQL status: SELECT 2 in 0.002 seconds
[0m17:32:01.730487 [debug] [ThreadPool]: On list_dq_db_analytics_staging: ROLLBACK
[0m17:32:01.730487 [debug] [ThreadPool]: On list_dq_db_analytics_staging: Close
[0m17:32:01.738757 [debug] [MainThread]: Using postgres connection "master"
[0m17:32:01.738757 [debug] [MainThread]: On master: BEGIN
[0m17:32:01.738757 [debug] [MainThread]: Opening a new connection, currently in state init
[0m17:32:01.776952 [debug] [MainThread]: SQL status: BEGIN in 0.038 seconds
[0m17:32:01.776952 [debug] [MainThread]: Using postgres connection "master"
[0m17:32:01.776952 [debug] [MainThread]: On master: /* {"app": "dbt", "dbt_version": "1.8.8", "profile_name": "dq_project", "target_name": "dev", "connection_name": "master"} */
with relation as (
        select
            pg_rewrite.ev_class as class,
            pg_rewrite.oid as id
        from pg_rewrite
    ),
    class as (
        select
            oid as id,
            relname as name,
            relnamespace as schema,
            relkind as kind
        from pg_class
    ),
    dependency as (
        select distinct
            pg_depend.objid as id,
            pg_depend.refobjid as ref
        from pg_depend
    ),
    schema as (
        select
            pg_namespace.oid as id,
            pg_namespace.nspname as name
        from pg_namespace
        where nspname != 'information_schema' and nspname not like 'pg\_%'
    ),
    referenced as (
        select
            relation.id AS id,
            referenced_class.name ,
            referenced_class.schema ,
            referenced_class.kind
        from relation
        join class as referenced_class on relation.class=referenced_class.id
        where referenced_class.kind in ('r', 'v', 'm')
    ),
    relationships as (
        select
            referenced.name as referenced_name,
            referenced.schema as referenced_schema_id,
            dependent_class.name as dependent_name,
            dependent_class.schema as dependent_schema_id,
            referenced.kind as kind
        from referenced
        join dependency on referenced.id=dependency.id
        join class as dependent_class on dependency.ref=dependent_class.id
        where
            (referenced.name != dependent_class.name or
             referenced.schema != dependent_class.schema)
    )

    select
        referenced_schema.name as referenced_schema,
        relationships.referenced_name as referenced_name,
        dependent_schema.name as dependent_schema,
        relationships.dependent_name as dependent_name
    from relationships
    join schema as dependent_schema on relationships.dependent_schema_id=dependent_schema.id
    join schema as referenced_schema on relationships.referenced_schema_id=referenced_schema.id
    group by referenced_schema, referenced_name, dependent_schema, dependent_name
    order by referenced_schema, referenced_name, dependent_schema, dependent_name;
[0m17:32:01.779748 [debug] [MainThread]: SQL status: SELECT 2 in 0.004 seconds
[0m17:32:01.779748 [debug] [MainThread]: Sending event: {'category': 'dbt', 'action': 'runnable_timing', 'label': 'd9295f2f-0d8c-408f-a61d-141577d22b09', 'context': [<snowplow_tracker.self_describing_json.SelfDescribingJson object at 0x000002E21C66C1D0>]}
[0m17:32:01.783826 [debug] [MainThread]: On master: ROLLBACK
[0m17:32:01.784877 [debug] [MainThread]: Using postgres connection "master"
[0m17:32:01.784877 [debug] [MainThread]: On master: BEGIN
[0m17:32:01.786933 [debug] [MainThread]: SQL status: BEGIN in 0.002 seconds
[0m17:32:01.786933 [debug] [MainThread]: On master: COMMIT
[0m17:32:01.786933 [debug] [MainThread]: Using postgres connection "master"
[0m17:32:01.788983 [debug] [MainThread]: On master: COMMIT
[0m17:32:01.788983 [debug] [MainThread]: SQL status: COMMIT in 0.001 seconds
[0m17:32:01.788983 [debug] [MainThread]: On master: Close
[0m17:32:01.788983 [info ] [MainThread]: Concurrency: 4 threads (target='dev')
[0m17:32:01.788983 [info ] [MainThread]: 
[0m17:32:01.795228 [debug] [Thread-1 (]: Began running node test.dq_project.accepted_values_stg_orders_status__placed__shipped__delivered__cancelled__returned.c02af3e6b1
[0m17:32:01.796807 [debug] [Thread-2 (]: Began running node test.dq_project.assert_no_negative_order_amounts
[0m17:32:01.796807 [info ] [Thread-1 (]: 1 of 8 START test accepted_values_stg_orders_status__placed__shipped__delivered__cancelled__returned  [RUN]
[0m17:32:01.796807 [debug] [Thread-3 (]: Began running node test.dq_project.not_null_stg_orders_amount.2546645448
[0m17:32:01.796807 [info ] [Thread-2 (]: 2 of 8 START test assert_no_negative_order_amounts ............................. [RUN]
[0m17:32:01.798876 [debug] [Thread-4 (]: Began running node test.dq_project.not_null_stg_orders_customer_id.af79d5e4b5
[0m17:32:01.798876 [debug] [Thread-1 (]: Acquiring new postgres connection 'test.dq_project.accepted_values_stg_orders_status__placed__shipped__delivered__cancelled__returned.c02af3e6b1'
[0m17:32:01.798876 [info ] [Thread-3 (]: 3 of 8 START test not_null_stg_orders_amount ................................... [RUN]
[0m17:32:01.798876 [debug] [Thread-2 (]: Acquiring new postgres connection 'test.dq_project.assert_no_negative_order_amounts'
[0m17:32:01.798876 [info ] [Thread-4 (]: 4 of 8 START test not_null_stg_orders_customer_id .............................. [RUN]
[0m17:32:01.798876 [debug] [Thread-1 (]: Began compiling node test.dq_project.accepted_values_stg_orders_status__placed__shipped__delivered__cancelled__returned.c02af3e6b1
[0m17:32:01.798876 [debug] [Thread-3 (]: Acquiring new postgres connection 'test.dq_project.not_null_stg_orders_amount.2546645448'
[0m17:32:01.798876 [debug] [Thread-2 (]: Began compiling node test.dq_project.assert_no_negative_order_amounts
[0m17:32:01.798876 [debug] [Thread-4 (]: Acquiring new postgres connection 'test.dq_project.not_null_stg_orders_customer_id.af79d5e4b5'
[0m17:32:01.812110 [debug] [Thread-3 (]: Began compiling node test.dq_project.not_null_stg_orders_amount.2546645448
[0m17:32:01.823652 [debug] [Thread-1 (]: Writing injected SQL for node "test.dq_project.accepted_values_stg_orders_status__placed__shipped__delivered__cancelled__returned.c02af3e6b1"
[0m17:32:01.826109 [debug] [Thread-2 (]: Writing injected SQL for node "test.dq_project.assert_no_negative_order_amounts"
[0m17:32:01.827107 [debug] [Thread-4 (]: Began compiling node test.dq_project.not_null_stg_orders_customer_id.af79d5e4b5
[0m17:32:01.835475 [debug] [Thread-3 (]: Writing injected SQL for node "test.dq_project.not_null_stg_orders_amount.2546645448"
[0m17:32:01.840116 [debug] [Thread-4 (]: Writing injected SQL for node "test.dq_project.not_null_stg_orders_customer_id.af79d5e4b5"
[0m17:32:01.841261 [debug] [Thread-2 (]: Began executing node test.dq_project.assert_no_negative_order_amounts
[0m17:32:01.841261 [debug] [Thread-1 (]: Began executing node test.dq_project.accepted_values_stg_orders_status__placed__shipped__delivered__cancelled__returned.c02af3e6b1
[0m17:32:01.856201 [debug] [Thread-2 (]: Writing runtime sql for node "test.dq_project.assert_no_negative_order_amounts"
[0m17:32:01.856716 [debug] [Thread-3 (]: Began executing node test.dq_project.not_null_stg_orders_amount.2546645448
[0m17:32:01.858941 [debug] [Thread-1 (]: Writing runtime sql for node "test.dq_project.accepted_values_stg_orders_status__placed__shipped__delivered__cancelled__returned.c02af3e6b1"
[0m17:32:01.862243 [debug] [Thread-3 (]: Writing runtime sql for node "test.dq_project.not_null_stg_orders_amount.2546645448"
[0m17:32:01.862779 [debug] [Thread-4 (]: Began executing node test.dq_project.not_null_stg_orders_customer_id.af79d5e4b5
[0m17:32:01.867279 [debug] [Thread-4 (]: Writing runtime sql for node "test.dq_project.not_null_stg_orders_customer_id.af79d5e4b5"
[0m17:32:01.867279 [debug] [Thread-2 (]: Using postgres connection "test.dq_project.assert_no_negative_order_amounts"
[0m17:32:01.868793 [debug] [Thread-2 (]: On test.dq_project.assert_no_negative_order_amounts: BEGIN
[0m17:32:01.868793 [debug] [Thread-2 (]: Opening a new connection, currently in state init
[0m17:32:01.868793 [debug] [Thread-3 (]: Using postgres connection "test.dq_project.not_null_stg_orders_amount.2546645448"
[0m17:32:01.868793 [debug] [Thread-1 (]: Using postgres connection "test.dq_project.accepted_values_stg_orders_status__placed__shipped__delivered__cancelled__returned.c02af3e6b1"
[0m17:32:01.868793 [debug] [Thread-3 (]: On test.dq_project.not_null_stg_orders_amount.2546645448: BEGIN
[0m17:32:01.868793 [debug] [Thread-1 (]: On test.dq_project.accepted_values_stg_orders_status__placed__shipped__delivered__cancelled__returned.c02af3e6b1: BEGIN
[0m17:32:01.868793 [debug] [Thread-4 (]: Using postgres connection "test.dq_project.not_null_stg_orders_customer_id.af79d5e4b5"
[0m17:32:01.868793 [debug] [Thread-3 (]: Opening a new connection, currently in state init
[0m17:32:01.873833 [debug] [Thread-1 (]: Opening a new connection, currently in state init
[0m17:32:01.873833 [debug] [Thread-4 (]: On test.dq_project.not_null_stg_orders_customer_id.af79d5e4b5: BEGIN
[0m17:32:01.874889 [debug] [Thread-4 (]: Opening a new connection, currently in state init
[0m17:32:01.893829 [debug] [Thread-2 (]: SQL status: BEGIN in 0.025 seconds
[0m17:32:01.895666 [debug] [Thread-2 (]: Using postgres connection "test.dq_project.assert_no_negative_order_amounts"
[0m17:32:01.896820 [debug] [Thread-2 (]: On test.dq_project.assert_no_negative_order_amounts: /* {"app": "dbt", "dbt_version": "1.8.8", "profile_name": "dq_project", "target_name": "dev", "node_id": "test.dq_project.assert_no_negative_order_amounts"} */
select
      count(*) as failures,
      count(*) != 0 as should_warn,
      count(*) != 0 as should_error
    from (
      -- Singular test: fails (returns rows) if any order has a negative amount.
-- dbt tests "pass" when the query returns zero rows.

select order_id, amount
from "dq_db"."analytics_staging"."stg_orders"
where amount < 0
      
    ) dbt_internal_test
[0m17:32:01.899175 [debug] [Thread-1 (]: SQL status: BEGIN in 0.026 seconds
[0m17:32:01.899740 [debug] [Thread-1 (]: Using postgres connection "test.dq_project.accepted_values_stg_orders_status__placed__shipped__delivered__cancelled__returned.c02af3e6b1"
[0m17:32:01.899740 [debug] [Thread-1 (]: On test.dq_project.accepted_values_stg_orders_status__placed__shipped__delivered__cancelled__returned.c02af3e6b1: /* {"app": "dbt", "dbt_version": "1.8.8", "profile_name": "dq_project", "target_name": "dev", "node_id": "test.dq_project.accepted_values_stg_orders_status__placed__shipped__delivered__cancelled__returned.c02af3e6b1"} */
select
      count(*) as failures,
      count(*) != 0 as should_warn,
      count(*) != 0 as should_error
    from (
      
    
    

with all_values as (

    select
        status as value_field,
        count(*) as n_records

    from "dq_db"."analytics_staging"."stg_orders"
    group by status

)

select *
from all_values
where value_field not in (
    'placed','shipped','delivered','cancelled','returned'
)



      
    ) dbt_internal_test
[0m17:32:01.900384 [debug] [Thread-3 (]: SQL status: BEGIN in 0.028 seconds
[0m17:32:01.901025 [debug] [Thread-2 (]: SQL status: SELECT 1 in 0.004 seconds
[0m17:32:01.901683 [debug] [Thread-3 (]: Using postgres connection "test.dq_project.not_null_stg_orders_amount.2546645448"
[0m17:32:01.904528 [debug] [Thread-2 (]: On test.dq_project.assert_no_negative_order_amounts: ROLLBACK
[0m17:32:01.907047 [debug] [Thread-1 (]: SQL status: SELECT 1 in 0.006 seconds
[0m17:32:01.907047 [debug] [Thread-3 (]: On test.dq_project.not_null_stg_orders_amount.2546645448: /* {"app": "dbt", "dbt_version": "1.8.8", "profile_name": "dq_project", "target_name": "dev", "node_id": "test.dq_project.not_null_stg_orders_amount.2546645448"} */
select
      count(*) as failures,
      count(*) != 0 as should_warn,
      count(*) != 0 as should_error
    from (
      
    
    



select amount
from "dq_db"."analytics_staging"."stg_orders"
where amount is null



      
    ) dbt_internal_test
[0m17:32:01.907047 [debug] [Thread-1 (]: On test.dq_project.accepted_values_stg_orders_status__placed__shipped__delivered__cancelled__returned.c02af3e6b1: ROLLBACK
[0m17:32:01.909054 [debug] [Thread-4 (]: SQL status: BEGIN in 0.033 seconds
[0m17:32:01.909054 [debug] [Thread-2 (]: On test.dq_project.assert_no_negative_order_amounts: Close
[0m17:32:01.909054 [debug] [Thread-4 (]: Using postgres connection "test.dq_project.not_null_stg_orders_customer_id.af79d5e4b5"
[0m17:32:01.909054 [debug] [Thread-3 (]: SQL status: SELECT 1 in 0.002 seconds
[0m17:32:01.909054 [debug] [Thread-4 (]: On test.dq_project.not_null_stg_orders_customer_id.af79d5e4b5: /* {"app": "dbt", "dbt_version": "1.8.8", "profile_name": "dq_project", "target_name": "dev", "node_id": "test.dq_project.not_null_stg_orders_customer_id.af79d5e4b5"} */
select
      count(*) as failures,
      count(*) != 0 as should_warn,
      count(*) != 0 as should_error
    from (
      
    
    



select customer_id
from "dq_db"."analytics_staging"."stg_orders"
where customer_id is null



      
    ) dbt_internal_test
[0m17:32:01.909054 [debug] [Thread-1 (]: On test.dq_project.accepted_values_stg_orders_status__placed__shipped__delivered__cancelled__returned.c02af3e6b1: Close
[0m17:32:01.909054 [info ] [Thread-2 (]: 2 of 8 PASS assert_no_negative_order_amounts ................................... [[32mPASS[0m in 0.11s]
[0m17:32:01.913672 [debug] [Thread-3 (]: On test.dq_project.not_null_stg_orders_amount.2546645448: ROLLBACK
[0m17:32:01.913672 [debug] [Thread-2 (]: Finished running node test.dq_project.assert_no_negative_order_amounts
[0m17:32:01.913672 [info ] [Thread-1 (]: 1 of 8 PASS accepted_values_stg_orders_status__placed__shipped__delivered__cancelled__returned  [[32mPASS[0m in 0.11s]
[0m17:32:01.913672 [debug] [Thread-4 (]: SQL status: SELECT 1 in 0.002 seconds
[0m17:32:01.913672 [debug] [Thread-2 (]: Began running node test.dq_project.not_null_stg_orders_order_id.81cfe2fe64
[0m17:32:01.913672 [debug] [Thread-1 (]: Finished running node test.dq_project.accepted_values_stg_orders_status__placed__shipped__delivered__cancelled__returned.c02af3e6b1
[0m17:32:01.918933 [debug] [Thread-4 (]: On test.dq_project.not_null_stg_orders_customer_id.af79d5e4b5: ROLLBACK
[0m17:32:01.918933 [debug] [Thread-3 (]: On test.dq_project.not_null_stg_orders_amount.2546645448: Close
[0m17:32:01.918933 [info ] [Thread-2 (]: 5 of 8 START test not_null_stg_orders_order_id ................................. [RUN]
[0m17:32:01.918933 [debug] [Thread-1 (]: Began running node test.dq_project.not_null_stg_orders_status.2b01eecbd6
[0m17:32:01.918933 [debug] [Thread-2 (]: Re-using an available connection from the pool (formerly test.dq_project.assert_no_negative_order_amounts, now test.dq_project.not_null_stg_orders_order_id.81cfe2fe64)
[0m17:32:01.918933 [info ] [Thread-3 (]: 3 of 8 PASS not_null_stg_orders_amount ......................................... [[32mPASS[0m in 0.12s]
[0m17:32:01.918933 [debug] [Thread-4 (]: On test.dq_project.not_null_stg_orders_customer_id.af79d5e4b5: Close
[0m17:32:01.918933 [info ] [Thread-1 (]: 6 of 8 START test not_null_stg_orders_status ................................... [RUN]
[0m17:32:01.918933 [debug] [Thread-2 (]: Began compiling node test.dq_project.not_null_stg_orders_order_id.81cfe2fe64
[0m17:32:01.925001 [debug] [Thread-3 (]: Finished running node test.dq_project.not_null_stg_orders_amount.2546645448
[0m17:32:01.925001 [info ] [Thread-4 (]: 4 of 8 PASS not_null_stg_orders_customer_id .................................... [[32mPASS[0m in 0.13s]
[0m17:32:01.925001 [debug] [Thread-1 (]: Re-using an available connection from the pool (formerly test.dq_project.accepted_values_stg_orders_status__placed__shipped__delivered__cancelled__returned.c02af3e6b1, now test.dq_project.not_null_stg_orders_status.2b01eecbd6)
[0m17:32:01.928740 [debug] [Thread-2 (]: Writing injected SQL for node "test.dq_project.not_null_stg_orders_order_id.81cfe2fe64"
[0m17:32:01.928740 [debug] [Thread-3 (]: Began running node test.dq_project.relationships_stg_orders_customer_id__customer_id__ref_stg_customers_.430bf21500
[0m17:32:01.928740 [debug] [Thread-4 (]: Finished running node test.dq_project.not_null_stg_orders_customer_id.af79d5e4b5
[0m17:32:01.928740 [debug] [Thread-1 (]: Began compiling node test.dq_project.not_null_stg_orders_status.2b01eecbd6
[0m17:32:01.928740 [info ] [Thread-3 (]: 7 of 8 START test relationships_stg_orders_customer_id__customer_id__ref_stg_customers_  [RUN]
[0m17:32:01.928740 [debug] [Thread-4 (]: Began running node test.dq_project.unique_stg_orders_order_id.e3b841c71a
[0m17:32:01.928740 [debug] [Thread-1 (]: Writing injected SQL for node "test.dq_project.not_null_stg_orders_status.2b01eecbd6"
[0m17:32:01.928740 [debug] [Thread-3 (]: Re-using an available connection from the pool (formerly test.dq_project.not_null_stg_orders_amount.2546645448, now test.dq_project.relationships_stg_orders_customer_id__customer_id__ref_stg_customers_.430bf21500)
[0m17:32:01.928740 [info ] [Thread-4 (]: 8 of 8 START test unique_stg_orders_order_id ................................... [RUN]
[0m17:32:01.928740 [debug] [Thread-3 (]: Began compiling node test.dq_project.relationships_stg_orders_customer_id__customer_id__ref_stg_customers_.430bf21500
[0m17:32:01.928740 [debug] [Thread-4 (]: Re-using an available connection from the pool (formerly test.dq_project.not_null_stg_orders_customer_id.af79d5e4b5, now test.dq_project.unique_stg_orders_order_id.e3b841c71a)
[0m17:32:01.928740 [debug] [Thread-2 (]: Began executing node test.dq_project.not_null_stg_orders_order_id.81cfe2fe64
[0m17:32:01.949009 [debug] [Thread-3 (]: Writing injected SQL for node "test.dq_project.relationships_stg_orders_customer_id__customer_id__ref_stg_customers_.430bf21500"
[0m17:32:01.949009 [debug] [Thread-4 (]: Began compiling node test.dq_project.unique_stg_orders_order_id.e3b841c71a
[0m17:32:01.949009 [debug] [Thread-2 (]: Writing runtime sql for node "test.dq_project.not_null_stg_orders_order_id.81cfe2fe64"
[0m17:32:01.949009 [debug] [Thread-1 (]: Began executing node test.dq_project.not_null_stg_orders_status.2b01eecbd6
[0m17:32:01.956828 [debug] [Thread-4 (]: Writing injected SQL for node "test.dq_project.unique_stg_orders_order_id.e3b841c71a"
[0m17:32:01.958839 [debug] [Thread-1 (]: Writing runtime sql for node "test.dq_project.not_null_stg_orders_status.2b01eecbd6"
[0m17:32:01.958839 [debug] [Thread-3 (]: Began executing node test.dq_project.relationships_stg_orders_customer_id__customer_id__ref_stg_customers_.430bf21500
[0m17:32:01.963481 [debug] [Thread-3 (]: Writing runtime sql for node "test.dq_project.relationships_stg_orders_customer_id__customer_id__ref_stg_customers_.430bf21500"
[0m17:32:01.964631 [debug] [Thread-2 (]: Using postgres connection "test.dq_project.not_null_stg_orders_order_id.81cfe2fe64"
[0m17:32:01.964631 [debug] [Thread-2 (]: On test.dq_project.not_null_stg_orders_order_id.81cfe2fe64: BEGIN
[0m17:32:01.964631 [debug] [Thread-2 (]: Opening a new connection, currently in state closed
[0m17:32:01.966640 [debug] [Thread-4 (]: Began executing node test.dq_project.unique_stg_orders_order_id.e3b841c71a
[0m17:32:01.966640 [debug] [Thread-3 (]: Using postgres connection "test.dq_project.relationships_stg_orders_customer_id__customer_id__ref_stg_customers_.430bf21500"
[0m17:32:01.968677 [debug] [Thread-4 (]: Writing runtime sql for node "test.dq_project.unique_stg_orders_order_id.e3b841c71a"
[0m17:32:01.968677 [debug] [Thread-1 (]: Using postgres connection "test.dq_project.not_null_stg_orders_status.2b01eecbd6"
[0m17:32:01.968677 [debug] [Thread-3 (]: On test.dq_project.relationships_stg_orders_customer_id__customer_id__ref_stg_customers_.430bf21500: BEGIN
[0m17:32:01.968677 [debug] [Thread-1 (]: On test.dq_project.not_null_stg_orders_status.2b01eecbd6: BEGIN
[0m17:32:01.968677 [debug] [Thread-3 (]: Opening a new connection, currently in state closed
[0m17:32:01.968677 [debug] [Thread-1 (]: Opening a new connection, currently in state closed
[0m17:32:01.968677 [debug] [Thread-4 (]: Using postgres connection "test.dq_project.unique_stg_orders_order_id.e3b841c71a"
[0m17:32:01.968677 [debug] [Thread-4 (]: On test.dq_project.unique_stg_orders_order_id.e3b841c71a: BEGIN
[0m17:32:01.968677 [debug] [Thread-4 (]: Opening a new connection, currently in state closed
[0m17:32:01.991163 [debug] [Thread-1 (]: SQL status: BEGIN in 0.021 seconds
[0m17:32:01.991163 [debug] [Thread-1 (]: Using postgres connection "test.dq_project.not_null_stg_orders_status.2b01eecbd6"
[0m17:32:01.991163 [debug] [Thread-2 (]: SQL status: BEGIN in 0.030 seconds
[0m17:32:01.991163 [debug] [Thread-1 (]: On test.dq_project.not_null_stg_orders_status.2b01eecbd6: /* {"app": "dbt", "dbt_version": "1.8.8", "profile_name": "dq_project", "target_name": "dev", "node_id": "test.dq_project.not_null_stg_orders_status.2b01eecbd6"} */
select
      count(*) as failures,
      count(*) != 0 as should_warn,
      count(*) != 0 as should_error
    from (
      
    
    



select status
from "dq_db"."analytics_staging"."stg_orders"
where status is null



      
    ) dbt_internal_test
[0m17:32:01.991163 [debug] [Thread-2 (]: Using postgres connection "test.dq_project.not_null_stg_orders_order_id.81cfe2fe64"
[0m17:32:01.991163 [debug] [Thread-2 (]: On test.dq_project.not_null_stg_orders_order_id.81cfe2fe64: /* {"app": "dbt", "dbt_version": "1.8.8", "profile_name": "dq_project", "target_name": "dev", "node_id": "test.dq_project.not_null_stg_orders_order_id.81cfe2fe64"} */
select
      count(*) as failures,
      count(*) != 0 as should_warn,
      count(*) != 0 as should_error
    from (
      
    
    



select order_id
from "dq_db"."analytics_staging"."stg_orders"
where order_id is null



      
    ) dbt_internal_test
[0m17:32:01.991163 [debug] [Thread-4 (]: SQL status: BEGIN in 0.023 seconds
[0m17:32:01.999189 [debug] [Thread-4 (]: Using postgres connection "test.dq_project.unique_stg_orders_order_id.e3b841c71a"
[0m17:32:01.999189 [debug] [Thread-4 (]: On test.dq_project.unique_stg_orders_order_id.e3b841c71a: /* {"app": "dbt", "dbt_version": "1.8.8", "profile_name": "dq_project", "target_name": "dev", "node_id": "test.dq_project.unique_stg_orders_order_id.e3b841c71a"} */
select
      count(*) as failures,
      count(*) != 0 as should_warn,
      count(*) != 0 as should_error
    from (
      
    
    

select
    order_id as unique_field,
    count(*) as n_records

from "dq_db"."analytics_staging"."stg_orders"
where order_id is not null
group by order_id
having count(*) > 1



      
    ) dbt_internal_test
[0m17:32:01.999189 [debug] [Thread-2 (]: SQL status: SELECT 1 in 0.002 seconds
[0m17:32:01.999189 [debug] [Thread-2 (]: On test.dq_project.not_null_stg_orders_order_id.81cfe2fe64: ROLLBACK
[0m17:32:01.999189 [debug] [Thread-1 (]: SQL status: SELECT 1 in 0.005 seconds
[0m17:32:01.991163 [debug] [Thread-3 (]: SQL status: BEGIN in 0.026 seconds
[0m17:32:02.002931 [debug] [Thread-1 (]: On test.dq_project.not_null_stg_orders_status.2b01eecbd6: ROLLBACK
[0m17:32:02.002931 [debug] [Thread-4 (]: SQL status: SELECT 1 in 0.004 seconds
[0m17:32:02.002931 [debug] [Thread-3 (]: Using postgres connection "test.dq_project.relationships_stg_orders_customer_id__customer_id__ref_stg_customers_.430bf21500"
[0m17:32:02.004960 [debug] [Thread-2 (]: On test.dq_project.not_null_stg_orders_order_id.81cfe2fe64: Close
[0m17:32:02.004960 [debug] [Thread-4 (]: On test.dq_project.unique_stg_orders_order_id.e3b841c71a: ROLLBACK
[0m17:32:02.004960 [debug] [Thread-1 (]: On test.dq_project.not_null_stg_orders_status.2b01eecbd6: Close
[0m17:32:02.004960 [debug] [Thread-3 (]: On test.dq_project.relationships_stg_orders_customer_id__customer_id__ref_stg_customers_.430bf21500: /* {"app": "dbt", "dbt_version": "1.8.8", "profile_name": "dq_project", "target_name": "dev", "node_id": "test.dq_project.relationships_stg_orders_customer_id__customer_id__ref_stg_customers_.430bf21500"} */
select
      count(*) as failures,
      count(*) != 0 as should_warn,
      count(*) != 0 as should_error
    from (
      
    
    

with child as (
    select customer_id as from_field
    from "dq_db"."analytics_staging"."stg_orders"
    where customer_id is not null
),

parent as (
    select customer_id as to_field
    from "dq_db"."analytics_staging"."stg_customers"
)

select
    from_field

from child
left join parent
    on child.from_field = parent.to_field

where parent.to_field is null



      
    ) dbt_internal_test
[0m17:32:02.004960 [info ] [Thread-2 (]: 5 of 8 PASS not_null_stg_orders_order_id ....................................... [[32mPASS[0m in 0.09s]
[0m17:32:02.004960 [debug] [Thread-2 (]: Finished running node test.dq_project.not_null_stg_orders_order_id.81cfe2fe64
[0m17:32:02.004960 [debug] [Thread-4 (]: On test.dq_project.unique_stg_orders_order_id.e3b841c71a: Close
[0m17:32:02.010811 [info ] [Thread-1 (]: 6 of 8 PASS not_null_stg_orders_status ......................................... [[32mPASS[0m in 0.09s]
[0m17:32:02.010811 [debug] [Thread-3 (]: SQL status: SELECT 1 in 0.004 seconds
[0m17:32:02.010811 [info ] [Thread-4 (]: 8 of 8 PASS unique_stg_orders_order_id ......................................... [[32mPASS[0m in 0.08s]
[0m17:32:02.010811 [debug] [Thread-1 (]: Finished running node test.dq_project.not_null_stg_orders_status.2b01eecbd6
[0m17:32:02.015543 [debug] [Thread-3 (]: On test.dq_project.relationships_stg_orders_customer_id__customer_id__ref_stg_customers_.430bf21500: ROLLBACK
[0m17:32:02.015543 [debug] [Thread-4 (]: Finished running node test.dq_project.unique_stg_orders_order_id.e3b841c71a
[0m17:32:02.018666 [debug] [Thread-3 (]: On test.dq_project.relationships_stg_orders_customer_id__customer_id__ref_stg_customers_.430bf21500: Close
[0m17:32:02.018666 [info ] [Thread-3 (]: 7 of 8 PASS relationships_stg_orders_customer_id__customer_id__ref_stg_customers_  [[32mPASS[0m in 0.09s]
[0m17:32:02.018666 [debug] [Thread-3 (]: Finished running node test.dq_project.relationships_stg_orders_customer_id__customer_id__ref_stg_customers_.430bf21500
[0m17:32:02.018666 [debug] [MainThread]: Using postgres connection "master"
[0m17:32:02.018666 [debug] [MainThread]: On master: BEGIN
[0m17:32:02.018666 [debug] [MainThread]: Opening a new connection, currently in state closed
[0m17:32:02.038710 [debug] [MainThread]: SQL status: BEGIN in 0.018 seconds
[0m17:32:02.038710 [debug] [MainThread]: On master: COMMIT
[0m17:32:02.043937 [debug] [MainThread]: Using postgres connection "master"
[0m17:32:02.043937 [debug] [MainThread]: On master: COMMIT
[0m17:32:02.043937 [debug] [MainThread]: SQL status: COMMIT in 0.001 seconds
[0m17:32:02.043937 [debug] [MainThread]: On master: Close
[0m17:32:02.043937 [debug] [MainThread]: Connection 'master' was properly closed.
[0m17:32:02.046999 [debug] [MainThread]: Connection 'list_dq_db_analytics_staging' was properly closed.
[0m17:32:02.046999 [debug] [MainThread]: Connection 'test.dq_project.not_null_stg_orders_status.2b01eecbd6' was properly closed.
[0m17:32:02.046999 [debug] [MainThread]: Connection 'test.dq_project.not_null_stg_orders_order_id.81cfe2fe64' was properly closed.
[0m17:32:02.046999 [debug] [MainThread]: Connection 'test.dq_project.relationships_stg_orders_customer_id__customer_id__ref_stg_customers_.430bf21500' was properly closed.
[0m17:32:02.049059 [debug] [MainThread]: Connection 'test.dq_project.unique_stg_orders_order_id.e3b841c71a' was properly closed.
[0m17:32:02.049059 [info ] [MainThread]: 
[0m17:32:02.049059 [info ] [MainThread]: Finished running 8 data tests in 0 hours 0 minutes and 0.42 seconds (0.42s).
[0m17:32:02.049059 [debug] [MainThread]: Command end result
[0m17:32:02.165145 [info ] [MainThread]: 
[0m17:32:02.165145 [info ] [MainThread]: [32mCompleted successfully[0m
[0m17:32:02.165145 [info ] [MainThread]: 
[0m17:32:02.165145 [info ] [MainThread]: Done. PASS=8 WARN=0 ERROR=0 SKIP=0 TOTAL=8
[0m17:32:02.168545 [debug] [MainThread]: Command `dbt test` succeeded at 17:32:02.168545 after 1.24 seconds
[0m17:32:02.169147 [debug] [MainThread]: Sending event: {'category': 'dbt', 'action': 'invocation', 'label': 'end', 'context': [<snowplow_tracker.self_describing_json.SelfDescribingJson object at 0x000002E21E3E5A30>, <snowplow_tracker.self_describing_json.SelfDescribingJson object at 0x000002E21E149160>, <snowplow_tracker.self_describing_json.SelfDescribingJson object at 0x000002E21C66C1D0>]}
[0m17:32:02.169147 [debug] [MainThread]: Flushing usage events
[0m17:32:06.136838 [debug] [MainThread]: Sending event: {'category': 'dbt', 'action': 'invocation', 'label': 'start', 'context': [<snowplow_tracker.self_describing_json.SelfDescribingJson object at 0x00000214434FF020>, <snowplow_tracker.self_describing_json.SelfDescribingJson object at 0x00000214434FCC20>, <snowplow_tracker.self_describing_json.SelfDescribingJson object at 0x00000214434FC920>]}


============================== 17:32:06.138910 | c275ec36-7465-48df-95bd-1d5b75c22ba7 ==============================
[0m17:32:06.138910 [info ] [MainThread]: Running with dbt=1.8.8
[0m17:32:06.138910 [debug] [MainThread]: running dbt with arguments {'printer_width': '80', 'indirect_selection': 'eager', 'log_cache_events': 'False', 'write_json': 'True', 'partial_parse': 'True', 'cache_selected_only': 'False', 'profiles_dir': 'C:\\Users\\gsuji\\Downloads\\Data-Quality-Testing-Framework\\dbt_project', 'version_check': 'True', 'debug': 'False', 'log_path': 'C:\\Users\\gsuji\\Downloads\\Data-Quality-Testing-Framework\\dbt_project\\logs', 'warn_error': 'None', 'fail_fast': 'False', 'use_colors': 'True', 'use_experimental_parser': 'False', 'empty': 'None', 'quiet': 'False', 'no_print': 'None', 'log_format': 'default', 'static_parser': 'True', 'warn_error_options': 'WarnErrorOptions(include=[], exclude=[])', 'invocation_command': 'dbt test --select stg_orders --project-dir C:\\Users\\gsuji\\Downloads\\Data-Quality-Testing-Framework\\dbt_project --profiles-dir C:\\Users\\gsuji\\Downloads\\Data-Quality-Testing-Framework\\dbt_project', 'target_path': 'None', 'introspect': 'True', 'send_anonymous_usage_stats': 'True'}
[0m17:32:06.284002 [debug] [MainThread]: Sending event: {'category': 'dbt', 'action': 'project_id', 'label': 'c275ec36-7465-48df-95bd-1d5b75c22ba7', 'context': [<snowplow_tracker.self_describing_json.SelfDescribingJson object at 0x000002144355B680>]}
[0m17:32:06.333893 [debug] [MainThread]: Sending event: {'category': 'dbt', 'action': 'adapter_info', 'label': 'c275ec36-7465-48df-95bd-1d5b75c22ba7', 'context': [<snowplow_tracker.self_describing_json.SelfDescribingJson object at 0x0000021444119340>]}
[0m17:32:06.334995 [info ] [MainThread]: Registered adapter: postgres=1.8.2
[0m17:32:06.338610 [debug] [MainThread]: checksum: ec53e341a936509427e16df1c646386a84befec52c1957e3f4359fbc36fc93f5, vars: {}, profile: , target: , version: 1.8.8
[0m17:32:06.539021 [debug] [MainThread]: Partial parsing enabled: 0 files deleted, 0 files added, 0 files changed.
[0m17:32:06.539021 [debug] [MainThread]: Partial parsing enabled, no changes found, skipping parsing
[0m17:32:06.575003 [debug] [MainThread]: Sending event: {'category': 'dbt', 'action': 'load_project', 'label': 'c275ec36-7465-48df-95bd-1d5b75c22ba7', 'context': [<snowplow_tracker.self_describing_json.SelfDescribingJson object at 0x0000021445D698B0>]}
[0m17:32:06.669042 [debug] [MainThread]: Sending event: {'category': 'dbt', 'action': 'resource_counts', 'label': 'c275ec36-7465-48df-95bd-1d5b75c22ba7', 'context': [<snowplow_tracker.self_describing_json.SelfDescribingJson object at 0x000002144611EC00>]}
[0m17:32:06.673206 [info ] [MainThread]: Found 2 models, 14 data tests, 424 macros
[0m17:32:06.673206 [debug] [MainThread]: Sending event: {'category': 'dbt', 'action': 'runnable_timing', 'label': 'c275ec36-7465-48df-95bd-1d5b75c22ba7', 'context': [<snowplow_tracker.self_describing_json.SelfDescribingJson object at 0x0000021446103770>]}
[0m17:32:06.674816 [info ] [MainThread]: 
[0m17:32:06.674816 [debug] [MainThread]: Acquiring new postgres connection 'master'
[0m17:32:06.679032 [debug] [ThreadPool]: Acquiring new postgres connection 'list_dq_db_analytics_staging'
[0m17:32:06.734091 [debug] [ThreadPool]: Using postgres connection "list_dq_db_analytics_staging"
[0m17:32:06.734091 [debug] [ThreadPool]: On list_dq_db_analytics_staging: BEGIN
[0m17:32:06.735889 [debug] [ThreadPool]: Opening a new connection, currently in state init
[0m17:32:06.754663 [debug] [ThreadPool]: SQL status: BEGIN in 0.018 seconds
[0m17:32:06.754663 [debug] [ThreadPool]: Using postgres connection "list_dq_db_analytics_staging"
[0m17:32:06.754663 [debug] [ThreadPool]: On list_dq_db_analytics_staging: /* {"app": "dbt", "dbt_version": "1.8.8", "profile_name": "dq_project", "target_name": "dev", "connection_name": "list_dq_db_analytics_staging"} */
select
      'dq_db' as database,
      tablename as name,
      schemaname as schema,
      'table' as type
    from pg_tables
    where schemaname ilike 'analytics_staging'
    union all
    select
      'dq_db' as database,
      viewname as name,
      schemaname as schema,
      'view' as type
    from pg_views
    where schemaname ilike 'analytics_staging'
    union all
    select
      'dq_db' as database,
      matviewname as name,
      schemaname as schema,
      'materialized_view' as type
    from pg_matviews
    where schemaname ilike 'analytics_staging'
  
[0m17:32:06.758831 [debug] [ThreadPool]: SQL status: SELECT 2 in 0.004 seconds
[0m17:32:06.758831 [debug] [ThreadPool]: On list_dq_db_analytics_staging: ROLLBACK
[0m17:32:06.758831 [debug] [ThreadPool]: On list_dq_db_analytics_staging: Close
[0m17:32:06.767089 [debug] [MainThread]: Using postgres connection "master"
[0m17:32:06.767089 [debug] [MainThread]: On master: BEGIN
[0m17:32:06.768195 [debug] [MainThread]: Opening a new connection, currently in state init
[0m17:32:06.794036 [debug] [MainThread]: SQL status: BEGIN in 0.026 seconds
[0m17:32:06.794036 [debug] [MainThread]: Using postgres connection "master"
[0m17:32:06.794036 [debug] [MainThread]: On master: /* {"app": "dbt", "dbt_version": "1.8.8", "profile_name": "dq_project", "target_name": "dev", "connection_name": "master"} */
with relation as (
        select
            pg_rewrite.ev_class as class,
            pg_rewrite.oid as id
        from pg_rewrite
    ),
    class as (
        select
            oid as id,
            relname as name,
            relnamespace as schema,
            relkind as kind
        from pg_class
    ),
    dependency as (
        select distinct
            pg_depend.objid as id,
            pg_depend.refobjid as ref
        from pg_depend
    ),
    schema as (
        select
            pg_namespace.oid as id,
            pg_namespace.nspname as name
        from pg_namespace
        where nspname != 'information_schema' and nspname not like 'pg\_%'
    ),
    referenced as (
        select
            relation.id AS id,
            referenced_class.name ,
            referenced_class.schema ,
            referenced_class.kind
        from relation
        join class as referenced_class on relation.class=referenced_class.id
        where referenced_class.kind in ('r', 'v', 'm')
    ),
    relationships as (
        select
            referenced.name as referenced_name,
            referenced.schema as referenced_schema_id,
            dependent_class.name as dependent_name,
            dependent_class.schema as dependent_schema_id,
            referenced.kind as kind
        from referenced
        join dependency on referenced.id=dependency.id
        join class as dependent_class on dependency.ref=dependent_class.id
        where
            (referenced.name != dependent_class.name or
             referenced.schema != dependent_class.schema)
    )

    select
        referenced_schema.name as referenced_schema,
        relationships.referenced_name as referenced_name,
        dependent_schema.name as dependent_schema,
        relationships.dependent_name as dependent_name
    from relationships
    join schema as dependent_schema on relationships.dependent_schema_id=dependent_schema.id
    join schema as referenced_schema on relationships.referenced_schema_id=referenced_schema.id
    group by referenced_schema, referenced_name, dependent_schema, dependent_name
    order by referenced_schema, referenced_name, dependent_schema, dependent_name;
[0m17:32:06.799896 [debug] [MainThread]: SQL status: SELECT 2 in 0.004 seconds
[0m17:32:06.799896 [debug] [MainThread]: Sending event: {'category': 'dbt', 'action': 'runnable_timing', 'label': 'c275ec36-7465-48df-95bd-1d5b75c22ba7', 'context': [<snowplow_tracker.self_describing_json.SelfDescribingJson object at 0x000002144447DC40>]}
[0m17:32:06.799896 [debug] [MainThread]: On master: ROLLBACK
[0m17:32:06.799896 [debug] [MainThread]: Using postgres connection "master"
[0m17:32:06.799896 [debug] [MainThread]: On master: BEGIN
[0m17:32:06.804030 [debug] [MainThread]: SQL status: BEGIN in 0.001 seconds
[0m17:32:06.804030 [debug] [MainThread]: On master: COMMIT
[0m17:32:06.804030 [debug] [MainThread]: Using postgres connection "master"
[0m17:32:06.804030 [debug] [MainThread]: On master: COMMIT
[0m17:32:06.807195 [debug] [MainThread]: SQL status: COMMIT in 0.001 seconds
[0m17:32:06.807195 [debug] [MainThread]: On master: Close
[0m17:32:06.807195 [info ] [MainThread]: Concurrency: 4 threads (target='dev')
[0m17:32:06.807195 [info ] [MainThread]: 
[0m17:32:06.808753 [debug] [Thread-1 (]: Began running node test.dq_project.accepted_values_stg_orders_status__placed__shipped__delivered__cancelled__returned.c02af3e6b1
[0m17:32:06.808753 [debug] [Thread-2 (]: Began running node test.dq_project.assert_no_negative_order_amounts
[0m17:32:06.808753 [debug] [Thread-3 (]: Began running node test.dq_project.not_null_stg_orders_amount.2546645448
[0m17:32:06.808753 [debug] [Thread-4 (]: Began running node test.dq_project.not_null_stg_orders_customer_id.af79d5e4b5
[0m17:32:06.808753 [info ] [Thread-1 (]: 1 of 8 START test accepted_values_stg_orders_status__placed__shipped__delivered__cancelled__returned  [RUN]
[0m17:32:06.808753 [info ] [Thread-2 (]: 2 of 8 START test assert_no_negative_order_amounts ............................. [RUN]
[0m17:32:06.808753 [info ] [Thread-3 (]: 3 of 8 START test not_null_stg_orders_amount ................................... [RUN]
[0m17:32:06.808753 [info ] [Thread-4 (]: 4 of 8 START test not_null_stg_orders_customer_id .............................. [RUN]
[0m17:32:06.808753 [debug] [Thread-1 (]: Acquiring new postgres connection 'test.dq_project.accepted_values_stg_orders_status__placed__shipped__delivered__cancelled__returned.c02af3e6b1'
[0m17:32:06.808753 [debug] [Thread-2 (]: Acquiring new postgres connection 'test.dq_project.assert_no_negative_order_amounts'
[0m17:32:06.808753 [debug] [Thread-3 (]: Acquiring new postgres connection 'test.dq_project.not_null_stg_orders_amount.2546645448'
[0m17:32:06.808753 [debug] [Thread-4 (]: Acquiring new postgres connection 'test.dq_project.not_null_stg_orders_customer_id.af79d5e4b5'
[0m17:32:06.808753 [debug] [Thread-1 (]: Began compiling node test.dq_project.accepted_values_stg_orders_status__placed__shipped__delivered__cancelled__returned.c02af3e6b1
[0m17:32:06.808753 [debug] [Thread-2 (]: Began compiling node test.dq_project.assert_no_negative_order_amounts
[0m17:32:06.808753 [debug] [Thread-3 (]: Began compiling node test.dq_project.not_null_stg_orders_amount.2546645448
[0m17:32:06.808753 [debug] [Thread-4 (]: Began compiling node test.dq_project.not_null_stg_orders_customer_id.af79d5e4b5
[0m17:32:06.834114 [debug] [Thread-1 (]: Writing injected SQL for node "test.dq_project.accepted_values_stg_orders_status__placed__shipped__delivered__cancelled__returned.c02af3e6b1"
[0m17:32:06.836687 [debug] [Thread-2 (]: Writing injected SQL for node "test.dq_project.assert_no_negative_order_amounts"
[0m17:32:06.845082 [debug] [Thread-3 (]: Writing injected SQL for node "test.dq_project.not_null_stg_orders_amount.2546645448"
[0m17:32:06.847154 [debug] [Thread-4 (]: Writing injected SQL for node "test.dq_project.not_null_stg_orders_customer_id.af79d5e4b5"
[0m17:32:06.848788 [debug] [Thread-2 (]: Began executing node test.dq_project.assert_no_negative_order_amounts
[0m17:32:06.848788 [debug] [Thread-1 (]: Began executing node test.dq_project.accepted_values_stg_orders_status__placed__shipped__delivered__cancelled__returned.c02af3e6b1
[0m17:32:06.859005 [debug] [Thread-2 (]: Writing runtime sql for node "test.dq_project.assert_no_negative_order_amounts"
[0m17:32:06.859005 [debug] [Thread-1 (]: Writing runtime sql for node "test.dq_project.accepted_values_stg_orders_status__placed__shipped__delivered__cancelled__returned.c02af3e6b1"
[0m17:32:06.863572 [debug] [Thread-3 (]: Began executing node test.dq_project.not_null_stg_orders_amount.2546645448
[0m17:32:06.864628 [debug] [Thread-3 (]: Writing runtime sql for node "test.dq_project.not_null_stg_orders_amount.2546645448"
[0m17:32:06.866680 [debug] [Thread-4 (]: Began executing node test.dq_project.not_null_stg_orders_customer_id.af79d5e4b5
[0m17:32:06.868787 [debug] [Thread-4 (]: Writing runtime sql for node "test.dq_project.not_null_stg_orders_customer_id.af79d5e4b5"
[0m17:32:06.868787 [debug] [Thread-2 (]: Using postgres connection "test.dq_project.assert_no_negative_order_amounts"
[0m17:32:06.868787 [debug] [Thread-2 (]: On test.dq_project.assert_no_negative_order_amounts: BEGIN
[0m17:32:06.868787 [debug] [Thread-2 (]: Opening a new connection, currently in state init
[0m17:32:06.871945 [debug] [Thread-1 (]: Using postgres connection "test.dq_project.accepted_values_stg_orders_status__placed__shipped__delivered__cancelled__returned.c02af3e6b1"
[0m17:32:06.871945 [debug] [Thread-1 (]: On test.dq_project.accepted_values_stg_orders_status__placed__shipped__delivered__cancelled__returned.c02af3e6b1: BEGIN
[0m17:32:06.871945 [debug] [Thread-1 (]: Opening a new connection, currently in state init
[0m17:32:06.871945 [debug] [Thread-4 (]: Using postgres connection "test.dq_project.not_null_stg_orders_customer_id.af79d5e4b5"
[0m17:32:06.871945 [debug] [Thread-4 (]: On test.dq_project.not_null_stg_orders_customer_id.af79d5e4b5: BEGIN
[0m17:32:06.875058 [debug] [Thread-3 (]: Using postgres connection "test.dq_project.not_null_stg_orders_amount.2546645448"
[0m17:32:06.875058 [debug] [Thread-4 (]: Opening a new connection, currently in state init
[0m17:32:06.875058 [debug] [Thread-3 (]: On test.dq_project.not_null_stg_orders_amount.2546645448: BEGIN
[0m17:32:06.877121 [debug] [Thread-3 (]: Opening a new connection, currently in state init
[0m17:32:06.888933 [debug] [Thread-1 (]: SQL status: BEGIN in 0.018 seconds
[0m17:32:06.888933 [debug] [Thread-1 (]: Using postgres connection "test.dq_project.accepted_values_stg_orders_status__placed__shipped__delivered__cancelled__returned.c02af3e6b1"
[0m17:32:06.888933 [debug] [Thread-1 (]: On test.dq_project.accepted_values_stg_orders_status__placed__shipped__delivered__cancelled__returned.c02af3e6b1: /* {"app": "dbt", "dbt_version": "1.8.8", "profile_name": "dq_project", "target_name": "dev", "node_id": "test.dq_project.accepted_values_stg_orders_status__placed__shipped__delivered__cancelled__returned.c02af3e6b1"} */
select
      count(*) as failures,
      count(*) != 0 as should_warn,
      count(*) != 0 as should_error
    from (
      
    
    

with all_values as (

    select
        status as value_field,
        count(*) as n_records

    from "dq_db"."analytics_staging"."stg_orders"
    group by status

)

select *
from all_values
where value_field not in (
    'placed','shipped','delivered','cancelled','returned'
)



      
    ) dbt_internal_test
[0m17:32:06.894656 [debug] [Thread-1 (]: SQL status: SELECT 1 in 0.003 seconds
[0m17:32:06.898754 [debug] [Thread-1 (]: On test.dq_project.accepted_values_stg_orders_status__placed__shipped__delivered__cancelled__returned.c02af3e6b1: ROLLBACK
[0m17:32:06.898754 [debug] [Thread-3 (]: SQL status: BEGIN in 0.023 seconds
[0m17:32:06.898754 [debug] [Thread-3 (]: Using postgres connection "test.dq_project.not_null_stg_orders_amount.2546645448"
[0m17:32:06.898754 [debug] [Thread-1 (]: On test.dq_project.accepted_values_stg_orders_status__placed__shipped__delivered__cancelled__returned.c02af3e6b1: Close
[0m17:32:06.898754 [debug] [Thread-3 (]: On test.dq_project.not_null_stg_orders_amount.2546645448: /* {"app": "dbt", "dbt_version": "1.8.8", "profile_name": "dq_project", "target_name": "dev", "node_id": "test.dq_project.not_null_stg_orders_amount.2546645448"} */
select
      count(*) as failures,
      count(*) != 0 as should_warn,
      count(*) != 0 as should_error
    from (
      
    
    



select amount
from "dq_db"."analytics_staging"."stg_orders"
where amount is null



      
    ) dbt_internal_test
[0m17:32:06.898754 [debug] [Thread-4 (]: SQL status: BEGIN in 0.027 seconds
[0m17:32:06.898754 [debug] [Thread-2 (]: SQL status: BEGIN in 0.032 seconds
[0m17:32:06.898754 [info ] [Thread-1 (]: 1 of 8 PASS accepted_values_stg_orders_status__placed__shipped__delivered__cancelled__returned  [[32mPASS[0m in 0.09s]
[0m17:32:06.903834 [debug] [Thread-4 (]: Using postgres connection "test.dq_project.not_null_stg_orders_customer_id.af79d5e4b5"
[0m17:32:06.903834 [debug] [Thread-2 (]: Using postgres connection "test.dq_project.assert_no_negative_order_amounts"
[0m17:32:06.903834 [debug] [Thread-1 (]: Finished running node test.dq_project.accepted_values_stg_orders_status__placed__shipped__delivered__cancelled__returned.c02af3e6b1
[0m17:32:06.903834 [debug] [Thread-4 (]: On test.dq_project.not_null_stg_orders_customer_id.af79d5e4b5: /* {"app": "dbt", "dbt_version": "1.8.8", "profile_name": "dq_project", "target_name": "dev", "node_id": "test.dq_project.not_null_stg_orders_customer_id.af79d5e4b5"} */
select
      count(*) as failures,
      count(*) != 0 as should_warn,
      count(*) != 0 as should_error
    from (
      
    
    



select customer_id
from "dq_db"."analytics_staging"."stg_orders"
where customer_id is null



      
    ) dbt_internal_test
[0m17:32:06.906812 [debug] [Thread-3 (]: SQL status: SELECT 1 in 0.004 seconds
[0m17:32:06.906812 [debug] [Thread-2 (]: On test.dq_project.assert_no_negative_order_amounts: /* {"app": "dbt", "dbt_version": "1.8.8", "profile_name": "dq_project", "target_name": "dev", "node_id": "test.dq_project.assert_no_negative_order_amounts"} */
select
      count(*) as failures,
      count(*) != 0 as should_warn,
      count(*) != 0 as should_error
    from (
      -- Singular test: fails (returns rows) if any order has a negative amount.
-- dbt tests "pass" when the query returns zero rows.

select order_id, amount
from "dq_db"."analytics_staging"."stg_orders"
where amount < 0
      
    ) dbt_internal_test
[0m17:32:06.906812 [debug] [Thread-1 (]: Began running node test.dq_project.not_null_stg_orders_order_id.81cfe2fe64
[0m17:32:06.908967 [debug] [Thread-3 (]: On test.dq_project.not_null_stg_orders_amount.2546645448: ROLLBACK
[0m17:32:06.908967 [debug] [Thread-4 (]: SQL status: SELECT 1 in 0.002 seconds
[0m17:32:06.908967 [info ] [Thread-1 (]: 5 of 8 START test not_null_stg_orders_order_id ................................. [RUN]
[0m17:32:06.908967 [debug] [Thread-4 (]: On test.dq_project.not_null_stg_orders_customer_id.af79d5e4b5: ROLLBACK
[0m17:32:06.908967 [debug] [Thread-3 (]: On test.dq_project.not_null_stg_orders_amount.2546645448: Close
[0m17:32:06.908967 [debug] [Thread-1 (]: Re-using an available connection from the pool (formerly test.dq_project.accepted_values_stg_orders_status__placed__shipped__delivered__cancelled__returned.c02af3e6b1, now test.dq_project.not_null_stg_orders_order_id.81cfe2fe64)
[0m17:32:06.914061 [debug] [Thread-2 (]: SQL status: SELECT 1 in 0.004 seconds
[0m17:32:06.914061 [info ] [Thread-3 (]: 3 of 8 PASS not_null_stg_orders_amount ......................................... [[32mPASS[0m in 0.11s]
[0m17:32:06.914061 [debug] [Thread-4 (]: On test.dq_project.not_null_stg_orders_customer_id.af79d5e4b5: Close
[0m17:32:06.914061 [debug] [Thread-1 (]: Began compiling node test.dq_project.not_null_stg_orders_order_id.81cfe2fe64
[0m17:32:06.917119 [debug] [Thread-2 (]: On test.dq_project.assert_no_negative_order_amounts: ROLLBACK
[0m17:32:06.917119 [debug] [Thread-3 (]: Finished running node test.dq_project.not_null_stg_orders_amount.2546645448
[0m17:32:06.917119 [info ] [Thread-4 (]: 4 of 8 PASS not_null_stg_orders_customer_id .................................... [[32mPASS[0m in 0.11s]
[0m17:32:06.919738 [debug] [Thread-1 (]: Writing injected SQL for node "test.dq_project.not_null_stg_orders_order_id.81cfe2fe64"
[0m17:32:06.919738 [debug] [Thread-3 (]: Began running node test.dq_project.not_null_stg_orders_status.2b01eecbd6
[0m17:32:06.923856 [debug] [Thread-4 (]: Finished running node test.dq_project.not_null_stg_orders_customer_id.af79d5e4b5
[0m17:32:06.923856 [debug] [Thread-2 (]: On test.dq_project.assert_no_negative_order_amounts: Close
[0m17:32:06.924911 [info ] [Thread-3 (]: 6 of 8 START test not_null_stg_orders_status ................................... [RUN]
[0m17:32:06.924911 [debug] [Thread-4 (]: Began running node test.dq_project.relationships_stg_orders_customer_id__customer_id__ref_stg_customers_.430bf21500
[0m17:32:06.926969 [info ] [Thread-2 (]: 2 of 8 PASS assert_no_negative_order_amounts ................................... [[32mPASS[0m in 0.12s]
[0m17:32:06.926969 [debug] [Thread-1 (]: Began executing node test.dq_project.not_null_stg_orders_order_id.81cfe2fe64
[0m17:32:06.926969 [debug] [Thread-3 (]: Re-using an available connection from the pool (formerly test.dq_project.not_null_stg_orders_amount.2546645448, now test.dq_project.not_null_stg_orders_status.2b01eecbd6)
[0m17:32:06.926969 [info ] [Thread-4 (]: 7 of 8 START test relationships_stg_orders_customer_id__customer_id__ref_stg_customers_  [RUN]
[0m17:32:06.929015 [debug] [Thread-2 (]: Finished running node test.dq_project.assert_no_negative_order_amounts
[0m17:32:06.929015 [debug] [Thread-1 (]: Writing runtime sql for node "test.dq_project.not_null_stg_orders_order_id.81cfe2fe64"
[0m17:32:06.929015 [debug] [Thread-3 (]: Began compiling node test.dq_project.not_null_stg_orders_status.2b01eecbd6
[0m17:32:06.929015 [debug] [Thread-4 (]: Re-using an available connection from the pool (formerly test.dq_project.not_null_stg_orders_customer_id.af79d5e4b5, now test.dq_project.relationships_stg_orders_customer_id__customer_id__ref_stg_customers_.430bf21500)
[0m17:32:06.929015 [debug] [Thread-2 (]: Began running node test.dq_project.unique_stg_orders_order_id.e3b841c71a
[0m17:32:06.929015 [debug] [Thread-3 (]: Writing injected SQL for node "test.dq_project.not_null_stg_orders_status.2b01eecbd6"
[0m17:32:06.929015 [debug] [Thread-4 (]: Began compiling node test.dq_project.relationships_stg_orders_customer_id__customer_id__ref_stg_customers_.430bf21500
[0m17:32:06.929015 [info ] [Thread-2 (]: 8 of 8 START test unique_stg_orders_order_id ................................... [RUN]
[0m17:32:06.939031 [debug] [Thread-1 (]: Using postgres connection "test.dq_project.not_null_stg_orders_order_id.81cfe2fe64"
[0m17:32:06.943814 [debug] [Thread-4 (]: Writing injected SQL for node "test.dq_project.relationships_stg_orders_customer_id__customer_id__ref_stg_customers_.430bf21500"
[0m17:32:06.943814 [debug] [Thread-2 (]: Re-using an available connection from the pool (formerly test.dq_project.assert_no_negative_order_amounts, now test.dq_project.unique_stg_orders_order_id.e3b841c71a)
[0m17:32:06.946899 [debug] [Thread-1 (]: On test.dq_project.not_null_stg_orders_order_id.81cfe2fe64: BEGIN
[0m17:32:06.946899 [debug] [Thread-2 (]: Began compiling node test.dq_project.unique_stg_orders_order_id.e3b841c71a
[0m17:32:06.946899 [debug] [Thread-1 (]: Opening a new connection, currently in state closed
[0m17:32:06.948969 [debug] [Thread-3 (]: Began executing node test.dq_project.not_null_stg_orders_status.2b01eecbd6
[0m17:32:06.954910 [debug] [Thread-4 (]: Began executing node test.dq_project.relationships_stg_orders_customer_id__customer_id__ref_stg_customers_.430bf21500
[0m17:32:06.954910 [debug] [Thread-2 (]: Writing injected SQL for node "test.dq_project.unique_stg_orders_order_id.e3b841c71a"
[0m17:32:06.958855 [debug] [Thread-3 (]: Writing runtime sql for node "test.dq_project.not_null_stg_orders_status.2b01eecbd6"
[0m17:32:06.958855 [debug] [Thread-4 (]: Writing runtime sql for node "test.dq_project.relationships_stg_orders_customer_id__customer_id__ref_stg_customers_.430bf21500"
[0m17:32:06.958855 [debug] [Thread-3 (]: Using postgres connection "test.dq_project.not_null_stg_orders_status.2b01eecbd6"
[0m17:32:06.958855 [debug] [Thread-3 (]: On test.dq_project.not_null_stg_orders_status.2b01eecbd6: BEGIN
[0m17:32:06.958855 [debug] [Thread-2 (]: Began executing node test.dq_project.unique_stg_orders_order_id.e3b841c71a
[0m17:32:06.958855 [debug] [Thread-3 (]: Opening a new connection, currently in state closed
[0m17:32:06.964037 [debug] [Thread-2 (]: Writing runtime sql for node "test.dq_project.unique_stg_orders_order_id.e3b841c71a"
[0m17:32:06.964037 [debug] [Thread-4 (]: Using postgres connection "test.dq_project.relationships_stg_orders_customer_id__customer_id__ref_stg_customers_.430bf21500"
[0m17:32:06.964037 [debug] [Thread-4 (]: On test.dq_project.relationships_stg_orders_customer_id__customer_id__ref_stg_customers_.430bf21500: BEGIN
[0m17:32:06.967098 [debug] [Thread-4 (]: Opening a new connection, currently in state closed
[0m17:32:06.967098 [debug] [Thread-2 (]: Using postgres connection "test.dq_project.unique_stg_orders_order_id.e3b841c71a"
[0m17:32:06.968651 [debug] [Thread-2 (]: On test.dq_project.unique_stg_orders_order_id.e3b841c71a: BEGIN
[0m17:32:06.968651 [debug] [Thread-2 (]: Opening a new connection, currently in state closed
[0m17:32:06.978986 [debug] [Thread-1 (]: SQL status: BEGIN in 0.034 seconds
[0m17:32:06.983654 [debug] [Thread-1 (]: Using postgres connection "test.dq_project.not_null_stg_orders_order_id.81cfe2fe64"
[0m17:32:06.983654 [debug] [Thread-1 (]: On test.dq_project.not_null_stg_orders_order_id.81cfe2fe64: /* {"app": "dbt", "dbt_version": "1.8.8", "profile_name": "dq_project", "target_name": "dev", "node_id": "test.dq_project.not_null_stg_orders_order_id.81cfe2fe64"} */
select
      count(*) as failures,
      count(*) != 0 as should_warn,
      count(*) != 0 as should_error
    from (
      
    
    



select order_id
from "dq_db"."analytics_staging"."stg_orders"
where order_id is null



      
    ) dbt_internal_test
[0m17:32:06.984705 [debug] [Thread-3 (]: SQL status: BEGIN in 0.022 seconds
[0m17:32:06.984705 [debug] [Thread-3 (]: Using postgres connection "test.dq_project.not_null_stg_orders_status.2b01eecbd6"
[0m17:32:06.986757 [debug] [Thread-3 (]: On test.dq_project.not_null_stg_orders_status.2b01eecbd6: /* {"app": "dbt", "dbt_version": "1.8.8", "profile_name": "dq_project", "target_name": "dev", "node_id": "test.dq_project.not_null_stg_orders_status.2b01eecbd6"} */
select
      count(*) as failures,
      count(*) != 0 as should_warn,
      count(*) != 0 as should_error
    from (
      
    
    



select status
from "dq_db"."analytics_staging"."stg_orders"
where status is null



      
    ) dbt_internal_test
[0m17:32:06.986757 [debug] [Thread-1 (]: SQL status: SELECT 1 in 0.003 seconds
[0m17:32:06.988808 [debug] [Thread-1 (]: On test.dq_project.not_null_stg_orders_order_id.81cfe2fe64: ROLLBACK
[0m17:32:06.988808 [debug] [Thread-4 (]: SQL status: BEGIN in 0.022 seconds
[0m17:32:06.988808 [debug] [Thread-3 (]: SQL status: SELECT 1 in 0.003 seconds
[0m17:32:06.988808 [debug] [Thread-4 (]: Using postgres connection "test.dq_project.relationships_stg_orders_customer_id__customer_id__ref_stg_customers_.430bf21500"
[0m17:32:06.988808 [debug] [Thread-1 (]: On test.dq_project.not_null_stg_orders_order_id.81cfe2fe64: Close
[0m17:32:06.988808 [debug] [Thread-3 (]: On test.dq_project.not_null_stg_orders_status.2b01eecbd6: ROLLBACK
[0m17:32:06.988808 [debug] [Thread-4 (]: On test.dq_project.relationships_stg_orders_customer_id__customer_id__ref_stg_customers_.430bf21500: /* {"app": "dbt", "dbt_version": "1.8.8", "profile_name": "dq_project", "target_name": "dev", "node_id": "test.dq_project.relationships_stg_orders_customer_id__customer_id__ref_stg_customers_.430bf21500"} */
select
      count(*) as failures,
      count(*) != 0 as should_warn,
      count(*) != 0 as should_error
    from (
      
    
    

with child as (
    select customer_id as from_field
    from "dq_db"."analytics_staging"."stg_orders"
    where customer_id is not null
),

parent as (
    select customer_id as to_field
    from "dq_db"."analytics_staging"."stg_customers"
)

select
    from_field

from child
left join parent
    on child.from_field = parent.to_field

where parent.to_field is null



      
    ) dbt_internal_test
[0m17:32:06.994978 [info ] [Thread-1 (]: 5 of 8 PASS not_null_stg_orders_order_id ....................................... [[32mPASS[0m in 0.08s]
[0m17:32:06.994978 [debug] [Thread-1 (]: Finished running node test.dq_project.not_null_stg_orders_order_id.81cfe2fe64
[0m17:32:06.994978 [debug] [Thread-3 (]: On test.dq_project.not_null_stg_orders_status.2b01eecbd6: Close
[0m17:32:06.997040 [info ] [Thread-3 (]: 6 of 8 PASS not_null_stg_orders_status ......................................... [[32mPASS[0m in 0.07s]
[0m17:32:06.998585 [debug] [Thread-4 (]: SQL status: SELECT 1 in 0.003 seconds
[0m17:32:06.998585 [debug] [Thread-3 (]: Finished running node test.dq_project.not_null_stg_orders_status.2b01eecbd6
[0m17:32:06.998585 [debug] [Thread-4 (]: On test.dq_project.relationships_stg_orders_customer_id__customer_id__ref_stg_customers_.430bf21500: ROLLBACK
[0m17:32:06.998585 [debug] [Thread-2 (]: SQL status: BEGIN in 0.032 seconds
[0m17:32:06.998585 [debug] [Thread-2 (]: Using postgres connection "test.dq_project.unique_stg_orders_order_id.e3b841c71a"
[0m17:32:06.998585 [debug] [Thread-2 (]: On test.dq_project.unique_stg_orders_order_id.e3b841c71a: /* {"app": "dbt", "dbt_version": "1.8.8", "profile_name": "dq_project", "target_name": "dev", "node_id": "test.dq_project.unique_stg_orders_order_id.e3b841c71a"} */
select
      count(*) as failures,
      count(*) != 0 as should_warn,
      count(*) != 0 as should_error
    from (
      
    
    

select
    order_id as unique_field,
    count(*) as n_records

from "dq_db"."analytics_staging"."stg_orders"
where order_id is not null
group by order_id
having count(*) > 1



      
    ) dbt_internal_test
[0m17:32:07.002679 [debug] [Thread-4 (]: On test.dq_project.relationships_stg_orders_customer_id__customer_id__ref_stg_customers_.430bf21500: Close
[0m17:32:07.004739 [info ] [Thread-4 (]: 7 of 8 PASS relationships_stg_orders_customer_id__customer_id__ref_stg_customers_  [[32mPASS[0m in 0.07s]
[0m17:32:07.004739 [debug] [Thread-4 (]: Finished running node test.dq_project.relationships_stg_orders_customer_id__customer_id__ref_stg_customers_.430bf21500
[0m17:32:07.006787 [debug] [Thread-2 (]: SQL status: SELECT 1 in 0.003 seconds
[0m17:32:07.007909 [debug] [Thread-2 (]: On test.dq_project.unique_stg_orders_order_id.e3b841c71a: ROLLBACK
[0m17:32:07.008991 [debug] [Thread-2 (]: On test.dq_project.unique_stg_orders_order_id.e3b841c71a: Close
[0m17:32:07.008991 [info ] [Thread-2 (]: 8 of 8 PASS unique_stg_orders_order_id ......................................... [[32mPASS[0m in 0.07s]
[0m17:32:07.008991 [debug] [Thread-2 (]: Finished running node test.dq_project.unique_stg_orders_order_id.e3b841c71a
[0m17:32:07.008991 [debug] [MainThread]: Using postgres connection "master"
[0m17:32:07.008991 [debug] [MainThread]: On master: BEGIN
[0m17:32:07.008991 [debug] [MainThread]: Opening a new connection, currently in state closed
[0m17:32:07.044018 [debug] [MainThread]: SQL status: BEGIN in 0.032 seconds
[0m17:32:07.044018 [debug] [MainThread]: On master: COMMIT
[0m17:32:07.044018 [debug] [MainThread]: Using postgres connection "master"
[0m17:32:07.044018 [debug] [MainThread]: On master: COMMIT
[0m17:32:07.044018 [debug] [MainThread]: SQL status: COMMIT in 0.000 seconds
[0m17:32:07.047113 [debug] [MainThread]: On master: Close
[0m17:32:07.047113 [debug] [MainThread]: Connection 'master' was properly closed.
[0m17:32:07.047113 [debug] [MainThread]: Connection 'list_dq_db_analytics_staging' was properly closed.
[0m17:32:07.047113 [debug] [MainThread]: Connection 'test.dq_project.not_null_stg_orders_order_id.81cfe2fe64' was properly closed.
[0m17:32:07.047113 [debug] [MainThread]: Connection 'test.dq_project.unique_stg_orders_order_id.e3b841c71a' was properly closed.
[0m17:32:07.048710 [debug] [MainThread]: Connection 'test.dq_project.not_null_stg_orders_status.2b01eecbd6' was properly closed.
[0m17:32:07.048710 [debug] [MainThread]: Connection 'test.dq_project.relationships_stg_orders_customer_id__customer_id__ref_stg_customers_.430bf21500' was properly closed.
[0m17:32:07.048710 [info ] [MainThread]: 
[0m17:32:07.048710 [info ] [MainThread]: Finished running 8 data tests in 0 hours 0 minutes and 0.37 seconds (0.37s).
[0m17:32:07.050884 [debug] [MainThread]: Command end result
[0m17:32:07.148769 [info ] [MainThread]: 
[0m17:32:07.148769 [info ] [MainThread]: [32mCompleted successfully[0m
[0m17:32:07.148769 [info ] [MainThread]: 
[0m17:32:07.148769 [info ] [MainThread]: Done. PASS=8 WARN=0 ERROR=0 SKIP=0 TOTAL=8
[0m17:32:07.148769 [debug] [MainThread]: Command `dbt test` succeeded at 17:32:07.148769 after 1.15 seconds
[0m17:32:07.148769 [debug] [MainThread]: Sending event: {'category': 'dbt', 'action': 'invocation', 'label': 'end', 'context': [<snowplow_tracker.self_describing_json.SelfDescribingJson object at 0x00000214437FC1D0>, <snowplow_tracker.self_describing_json.SelfDescribingJson object at 0x0000021445FEAF30>, <snowplow_tracker.self_describing_json.SelfDescribingJson object at 0x0000021443829FD0>]}
[0m17:32:07.148769 [debug] [MainThread]: Flushing usage events
[0m19:04:43.968276 [debug] [MainThread]: Sending event: {'category': 'dbt', 'action': 'invocation', 'label': 'start', 'context': [<snowplow_tracker.self_describing_json.SelfDescribingJson object at 0x000001862F097260>, <snowplow_tracker.self_describing_json.SelfDescribingJson object at 0x000001862E203530>, <snowplow_tracker.self_describing_json.SelfDescribingJson object at 0x000001862F1AEF30>]}


============================== 19:04:43.970674 | 874232fa-7cc9-46b5-ace0-97d29714305e ==============================
[0m19:04:43.970674 [info ] [MainThread]: Running with dbt=1.8.8
[0m19:04:43.970674 [debug] [MainThread]: running dbt with arguments {'printer_width': '80', 'indirect_selection': 'eager', 'log_cache_events': 'False', 'write_json': 'True', 'partial_parse': 'True', 'cache_selected_only': 'False', 'profiles_dir': 'C:\\Users\\gsuji\\Downloads\\Data-Quality-Testing-Framework\\dbt_project', 'fail_fast': 'False', 'warn_error': 'None', 'log_path': 'C:\\Users\\gsuji\\Downloads\\Data-Quality-Testing-Framework\\dbt_project\\logs', 'debug': 'False', 'version_check': 'True', 'use_colors': 'True', 'use_experimental_parser': 'False', 'no_print': 'None', 'quiet': 'False', 'empty': 'None', 'log_format': 'default', 'static_parser': 'True', 'invocation_command': 'dbt test --select stg_customers --project-dir C:\\Users\\gsuji\\Downloads\\Data-Quality-Testing-Framework\\dbt_project --profiles-dir C:\\Users\\gsuji\\Downloads\\Data-Quality-Testing-Framework\\dbt_project', 'warn_error_options': 'WarnErrorOptions(include=[], exclude=[])', 'target_path': 'None', 'introspect': 'True', 'send_anonymous_usage_stats': 'True'}
[0m19:04:44.178197 [debug] [MainThread]: Sending event: {'category': 'dbt', 'action': 'project_id', 'label': '874232fa-7cc9-46b5-ace0-97d29714305e', 'context': [<snowplow_tracker.self_describing_json.SelfDescribingJson object at 0x000001862E227740>]}
[0m19:04:44.228350 [debug] [MainThread]: Sending event: {'category': 'dbt', 'action': 'adapter_info', 'label': '874232fa-7cc9-46b5-ace0-97d29714305e', 'context': [<snowplow_tracker.self_describing_json.SelfDescribingJson object at 0x000001862CAFC740>]}
[0m19:04:44.228350 [info ] [MainThread]: Registered adapter: postgres=1.8.2
[0m19:04:44.236428 [debug] [MainThread]: checksum: ec53e341a936509427e16df1c646386a84befec52c1957e3f4359fbc36fc93f5, vars: {}, profile: , target: , version: 1.8.8
[0m19:04:44.536887 [debug] [MainThread]: Partial parsing enabled: 0 files deleted, 0 files added, 0 files changed.
[0m19:04:44.537448 [debug] [MainThread]: Partial parsing enabled, no changes found, skipping parsing
[0m19:04:44.566190 [debug] [MainThread]: Sending event: {'category': 'dbt', 'action': 'load_project', 'label': '874232fa-7cc9-46b5-ace0-97d29714305e', 'context': [<snowplow_tracker.self_describing_json.SelfDescribingJson object at 0x0000018630C9B320>]}
[0m19:04:44.660862 [debug] [MainThread]: Sending event: {'category': 'dbt', 'action': 'resource_counts', 'label': '874232fa-7cc9-46b5-ace0-97d29714305e', 'context': [<snowplow_tracker.self_describing_json.SelfDescribingJson object at 0x0000018630DCECC0>]}
[0m19:04:44.660862 [info ] [MainThread]: Found 2 models, 14 data tests, 424 macros
[0m19:04:44.660862 [debug] [MainThread]: Sending event: {'category': 'dbt', 'action': 'runnable_timing', 'label': '874232fa-7cc9-46b5-ace0-97d29714305e', 'context': [<snowplow_tracker.self_describing_json.SelfDescribingJson object at 0x0000018630D94680>]}
[0m19:04:44.660862 [info ] [MainThread]: 
[0m19:04:44.666186 [debug] [MainThread]: Acquiring new postgres connection 'master'
[0m19:04:44.668193 [debug] [ThreadPool]: Acquiring new postgres connection 'list_dq_db_analytics_staging'
[0m19:04:44.778240 [debug] [ThreadPool]: Using postgres connection "list_dq_db_analytics_staging"
[0m19:04:44.778240 [debug] [ThreadPool]: On list_dq_db_analytics_staging: BEGIN
[0m19:04:44.778240 [debug] [ThreadPool]: Opening a new connection, currently in state init
[0m19:04:44.804834 [debug] [ThreadPool]: SQL status: BEGIN in 0.025 seconds
[0m19:04:44.806338 [debug] [ThreadPool]: Using postgres connection "list_dq_db_analytics_staging"
[0m19:04:44.806338 [debug] [ThreadPool]: On list_dq_db_analytics_staging: /* {"app": "dbt", "dbt_version": "1.8.8", "profile_name": "dq_project", "target_name": "dev", "connection_name": "list_dq_db_analytics_staging"} */
select
      'dq_db' as database,
      tablename as name,
      schemaname as schema,
      'table' as type
    from pg_tables
    where schemaname ilike 'analytics_staging'
    union all
    select
      'dq_db' as database,
      viewname as name,
      schemaname as schema,
      'view' as type
    from pg_views
    where schemaname ilike 'analytics_staging'
    union all
    select
      'dq_db' as database,
      matviewname as name,
      schemaname as schema,
      'materialized_view' as type
    from pg_matviews
    where schemaname ilike 'analytics_staging'
  
[0m19:04:44.810435 [debug] [ThreadPool]: SQL status: SELECT 2 in 0.003 seconds
[0m19:04:44.813127 [debug] [ThreadPool]: On list_dq_db_analytics_staging: ROLLBACK
[0m19:04:44.815983 [debug] [ThreadPool]: On list_dq_db_analytics_staging: Close
[0m19:04:44.822096 [debug] [MainThread]: Using postgres connection "master"
[0m19:04:44.822096 [debug] [MainThread]: On master: BEGIN
[0m19:04:44.822096 [debug] [MainThread]: Opening a new connection, currently in state init
[0m19:04:44.851237 [debug] [MainThread]: SQL status: BEGIN in 0.031 seconds
[0m19:04:44.851237 [debug] [MainThread]: Using postgres connection "master"
[0m19:04:44.851237 [debug] [MainThread]: On master: /* {"app": "dbt", "dbt_version": "1.8.8", "profile_name": "dq_project", "target_name": "dev", "connection_name": "master"} */
with relation as (
        select
            pg_rewrite.ev_class as class,
            pg_rewrite.oid as id
        from pg_rewrite
    ),
    class as (
        select
            oid as id,
            relname as name,
            relnamespace as schema,
            relkind as kind
        from pg_class
    ),
    dependency as (
        select distinct
            pg_depend.objid as id,
            pg_depend.refobjid as ref
        from pg_depend
    ),
    schema as (
        select
            pg_namespace.oid as id,
            pg_namespace.nspname as name
        from pg_namespace
        where nspname != 'information_schema' and nspname not like 'pg\_%'
    ),
    referenced as (
        select
            relation.id AS id,
            referenced_class.name ,
            referenced_class.schema ,
            referenced_class.kind
        from relation
        join class as referenced_class on relation.class=referenced_class.id
        where referenced_class.kind in ('r', 'v', 'm')
    ),
    relationships as (
        select
            referenced.name as referenced_name,
            referenced.schema as referenced_schema_id,
            dependent_class.name as dependent_name,
            dependent_class.schema as dependent_schema_id,
            referenced.kind as kind
        from referenced
        join dependency on referenced.id=dependency.id
        join class as dependent_class on dependency.ref=dependent_class.id
        where
            (referenced.name != dependent_class.name or
             referenced.schema != dependent_class.schema)
    )

    select
        referenced_schema.name as referenced_schema,
        relationships.referenced_name as referenced_name,
        dependent_schema.name as dependent_schema,
        relationships.dependent_name as dependent_name
    from relationships
    join schema as dependent_schema on relationships.dependent_schema_id=dependent_schema.id
    join schema as referenced_schema on relationships.referenced_schema_id=referenced_schema.id
    group by referenced_schema, referenced_name, dependent_schema, dependent_name
    order by referenced_schema, referenced_name, dependent_schema, dependent_name;
[0m19:04:44.851237 [debug] [MainThread]: SQL status: SELECT 2 in 0.005 seconds
[0m19:04:44.851237 [debug] [MainThread]: Sending event: {'category': 'dbt', 'action': 'runnable_timing', 'label': '874232fa-7cc9-46b5-ace0-97d29714305e', 'context': [<snowplow_tracker.self_describing_json.SelfDescribingJson object at 0x00000186303F35F0>]}
[0m19:04:44.851237 [debug] [MainThread]: On master: ROLLBACK
[0m19:04:44.851237 [debug] [MainThread]: Using postgres connection "master"
[0m19:04:44.851237 [debug] [MainThread]: On master: BEGIN
[0m19:04:44.851237 [debug] [MainThread]: SQL status: BEGIN in 0.001 seconds
[0m19:04:44.851237 [debug] [MainThread]: On master: COMMIT
[0m19:04:44.851237 [debug] [MainThread]: Using postgres connection "master"
[0m19:04:44.851237 [debug] [MainThread]: On master: COMMIT
[0m19:04:44.851237 [debug] [MainThread]: SQL status: COMMIT in 0.000 seconds
[0m19:04:44.851237 [debug] [MainThread]: On master: Close
[0m19:04:44.851237 [info ] [MainThread]: Concurrency: 4 threads (target='dev')
[0m19:04:44.851237 [info ] [MainThread]: 
[0m19:04:44.871701 [debug] [Thread-1 (]: Began running node test.dq_project.accepted_values_stg_customers_country__USA__India__UK__Germany__Canada__Australia.e9101a0996
[0m19:04:44.871701 [debug] [Thread-2 (]: Began running node test.dq_project.not_null_stg_customers_customer_id.e2cfb1f9aa
[0m19:04:44.871701 [debug] [Thread-3 (]: Began running node test.dq_project.not_null_stg_customers_email.d7cf761533
[0m19:04:44.871701 [info ] [Thread-1 (]: 1 of 7 START test accepted_values_stg_customers_country__USA__India__UK__Germany__Canada__Australia  [RUN]
[0m19:04:44.871701 [debug] [Thread-4 (]: Began running node test.dq_project.not_null_stg_customers_full_name.f9ff4c2b7e
[0m19:04:44.871701 [info ] [Thread-2 (]: 2 of 7 START test not_null_stg_customers_customer_id ........................... [RUN]
[0m19:04:44.871701 [info ] [Thread-3 (]: 3 of 7 START test not_null_stg_customers_email ................................. [RUN]
[0m19:04:44.871701 [debug] [Thread-1 (]: Acquiring new postgres connection 'test.dq_project.accepted_values_stg_customers_country__USA__India__UK__Germany__Canada__Australia.e9101a0996'
[0m19:04:44.871701 [info ] [Thread-4 (]: 4 of 7 START test not_null_stg_customers_full_name ............................. [RUN]
[0m19:04:44.871701 [debug] [Thread-2 (]: Acquiring new postgres connection 'test.dq_project.not_null_stg_customers_customer_id.e2cfb1f9aa'
[0m19:04:44.871701 [debug] [Thread-3 (]: Acquiring new postgres connection 'test.dq_project.not_null_stg_customers_email.d7cf761533'
[0m19:04:44.871701 [debug] [Thread-1 (]: Began compiling node test.dq_project.accepted_values_stg_customers_country__USA__India__UK__Germany__Canada__Australia.e9101a0996
[0m19:04:44.871701 [debug] [Thread-4 (]: Acquiring new postgres connection 'test.dq_project.not_null_stg_customers_full_name.f9ff4c2b7e'
[0m19:04:44.871701 [debug] [Thread-2 (]: Began compiling node test.dq_project.not_null_stg_customers_customer_id.e2cfb1f9aa
[0m19:04:44.871701 [debug] [Thread-3 (]: Began compiling node test.dq_project.not_null_stg_customers_email.d7cf761533
[0m19:04:44.889112 [debug] [Thread-1 (]: Writing injected SQL for node "test.dq_project.accepted_values_stg_customers_country__USA__India__UK__Germany__Canada__Australia.e9101a0996"
[0m19:04:44.889112 [debug] [Thread-4 (]: Began compiling node test.dq_project.not_null_stg_customers_full_name.f9ff4c2b7e
[0m19:04:44.898393 [debug] [Thread-2 (]: Writing injected SQL for node "test.dq_project.not_null_stg_customers_customer_id.e2cfb1f9aa"
[0m19:04:44.898393 [debug] [Thread-3 (]: Writing injected SQL for node "test.dq_project.not_null_stg_customers_email.d7cf761533"
[0m19:04:44.904134 [debug] [Thread-4 (]: Writing injected SQL for node "test.dq_project.not_null_stg_customers_full_name.f9ff4c2b7e"
[0m19:04:44.907957 [debug] [Thread-1 (]: Began executing node test.dq_project.accepted_values_stg_customers_country__USA__India__UK__Germany__Canada__Australia.e9101a0996
[0m19:04:44.918195 [debug] [Thread-1 (]: Writing runtime sql for node "test.dq_project.accepted_values_stg_customers_country__USA__India__UK__Germany__Canada__Australia.e9101a0996"
[0m19:04:44.918195 [debug] [Thread-2 (]: Began executing node test.dq_project.not_null_stg_customers_customer_id.e2cfb1f9aa
[0m19:04:44.918195 [debug] [Thread-4 (]: Began executing node test.dq_project.not_null_stg_customers_full_name.f9ff4c2b7e
[0m19:04:44.918195 [debug] [Thread-3 (]: Began executing node test.dq_project.not_null_stg_customers_email.d7cf761533
[0m19:04:44.922143 [debug] [Thread-2 (]: Writing runtime sql for node "test.dq_project.not_null_stg_customers_customer_id.e2cfb1f9aa"
[0m19:04:44.923666 [debug] [Thread-4 (]: Writing runtime sql for node "test.dq_project.not_null_stg_customers_full_name.f9ff4c2b7e"
[0m19:04:44.923666 [debug] [Thread-3 (]: Writing runtime sql for node "test.dq_project.not_null_stg_customers_email.d7cf761533"
[0m19:04:44.923666 [debug] [Thread-1 (]: Using postgres connection "test.dq_project.accepted_values_stg_customers_country__USA__India__UK__Germany__Canada__Australia.e9101a0996"
[0m19:04:44.923666 [debug] [Thread-1 (]: On test.dq_project.accepted_values_stg_customers_country__USA__India__UK__Germany__Canada__Australia.e9101a0996: BEGIN
[0m19:04:44.923666 [debug] [Thread-1 (]: Opening a new connection, currently in state init
[0m19:04:44.923666 [debug] [Thread-2 (]: Using postgres connection "test.dq_project.not_null_stg_customers_customer_id.e2cfb1f9aa"
[0m19:04:44.923666 [debug] [Thread-2 (]: On test.dq_project.not_null_stg_customers_customer_id.e2cfb1f9aa: BEGIN
[0m19:04:44.923666 [debug] [Thread-2 (]: Opening a new connection, currently in state init
[0m19:04:44.923666 [debug] [Thread-3 (]: Using postgres connection "test.dq_project.not_null_stg_customers_email.d7cf761533"
[0m19:04:44.923666 [debug] [Thread-4 (]: Using postgres connection "test.dq_project.not_null_stg_customers_full_name.f9ff4c2b7e"
[0m19:04:44.923666 [debug] [Thread-3 (]: On test.dq_project.not_null_stg_customers_email.d7cf761533: BEGIN
[0m19:04:44.923666 [debug] [Thread-4 (]: On test.dq_project.not_null_stg_customers_full_name.f9ff4c2b7e: BEGIN
[0m19:04:44.923666 [debug] [Thread-3 (]: Opening a new connection, currently in state init
[0m19:04:44.923666 [debug] [Thread-4 (]: Opening a new connection, currently in state init
[0m19:04:44.948318 [debug] [Thread-2 (]: SQL status: BEGIN in 0.019 seconds
[0m19:04:44.948318 [debug] [Thread-1 (]: SQL status: BEGIN in 0.021 seconds
[0m19:04:44.948318 [debug] [Thread-2 (]: Using postgres connection "test.dq_project.not_null_stg_customers_customer_id.e2cfb1f9aa"
[0m19:04:44.948318 [debug] [Thread-1 (]: Using postgres connection "test.dq_project.accepted_values_stg_customers_country__USA__India__UK__Germany__Canada__Australia.e9101a0996"
[0m19:04:44.948318 [debug] [Thread-2 (]: On test.dq_project.not_null_stg_customers_customer_id.e2cfb1f9aa: /* {"app": "dbt", "dbt_version": "1.8.8", "profile_name": "dq_project", "target_name": "dev", "node_id": "test.dq_project.not_null_stg_customers_customer_id.e2cfb1f9aa"} */
select
      count(*) as failures,
      count(*) != 0 as should_warn,
      count(*) != 0 as should_error
    from (
      
    
    



select customer_id
from "dq_db"."analytics_staging"."stg_customers"
where customer_id is null



      
    ) dbt_internal_test
[0m19:04:44.948318 [debug] [Thread-1 (]: On test.dq_project.accepted_values_stg_customers_country__USA__India__UK__Germany__Canada__Australia.e9101a0996: /* {"app": "dbt", "dbt_version": "1.8.8", "profile_name": "dq_project", "target_name": "dev", "node_id": "test.dq_project.accepted_values_stg_customers_country__USA__India__UK__Germany__Canada__Australia.e9101a0996"} */
select
      count(*) as failures,
      count(*) != 0 as should_warn,
      count(*) != 0 as should_error
    from (
      
    
    

with all_values as (

    select
        country as value_field,
        count(*) as n_records

    from "dq_db"."analytics_staging"."stg_customers"
    group by country

)

select *
from all_values
where value_field not in (
    'USA','India','UK','Germany','Canada','Australia'
)



      
    ) dbt_internal_test
[0m19:04:44.952184 [debug] [Thread-2 (]: SQL status: SELECT 1 in 0.001 seconds
[0m19:04:44.952184 [debug] [Thread-4 (]: SQL status: BEGIN in 0.021 seconds
[0m19:04:44.952184 [debug] [Thread-3 (]: SQL status: BEGIN in 0.021 seconds
[0m19:04:44.952184 [debug] [Thread-1 (]: SQL status: SELECT 1 in 0.002 seconds
[0m19:04:44.952184 [debug] [Thread-2 (]: On test.dq_project.not_null_stg_customers_customer_id.e2cfb1f9aa: ROLLBACK
[0m19:04:44.958152 [debug] [Thread-4 (]: Using postgres connection "test.dq_project.not_null_stg_customers_full_name.f9ff4c2b7e"
[0m19:04:44.958152 [debug] [Thread-3 (]: Using postgres connection "test.dq_project.not_null_stg_customers_email.d7cf761533"
[0m19:04:44.958152 [debug] [Thread-1 (]: On test.dq_project.accepted_values_stg_customers_country__USA__India__UK__Germany__Canada__Australia.e9101a0996: ROLLBACK
[0m19:04:44.958152 [debug] [Thread-4 (]: On test.dq_project.not_null_stg_customers_full_name.f9ff4c2b7e: /* {"app": "dbt", "dbt_version": "1.8.8", "profile_name": "dq_project", "target_name": "dev", "node_id": "test.dq_project.not_null_stg_customers_full_name.f9ff4c2b7e"} */
select
      count(*) as failures,
      count(*) != 0 as should_warn,
      count(*) != 0 as should_error
    from (
      
    
    



select full_name
from "dq_db"."analytics_staging"."stg_customers"
where full_name is null



      
    ) dbt_internal_test
[0m19:04:44.958152 [debug] [Thread-3 (]: On test.dq_project.not_null_stg_customers_email.d7cf761533: /* {"app": "dbt", "dbt_version": "1.8.8", "profile_name": "dq_project", "target_name": "dev", "node_id": "test.dq_project.not_null_stg_customers_email.d7cf761533"} */
select
      count(*) as failures,
      count(*) != 0 as should_warn,
      count(*) != 0 as should_error
    from (
      
    
    



select email
from "dq_db"."analytics_staging"."stg_customers"
where email is null



      
    ) dbt_internal_test
[0m19:04:44.960594 [debug] [Thread-2 (]: On test.dq_project.not_null_stg_customers_customer_id.e2cfb1f9aa: Close
[0m19:04:44.961648 [debug] [Thread-1 (]: On test.dq_project.accepted_values_stg_customers_country__USA__India__UK__Germany__Canada__Australia.e9101a0996: Close
[0m19:04:44.961648 [info ] [Thread-2 (]: 2 of 7 PASS not_null_stg_customers_customer_id ................................. [[32mPASS[0m in 0.09s]
[0m19:04:44.963656 [debug] [Thread-4 (]: SQL status: SELECT 1 in 0.003 seconds
[0m19:04:44.963656 [debug] [Thread-3 (]: SQL status: SELECT 1 in 0.003 seconds
[0m19:04:44.963656 [info ] [Thread-1 (]: 1 of 7 PASS accepted_values_stg_customers_country__USA__India__UK__Germany__Canada__Australia  [[32mPASS[0m in 0.09s]
[0m19:04:44.963656 [debug] [Thread-2 (]: Finished running node test.dq_project.not_null_stg_customers_customer_id.e2cfb1f9aa
[0m19:04:44.963656 [debug] [Thread-4 (]: On test.dq_project.not_null_stg_customers_full_name.f9ff4c2b7e: ROLLBACK
[0m19:04:44.963656 [debug] [Thread-3 (]: On test.dq_project.not_null_stg_customers_email.d7cf761533: ROLLBACK
[0m19:04:44.963656 [debug] [Thread-1 (]: Finished running node test.dq_project.accepted_values_stg_customers_country__USA__India__UK__Germany__Canada__Australia.e9101a0996
[0m19:04:44.963656 [debug] [Thread-2 (]: Began running node test.dq_project.relationships_stg_orders_customer_id__customer_id__ref_stg_customers_.430bf21500
[0m19:04:44.963656 [debug] [Thread-1 (]: Began running node test.dq_project.unique_stg_customers_customer_id.c7614daada
[0m19:04:44.970259 [debug] [Thread-4 (]: On test.dq_project.not_null_stg_customers_full_name.f9ff4c2b7e: Close
[0m19:04:44.970259 [debug] [Thread-3 (]: On test.dq_project.not_null_stg_customers_email.d7cf761533: Close
[0m19:04:44.963656 [info ] [Thread-2 (]: 5 of 7 START test relationships_stg_orders_customer_id__customer_id__ref_stg_customers_  [RUN]
[0m19:04:44.970259 [info ] [Thread-1 (]: 6 of 7 START test unique_stg_customers_customer_id ............................. [RUN]
[0m19:04:44.970259 [info ] [Thread-4 (]: 4 of 7 PASS not_null_stg_customers_full_name ................................... [[32mPASS[0m in 0.10s]
[0m19:04:44.972084 [debug] [Thread-2 (]: Re-using an available connection from the pool (formerly test.dq_project.not_null_stg_customers_customer_id.e2cfb1f9aa, now test.dq_project.relationships_stg_orders_customer_id__customer_id__ref_stg_customers_.430bf21500)
[0m19:04:44.972084 [info ] [Thread-3 (]: 3 of 7 PASS not_null_stg_customers_email ....................................... [[32mPASS[0m in 0.10s]
[0m19:04:44.972084 [debug] [Thread-1 (]: Re-using an available connection from the pool (formerly test.dq_project.accepted_values_stg_customers_country__USA__India__UK__Germany__Canada__Australia.e9101a0996, now test.dq_project.unique_stg_customers_customer_id.c7614daada)
[0m19:04:44.972084 [debug] [Thread-4 (]: Finished running node test.dq_project.not_null_stg_customers_full_name.f9ff4c2b7e
[0m19:04:44.974356 [debug] [Thread-2 (]: Began compiling node test.dq_project.relationships_stg_orders_customer_id__customer_id__ref_stg_customers_.430bf21500
[0m19:04:44.974356 [debug] [Thread-3 (]: Finished running node test.dq_project.not_null_stg_customers_email.d7cf761533
[0m19:04:44.974356 [debug] [Thread-1 (]: Began compiling node test.dq_project.unique_stg_customers_customer_id.c7614daada
[0m19:04:44.974356 [debug] [Thread-4 (]: Began running node test.dq_project.valid_email_format_stg_customers_email.fee8eb6eab
[0m19:04:44.979852 [debug] [Thread-2 (]: Writing injected SQL for node "test.dq_project.relationships_stg_orders_customer_id__customer_id__ref_stg_customers_.430bf21500"
[0m19:04:44.982137 [debug] [Thread-1 (]: Writing injected SQL for node "test.dq_project.unique_stg_customers_customer_id.c7614daada"
[0m19:04:44.982137 [info ] [Thread-4 (]: 7 of 7 START test valid_email_format_stg_customers_email ....................... [RUN]
[0m19:04:44.986281 [debug] [Thread-4 (]: Re-using an available connection from the pool (formerly test.dq_project.not_null_stg_customers_full_name.f9ff4c2b7e, now test.dq_project.valid_email_format_stg_customers_email.fee8eb6eab)
[0m19:04:44.986281 [debug] [Thread-4 (]: Began compiling node test.dq_project.valid_email_format_stg_customers_email.fee8eb6eab
[0m19:04:44.990349 [debug] [Thread-4 (]: Writing injected SQL for node "test.dq_project.valid_email_format_stg_customers_email.fee8eb6eab"
[0m19:04:44.990349 [debug] [Thread-1 (]: Began executing node test.dq_project.unique_stg_customers_customer_id.c7614daada
[0m19:04:44.990349 [debug] [Thread-2 (]: Began executing node test.dq_project.relationships_stg_orders_customer_id__customer_id__ref_stg_customers_.430bf21500
[0m19:04:44.990349 [debug] [Thread-1 (]: Writing runtime sql for node "test.dq_project.unique_stg_customers_customer_id.c7614daada"
[0m19:04:44.990349 [debug] [Thread-2 (]: Writing runtime sql for node "test.dq_project.relationships_stg_orders_customer_id__customer_id__ref_stg_customers_.430bf21500"
[0m19:04:44.990349 [debug] [Thread-4 (]: Began executing node test.dq_project.valid_email_format_stg_customers_email.fee8eb6eab
[0m19:04:44.990349 [debug] [Thread-4 (]: Writing runtime sql for node "test.dq_project.valid_email_format_stg_customers_email.fee8eb6eab"
[0m19:04:44.990349 [debug] [Thread-2 (]: Using postgres connection "test.dq_project.relationships_stg_orders_customer_id__customer_id__ref_stg_customers_.430bf21500"
[0m19:04:44.990349 [debug] [Thread-2 (]: On test.dq_project.relationships_stg_orders_customer_id__customer_id__ref_stg_customers_.430bf21500: BEGIN
[0m19:04:44.990349 [debug] [Thread-1 (]: Using postgres connection "test.dq_project.unique_stg_customers_customer_id.c7614daada"
[0m19:04:44.990349 [debug] [Thread-4 (]: Using postgres connection "test.dq_project.valid_email_format_stg_customers_email.fee8eb6eab"
[0m19:04:44.990349 [debug] [Thread-2 (]: Opening a new connection, currently in state closed
[0m19:04:44.990349 [debug] [Thread-1 (]: On test.dq_project.unique_stg_customers_customer_id.c7614daada: BEGIN
[0m19:04:44.990349 [debug] [Thread-4 (]: On test.dq_project.valid_email_format_stg_customers_email.fee8eb6eab: BEGIN
[0m19:04:44.990349 [debug] [Thread-1 (]: Opening a new connection, currently in state closed
[0m19:04:44.990349 [debug] [Thread-4 (]: Opening a new connection, currently in state closed
[0m19:04:45.011851 [debug] [Thread-2 (]: SQL status: BEGIN in 0.015 seconds
[0m19:04:45.011851 [debug] [Thread-2 (]: Using postgres connection "test.dq_project.relationships_stg_orders_customer_id__customer_id__ref_stg_customers_.430bf21500"
[0m19:04:45.011851 [debug] [Thread-2 (]: On test.dq_project.relationships_stg_orders_customer_id__customer_id__ref_stg_customers_.430bf21500: /* {"app": "dbt", "dbt_version": "1.8.8", "profile_name": "dq_project", "target_name": "dev", "node_id": "test.dq_project.relationships_stg_orders_customer_id__customer_id__ref_stg_customers_.430bf21500"} */
select
      count(*) as failures,
      count(*) != 0 as should_warn,
      count(*) != 0 as should_error
    from (
      
    
    

with child as (
    select customer_id as from_field
    from "dq_db"."analytics_staging"."stg_orders"
    where customer_id is not null
),

parent as (
    select customer_id as to_field
    from "dq_db"."analytics_staging"."stg_customers"
)

select
    from_field

from child
left join parent
    on child.from_field = parent.to_field

where parent.to_field is null



      
    ) dbt_internal_test
[0m19:04:45.011851 [debug] [Thread-1 (]: SQL status: BEGIN in 0.015 seconds
[0m19:04:45.011851 [debug] [Thread-1 (]: Using postgres connection "test.dq_project.unique_stg_customers_customer_id.c7614daada"
[0m19:04:45.011851 [debug] [Thread-4 (]: SQL status: BEGIN in 0.016 seconds
[0m19:04:45.011851 [debug] [Thread-1 (]: On test.dq_project.unique_stg_customers_customer_id.c7614daada: /* {"app": "dbt", "dbt_version": "1.8.8", "profile_name": "dq_project", "target_name": "dev", "node_id": "test.dq_project.unique_stg_customers_customer_id.c7614daada"} */
select
      count(*) as failures,
      count(*) != 0 as should_warn,
      count(*) != 0 as should_error
    from (
      
    
    

select
    customer_id as unique_field,
    count(*) as n_records

from "dq_db"."analytics_staging"."stg_customers"
where customer_id is not null
group by customer_id
having count(*) > 1



      
    ) dbt_internal_test
[0m19:04:45.011851 [debug] [Thread-4 (]: Using postgres connection "test.dq_project.valid_email_format_stg_customers_email.fee8eb6eab"
[0m19:04:45.011851 [debug] [Thread-4 (]: On test.dq_project.valid_email_format_stg_customers_email.fee8eb6eab: /* {"app": "dbt", "dbt_version": "1.8.8", "profile_name": "dq_project", "target_name": "dev", "node_id": "test.dq_project.valid_email_format_stg_customers_email.fee8eb6eab"} */
select
      count(*) as failures,
      count(*) != 0 as should_warn,
      count(*) != 0 as should_error
    from (
      
-- Custom generic test: flags any row where the column doesn't look like
-- a well-formed email address (basic regex: text@text.text).

select *
from "dq_db"."analytics_staging"."stg_customers"
where email is not null
  and email !~ '^[A-Za-z0-9._%+-]+@[A-Za-z0-9.-]+\.[A-Za-z]{2,}$'


      
    ) dbt_internal_test
[0m19:04:45.011851 [debug] [Thread-2 (]: SQL status: SELECT 1 in 0.002 seconds
[0m19:04:45.018240 [debug] [Thread-1 (]: SQL status: SELECT 1 in 0.002 seconds
[0m19:04:45.018240 [debug] [Thread-2 (]: On test.dq_project.relationships_stg_orders_customer_id__customer_id__ref_stg_customers_.430bf21500: ROLLBACK
[0m19:04:45.018240 [debug] [Thread-1 (]: On test.dq_project.unique_stg_customers_customer_id.c7614daada: ROLLBACK
[0m19:04:45.018240 [debug] [Thread-4 (]: SQL status: SELECT 1 in 0.004 seconds
[0m19:04:45.018240 [debug] [Thread-4 (]: On test.dq_project.valid_email_format_stg_customers_email.fee8eb6eab: ROLLBACK
[0m19:04:45.022303 [debug] [Thread-1 (]: On test.dq_project.unique_stg_customers_customer_id.c7614daada: Close
[0m19:04:45.022303 [debug] [Thread-4 (]: On test.dq_project.valid_email_format_stg_customers_email.fee8eb6eab: Close
[0m19:04:45.022303 [debug] [Thread-2 (]: On test.dq_project.relationships_stg_orders_customer_id__customer_id__ref_stg_customers_.430bf21500: Close
[0m19:04:45.022303 [info ] [Thread-1 (]: 6 of 7 PASS unique_stg_customers_customer_id ................................... [[32mPASS[0m in 0.05s]
[0m19:04:45.022303 [info ] [Thread-4 (]: 7 of 7 PASS valid_email_format_stg_customers_email ............................. [[32mPASS[0m in 0.04s]
[0m19:04:45.022303 [debug] [Thread-1 (]: Finished running node test.dq_project.unique_stg_customers_customer_id.c7614daada
[0m19:04:45.026191 [info ] [Thread-2 (]: 5 of 7 PASS relationships_stg_orders_customer_id__customer_id__ref_stg_customers_  [[32mPASS[0m in 0.05s]
[0m19:04:45.026191 [debug] [Thread-4 (]: Finished running node test.dq_project.valid_email_format_stg_customers_email.fee8eb6eab
[0m19:04:45.028198 [debug] [Thread-2 (]: Finished running node test.dq_project.relationships_stg_orders_customer_id__customer_id__ref_stg_customers_.430bf21500
[0m19:04:45.029971 [debug] [MainThread]: Using postgres connection "master"
[0m19:04:45.030478 [debug] [MainThread]: On master: BEGIN
[0m19:04:45.030478 [debug] [MainThread]: Opening a new connection, currently in state closed
[0m19:04:45.061804 [debug] [MainThread]: SQL status: BEGIN in 0.031 seconds
[0m19:04:45.062477 [debug] [MainThread]: On master: COMMIT
[0m19:04:45.063390 [debug] [MainThread]: Using postgres connection "master"
[0m19:04:45.064525 [debug] [MainThread]: On master: COMMIT
[0m19:04:45.067039 [debug] [MainThread]: SQL status: COMMIT in 0.002 seconds
[0m19:04:45.067720 [debug] [MainThread]: On master: Close
[0m19:04:45.068854 [debug] [MainThread]: Connection 'master' was properly closed.
[0m19:04:45.070301 [debug] [MainThread]: Connection 'list_dq_db_analytics_staging' was properly closed.
[0m19:04:45.071519 [debug] [MainThread]: Connection 'test.dq_project.unique_stg_customers_customer_id.c7614daada' was properly closed.
[0m19:04:45.072818 [debug] [MainThread]: Connection 'test.dq_project.relationships_stg_orders_customer_id__customer_id__ref_stg_customers_.430bf21500' was properly closed.
[0m19:04:45.073939 [debug] [MainThread]: Connection 'test.dq_project.not_null_stg_customers_email.d7cf761533' was properly closed.
[0m19:04:45.074534 [debug] [MainThread]: Connection 'test.dq_project.valid_email_format_stg_customers_email.fee8eb6eab' was properly closed.
[0m19:04:45.078187 [info ] [MainThread]: 
[0m19:04:45.079319 [info ] [MainThread]: Finished running 7 data tests in 0 hours 0 minutes and 0.41 seconds (0.41s).
[0m19:04:45.082477 [debug] [MainThread]: Command end result
[0m19:04:45.104256 [info ] [MainThread]: 
[0m19:04:45.104256 [info ] [MainThread]: [32mCompleted successfully[0m
[0m19:04:45.104256 [info ] [MainThread]: 
[0m19:04:45.104256 [info ] [MainThread]: Done. PASS=7 WARN=0 ERROR=0 SKIP=0 TOTAL=7
[0m19:04:45.104256 [debug] [MainThread]: Command `dbt test` succeeded at 19:04:45.104256 after 1.28 seconds
[0m19:04:45.104256 [debug] [MainThread]: Sending event: {'category': 'dbt', 'action': 'invocation', 'label': 'end', 'context': [<snowplow_tracker.self_describing_json.SelfDescribingJson object at 0x000001862EFA74A0>, <snowplow_tracker.self_describing_json.SelfDescribingJson object at 0x0000018631240380>, <snowplow_tracker.self_describing_json.SelfDescribingJson object at 0x000001862F200320>]}
[0m19:04:45.104256 [debug] [MainThread]: Flushing usage events
[0m19:04:50.569208 [debug] [MainThread]: Sending event: {'category': 'dbt', 'action': 'invocation', 'label': 'start', 'context': [<snowplow_tracker.self_describing_json.SelfDescribingJson object at 0x000001791BC37350>, <snowplow_tracker.self_describing_json.SelfDescribingJson object at 0x00000179191B6C00>, <snowplow_tracker.self_describing_json.SelfDescribingJson object at 0x000001791B4FE600>]}


============================== 19:04:50.569208 | 29ac12fa-a12d-4aaf-b85d-ab89fe6dffe1 ==============================
[0m19:04:50.569208 [info ] [MainThread]: Running with dbt=1.8.8
[0m19:04:50.569208 [debug] [MainThread]: running dbt with arguments {'printer_width': '80', 'indirect_selection': 'eager', 'log_cache_events': 'False', 'write_json': 'True', 'partial_parse': 'True', 'cache_selected_only': 'False', 'warn_error': 'None', 'fail_fast': 'False', 'profiles_dir': 'C:\\Users\\gsuji\\Downloads\\Data-Quality-Testing-Framework\\dbt_project', 'log_path': 'C:\\Users\\gsuji\\Downloads\\Data-Quality-Testing-Framework\\dbt_project\\logs', 'version_check': 'True', 'debug': 'False', 'use_colors': 'True', 'use_experimental_parser': 'False', 'empty': 'None', 'quiet': 'False', 'no_print': 'None', 'warn_error_options': 'WarnErrorOptions(include=[], exclude=[])', 'invocation_command': 'dbt test --select stg_orders --project-dir C:\\Users\\gsuji\\Downloads\\Data-Quality-Testing-Framework\\dbt_project --profiles-dir C:\\Users\\gsuji\\Downloads\\Data-Quality-Testing-Framework\\dbt_project', 'log_format': 'default', 'static_parser': 'True', 'target_path': 'None', 'introspect': 'True', 'send_anonymous_usage_stats': 'True'}
[0m19:04:50.708071 [debug] [MainThread]: Sending event: {'category': 'dbt', 'action': 'project_id', 'label': '29ac12fa-a12d-4aaf-b85d-ab89fe6dffe1', 'context': [<snowplow_tracker.self_describing_json.SelfDescribingJson object at 0x000001791AD97620>]}
[0m19:04:50.748121 [debug] [MainThread]: Sending event: {'category': 'dbt', 'action': 'adapter_info', 'label': '29ac12fa-a12d-4aaf-b85d-ab89fe6dffe1', 'context': [<snowplow_tracker.self_describing_json.SelfDescribingJson object at 0x000001791BD98AA0>]}
[0m19:04:50.750642 [info ] [MainThread]: Registered adapter: postgres=1.8.2
[0m19:04:50.756109 [debug] [MainThread]: checksum: ec53e341a936509427e16df1c646386a84befec52c1957e3f4359fbc36fc93f5, vars: {}, profile: , target: , version: 1.8.8
[0m19:04:50.919962 [debug] [MainThread]: Partial parsing enabled: 0 files deleted, 0 files added, 0 files changed.
[0m19:04:50.919962 [debug] [MainThread]: Partial parsing enabled, no changes found, skipping parsing
[0m19:04:50.941707 [debug] [MainThread]: Sending event: {'category': 'dbt', 'action': 'load_project', 'label': '29ac12fa-a12d-4aaf-b85d-ab89fe6dffe1', 'context': [<snowplow_tracker.self_describing_json.SelfDescribingJson object at 0x000001791D7AB650>]}
[0m19:04:51.042817 [debug] [MainThread]: Sending event: {'category': 'dbt', 'action': 'resource_counts', 'label': '29ac12fa-a12d-4aaf-b85d-ab89fe6dffe1', 'context': [<snowplow_tracker.self_describing_json.SelfDescribingJson object at 0x000001791D8DEC60>]}
[0m19:04:51.043928 [info ] [MainThread]: Found 2 models, 14 data tests, 424 macros
[0m19:04:51.043928 [debug] [MainThread]: Sending event: {'category': 'dbt', 'action': 'runnable_timing', 'label': '29ac12fa-a12d-4aaf-b85d-ab89fe6dffe1', 'context': [<snowplow_tracker.self_describing_json.SelfDescribingJson object at 0x000001791B4A6660>]}
[0m19:04:51.045725 [info ] [MainThread]: 
[0m19:04:51.046578 [debug] [MainThread]: Acquiring new postgres connection 'master'
[0m19:04:51.049176 [debug] [ThreadPool]: Acquiring new postgres connection 'list_dq_db_analytics_staging'
[0m19:04:51.101001 [debug] [ThreadPool]: Using postgres connection "list_dq_db_analytics_staging"
[0m19:04:51.101001 [debug] [ThreadPool]: On list_dq_db_analytics_staging: BEGIN
[0m19:04:51.101665 [debug] [ThreadPool]: Opening a new connection, currently in state init
[0m19:04:51.119914 [debug] [ThreadPool]: SQL status: BEGIN in 0.019 seconds
[0m19:04:51.120922 [debug] [ThreadPool]: Using postgres connection "list_dq_db_analytics_staging"
[0m19:04:51.120922 [debug] [ThreadPool]: On list_dq_db_analytics_staging: /* {"app": "dbt", "dbt_version": "1.8.8", "profile_name": "dq_project", "target_name": "dev", "connection_name": "list_dq_db_analytics_staging"} */
select
      'dq_db' as database,
      tablename as name,
      schemaname as schema,
      'table' as type
    from pg_tables
    where schemaname ilike 'analytics_staging'
    union all
    select
      'dq_db' as database,
      viewname as name,
      schemaname as schema,
      'view' as type
    from pg_views
    where schemaname ilike 'analytics_staging'
    union all
    select
      'dq_db' as database,
      matviewname as name,
      schemaname as schema,
      'materialized_view' as type
    from pg_matviews
    where schemaname ilike 'analytics_staging'
  
[0m19:04:51.123922 [debug] [ThreadPool]: SQL status: SELECT 2 in 0.002 seconds
[0m19:04:51.124937 [debug] [ThreadPool]: On list_dq_db_analytics_staging: ROLLBACK
[0m19:04:51.124937 [debug] [ThreadPool]: On list_dq_db_analytics_staging: Close
[0m19:04:51.130083 [debug] [MainThread]: Using postgres connection "master"
[0m19:04:51.130083 [debug] [MainThread]: On master: BEGIN
[0m19:04:51.130083 [debug] [MainThread]: Opening a new connection, currently in state init
[0m19:04:51.140304 [debug] [MainThread]: SQL status: BEGIN in 0.011 seconds
[0m19:04:51.142050 [debug] [MainThread]: Using postgres connection "master"
[0m19:04:51.142392 [debug] [MainThread]: On master: /* {"app": "dbt", "dbt_version": "1.8.8", "profile_name": "dq_project", "target_name": "dev", "connection_name": "master"} */
with relation as (
        select
            pg_rewrite.ev_class as class,
            pg_rewrite.oid as id
        from pg_rewrite
    ),
    class as (
        select
            oid as id,
            relname as name,
            relnamespace as schema,
            relkind as kind
        from pg_class
    ),
    dependency as (
        select distinct
            pg_depend.objid as id,
            pg_depend.refobjid as ref
        from pg_depend
    ),
    schema as (
        select
            pg_namespace.oid as id,
            pg_namespace.nspname as name
        from pg_namespace
        where nspname != 'information_schema' and nspname not like 'pg\_%'
    ),
    referenced as (
        select
            relation.id AS id,
            referenced_class.name ,
            referenced_class.schema ,
            referenced_class.kind
        from relation
        join class as referenced_class on relation.class=referenced_class.id
        where referenced_class.kind in ('r', 'v', 'm')
    ),
    relationships as (
        select
            referenced.name as referenced_name,
            referenced.schema as referenced_schema_id,
            dependent_class.name as dependent_name,
            dependent_class.schema as dependent_schema_id,
            referenced.kind as kind
        from referenced
        join dependency on referenced.id=dependency.id
        join class as dependent_class on dependency.ref=dependent_class.id
        where
            (referenced.name != dependent_class.name or
             referenced.schema != dependent_class.schema)
    )

    select
        referenced_schema.name as referenced_schema,
        relationships.referenced_name as referenced_name,
        dependent_schema.name as dependent_schema,
        relationships.dependent_name as dependent_name
    from relationships
    join schema as dependent_schema on relationships.dependent_schema_id=dependent_schema.id
    join schema as referenced_schema on relationships.referenced_schema_id=referenced_schema.id
    group by referenced_schema, referenced_name, dependent_schema, dependent_name
    order by referenced_schema, referenced_name, dependent_schema, dependent_name;
[0m19:04:51.145833 [debug] [MainThread]: SQL status: SELECT 2 in 0.003 seconds
[0m19:04:51.146844 [debug] [MainThread]: Sending event: {'category': 'dbt', 'action': 'runnable_timing', 'label': '29ac12fa-a12d-4aaf-b85d-ab89fe6dffe1', 'context': [<snowplow_tracker.self_describing_json.SelfDescribingJson object at 0x000001791D8C3830>]}
[0m19:04:51.146844 [debug] [MainThread]: On master: ROLLBACK
[0m19:04:51.146844 [debug] [MainThread]: Using postgres connection "master"
[0m19:04:51.146844 [debug] [MainThread]: On master: BEGIN
[0m19:04:51.148354 [debug] [MainThread]: SQL status: BEGIN in 0.001 seconds
[0m19:04:51.148354 [debug] [MainThread]: On master: COMMIT
[0m19:04:51.149363 [debug] [MainThread]: Using postgres connection "master"
[0m19:04:51.149363 [debug] [MainThread]: On master: COMMIT
[0m19:04:51.150756 [debug] [MainThread]: SQL status: COMMIT in 0.000 seconds
[0m19:04:51.150756 [debug] [MainThread]: On master: Close
[0m19:04:51.151264 [info ] [MainThread]: Concurrency: 4 threads (target='dev')
[0m19:04:51.151264 [info ] [MainThread]: 
[0m19:04:51.152276 [debug] [Thread-1 (]: Began running node test.dq_project.accepted_values_stg_orders_status__placed__shipped__delivered__cancelled__returned.c02af3e6b1
[0m19:04:51.152276 [debug] [Thread-2 (]: Began running node test.dq_project.assert_no_negative_order_amounts
[0m19:04:51.152276 [debug] [Thread-3 (]: Began running node test.dq_project.not_null_stg_orders_amount.2546645448
[0m19:04:51.152276 [info ] [Thread-1 (]: 1 of 8 START test accepted_values_stg_orders_status__placed__shipped__delivered__cancelled__returned  [RUN]
[0m19:04:51.156268 [info ] [Thread-2 (]: 2 of 8 START test assert_no_negative_order_amounts ............................. [RUN]
[0m19:04:51.156268 [debug] [Thread-4 (]: Began running node test.dq_project.not_null_stg_orders_customer_id.af79d5e4b5
[0m19:04:51.156268 [info ] [Thread-3 (]: 3 of 8 START test not_null_stg_orders_amount ................................... [RUN]
[0m19:04:51.156268 [debug] [Thread-1 (]: Acquiring new postgres connection 'test.dq_project.accepted_values_stg_orders_status__placed__shipped__delivered__cancelled__returned.c02af3e6b1'
[0m19:04:51.158275 [debug] [Thread-2 (]: Acquiring new postgres connection 'test.dq_project.assert_no_negative_order_amounts'
[0m19:04:51.158929 [info ] [Thread-4 (]: 4 of 8 START test not_null_stg_orders_customer_id .............................. [RUN]
[0m19:04:51.158929 [debug] [Thread-3 (]: Acquiring new postgres connection 'test.dq_project.not_null_stg_orders_amount.2546645448'
[0m19:04:51.159593 [debug] [Thread-1 (]: Began compiling node test.dq_project.accepted_values_stg_orders_status__placed__shipped__delivered__cancelled__returned.c02af3e6b1
[0m19:04:51.159593 [debug] [Thread-2 (]: Began compiling node test.dq_project.assert_no_negative_order_amounts
[0m19:04:51.160598 [debug] [Thread-4 (]: Acquiring new postgres connection 'test.dq_project.not_null_stg_orders_customer_id.af79d5e4b5'
[0m19:04:51.160598 [debug] [Thread-3 (]: Began compiling node test.dq_project.not_null_stg_orders_amount.2546645448
[0m19:04:51.178064 [debug] [Thread-1 (]: Writing injected SQL for node "test.dq_project.accepted_values_stg_orders_status__placed__shipped__delivered__cancelled__returned.c02af3e6b1"
[0m19:04:51.178064 [debug] [Thread-2 (]: Writing injected SQL for node "test.dq_project.assert_no_negative_order_amounts"
[0m19:04:51.180604 [debug] [Thread-4 (]: Began compiling node test.dq_project.not_null_stg_orders_customer_id.af79d5e4b5
[0m19:04:51.185762 [debug] [Thread-3 (]: Writing injected SQL for node "test.dq_project.not_null_stg_orders_amount.2546645448"
[0m19:04:51.192749 [debug] [Thread-4 (]: Writing injected SQL for node "test.dq_project.not_null_stg_orders_customer_id.af79d5e4b5"
[0m19:04:51.193828 [debug] [Thread-1 (]: Began executing node test.dq_project.accepted_values_stg_orders_status__placed__shipped__delivered__cancelled__returned.c02af3e6b1
[0m19:04:51.194825 [debug] [Thread-2 (]: Began executing node test.dq_project.assert_no_negative_order_amounts
[0m19:04:51.212355 [debug] [Thread-1 (]: Writing runtime sql for node "test.dq_project.accepted_values_stg_orders_status__placed__shipped__delivered__cancelled__returned.c02af3e6b1"
[0m19:04:51.213206 [debug] [Thread-3 (]: Began executing node test.dq_project.not_null_stg_orders_amount.2546645448
[0m19:04:51.214753 [debug] [Thread-2 (]: Writing runtime sql for node "test.dq_project.assert_no_negative_order_amounts"
[0m19:04:51.216257 [debug] [Thread-4 (]: Began executing node test.dq_project.not_null_stg_orders_customer_id.af79d5e4b5
[0m19:04:51.217848 [debug] [Thread-3 (]: Writing runtime sql for node "test.dq_project.not_null_stg_orders_amount.2546645448"
[0m19:04:51.220018 [debug] [Thread-4 (]: Writing runtime sql for node "test.dq_project.not_null_stg_orders_customer_id.af79d5e4b5"
[0m19:04:51.220814 [debug] [Thread-1 (]: Using postgres connection "test.dq_project.accepted_values_stg_orders_status__placed__shipped__delivered__cancelled__returned.c02af3e6b1"
[0m19:04:51.220814 [debug] [Thread-1 (]: On test.dq_project.accepted_values_stg_orders_status__placed__shipped__delivered__cancelled__returned.c02af3e6b1: BEGIN
[0m19:04:51.220814 [debug] [Thread-2 (]: Using postgres connection "test.dq_project.assert_no_negative_order_amounts"
[0m19:04:51.221874 [debug] [Thread-1 (]: Opening a new connection, currently in state init
[0m19:04:51.221874 [debug] [Thread-2 (]: On test.dq_project.assert_no_negative_order_amounts: BEGIN
[0m19:04:51.221874 [debug] [Thread-4 (]: Using postgres connection "test.dq_project.not_null_stg_orders_customer_id.af79d5e4b5"
[0m19:04:51.222872 [debug] [Thread-3 (]: Using postgres connection "test.dq_project.not_null_stg_orders_amount.2546645448"
[0m19:04:51.222872 [debug] [Thread-2 (]: Opening a new connection, currently in state init
[0m19:04:51.222872 [debug] [Thread-4 (]: On test.dq_project.not_null_stg_orders_customer_id.af79d5e4b5: BEGIN
[0m19:04:51.222872 [debug] [Thread-3 (]: On test.dq_project.not_null_stg_orders_amount.2546645448: BEGIN
[0m19:04:51.222872 [debug] [Thread-4 (]: Opening a new connection, currently in state init
[0m19:04:51.222872 [debug] [Thread-3 (]: Opening a new connection, currently in state init
[0m19:04:51.246978 [debug] [Thread-1 (]: SQL status: BEGIN in 0.026 seconds
[0m19:04:51.248277 [debug] [Thread-2 (]: SQL status: BEGIN in 0.025 seconds
[0m19:04:51.248940 [debug] [Thread-1 (]: Using postgres connection "test.dq_project.accepted_values_stg_orders_status__placed__shipped__delivered__cancelled__returned.c02af3e6b1"
[0m19:04:51.248940 [debug] [Thread-2 (]: Using postgres connection "test.dq_project.assert_no_negative_order_amounts"
[0m19:04:51.248940 [debug] [Thread-1 (]: On test.dq_project.accepted_values_stg_orders_status__placed__shipped__delivered__cancelled__returned.c02af3e6b1: /* {"app": "dbt", "dbt_version": "1.8.8", "profile_name": "dq_project", "target_name": "dev", "node_id": "test.dq_project.accepted_values_stg_orders_status__placed__shipped__delivered__cancelled__returned.c02af3e6b1"} */
select
      count(*) as failures,
      count(*) != 0 as should_warn,
      count(*) != 0 as should_error
    from (
      
    
    

with all_values as (

    select
        status as value_field,
        count(*) as n_records

    from "dq_db"."analytics_staging"."stg_orders"
    group by status

)

select *
from all_values
where value_field not in (
    'placed','shipped','delivered','cancelled','returned'
)



      
    ) dbt_internal_test
[0m19:04:51.248940 [debug] [Thread-2 (]: On test.dq_project.assert_no_negative_order_amounts: /* {"app": "dbt", "dbt_version": "1.8.8", "profile_name": "dq_project", "target_name": "dev", "node_id": "test.dq_project.assert_no_negative_order_amounts"} */
select
      count(*) as failures,
      count(*) != 0 as should_warn,
      count(*) != 0 as should_error
    from (
      -- Singular test: fails (returns rows) if any order has a negative amount.
-- dbt tests "pass" when the query returns zero rows.

select order_id, amount
from "dq_db"."analytics_staging"."stg_orders"
where amount < 0
      
    ) dbt_internal_test
[0m19:04:51.251222 [debug] [Thread-3 (]: SQL status: BEGIN in 0.027 seconds
[0m19:04:51.251222 [debug] [Thread-3 (]: Using postgres connection "test.dq_project.not_null_stg_orders_amount.2546645448"
[0m19:04:51.252780 [debug] [Thread-3 (]: On test.dq_project.not_null_stg_orders_amount.2546645448: /* {"app": "dbt", "dbt_version": "1.8.8", "profile_name": "dq_project", "target_name": "dev", "node_id": "test.dq_project.not_null_stg_orders_amount.2546645448"} */
select
      count(*) as failures,
      count(*) != 0 as should_warn,
      count(*) != 0 as should_error
    from (
      
    
    



select amount
from "dq_db"."analytics_staging"."stg_orders"
where amount is null



      
    ) dbt_internal_test
[0m19:04:51.253750 [debug] [Thread-4 (]: SQL status: BEGIN in 0.030 seconds
[0m19:04:51.253750 [debug] [Thread-4 (]: Using postgres connection "test.dq_project.not_null_stg_orders_customer_id.af79d5e4b5"
[0m19:04:51.253750 [debug] [Thread-4 (]: On test.dq_project.not_null_stg_orders_customer_id.af79d5e4b5: /* {"app": "dbt", "dbt_version": "1.8.8", "profile_name": "dq_project", "target_name": "dev", "node_id": "test.dq_project.not_null_stg_orders_customer_id.af79d5e4b5"} */
select
      count(*) as failures,
      count(*) != 0 as should_warn,
      count(*) != 0 as should_error
    from (
      
    
    



select customer_id
from "dq_db"."analytics_staging"."stg_orders"
where customer_id is null



      
    ) dbt_internal_test
[0m19:04:51.256039 [debug] [Thread-1 (]: SQL status: SELECT 1 in 0.005 seconds
[0m19:04:51.256039 [debug] [Thread-3 (]: SQL status: SELECT 1 in 0.003 seconds
[0m19:04:51.256039 [debug] [Thread-2 (]: SQL status: SELECT 1 in 0.005 seconds
[0m19:04:51.257046 [debug] [Thread-4 (]: SQL status: SELECT 1 in 0.003 seconds
[0m19:04:51.261264 [debug] [Thread-1 (]: On test.dq_project.accepted_values_stg_orders_status__placed__shipped__delivered__cancelled__returned.c02af3e6b1: ROLLBACK
[0m19:04:51.262929 [debug] [Thread-3 (]: On test.dq_project.not_null_stg_orders_amount.2546645448: ROLLBACK
[0m19:04:51.263930 [debug] [Thread-2 (]: On test.dq_project.assert_no_negative_order_amounts: ROLLBACK
[0m19:04:51.263930 [debug] [Thread-4 (]: On test.dq_project.not_null_stg_orders_customer_id.af79d5e4b5: ROLLBACK
[0m19:04:51.265933 [debug] [Thread-1 (]: On test.dq_project.accepted_values_stg_orders_status__placed__shipped__delivered__cancelled__returned.c02af3e6b1: Close
[0m19:04:51.266930 [debug] [Thread-2 (]: On test.dq_project.assert_no_negative_order_amounts: Close
[0m19:04:51.266930 [debug] [Thread-3 (]: On test.dq_project.not_null_stg_orders_amount.2546645448: Close
[0m19:04:51.267655 [debug] [Thread-4 (]: On test.dq_project.not_null_stg_orders_customer_id.af79d5e4b5: Close
[0m19:04:51.268104 [info ] [Thread-1 (]: 1 of 8 PASS accepted_values_stg_orders_status__placed__shipped__delivered__cancelled__returned  [[32mPASS[0m in 0.11s]
[0m19:04:51.269200 [info ] [Thread-2 (]: 2 of 8 PASS assert_no_negative_order_amounts ................................... [[32mPASS[0m in 0.11s]
[0m19:04:51.270207 [info ] [Thread-3 (]: 3 of 8 PASS not_null_stg_orders_amount ......................................... [[32mPASS[0m in 0.11s]
[0m19:04:51.271215 [debug] [Thread-1 (]: Finished running node test.dq_project.accepted_values_stg_orders_status__placed__shipped__delivered__cancelled__returned.c02af3e6b1
[0m19:04:51.272240 [info ] [Thread-4 (]: 4 of 8 PASS not_null_stg_orders_customer_id .................................... [[32mPASS[0m in 0.11s]
[0m19:04:51.273214 [debug] [Thread-2 (]: Finished running node test.dq_project.assert_no_negative_order_amounts
[0m19:04:51.273214 [debug] [Thread-3 (]: Finished running node test.dq_project.not_null_stg_orders_amount.2546645448
[0m19:04:51.274214 [debug] [Thread-1 (]: Began running node test.dq_project.not_null_stg_orders_order_id.81cfe2fe64
[0m19:04:51.274214 [debug] [Thread-4 (]: Finished running node test.dq_project.not_null_stg_orders_customer_id.af79d5e4b5
[0m19:04:51.275212 [debug] [Thread-2 (]: Began running node test.dq_project.not_null_stg_orders_status.2b01eecbd6
[0m19:04:51.275212 [debug] [Thread-3 (]: Began running node test.dq_project.relationships_stg_orders_customer_id__customer_id__ref_stg_customers_.430bf21500
[0m19:04:51.276211 [info ] [Thread-1 (]: 5 of 8 START test not_null_stg_orders_order_id ................................. [RUN]
[0m19:04:51.276211 [debug] [Thread-4 (]: Began running node test.dq_project.unique_stg_orders_order_id.e3b841c71a
[0m19:04:51.277215 [info ] [Thread-2 (]: 6 of 8 START test not_null_stg_orders_status ................................... [RUN]
[0m19:04:51.277215 [debug] [Thread-1 (]: Re-using an available connection from the pool (formerly test.dq_project.accepted_values_stg_orders_status__placed__shipped__delivered__cancelled__returned.c02af3e6b1, now test.dq_project.not_null_stg_orders_order_id.81cfe2fe64)
[0m19:04:51.277215 [info ] [Thread-3 (]: 7 of 8 START test relationships_stg_orders_customer_id__customer_id__ref_stg_customers_  [RUN]
[0m19:04:51.278717 [debug] [Thread-2 (]: Re-using an available connection from the pool (formerly test.dq_project.assert_no_negative_order_amounts, now test.dq_project.not_null_stg_orders_status.2b01eecbd6)
[0m19:04:51.278717 [debug] [Thread-1 (]: Began compiling node test.dq_project.not_null_stg_orders_order_id.81cfe2fe64
[0m19:04:51.278215 [info ] [Thread-4 (]: 8 of 8 START test unique_stg_orders_order_id ................................... [RUN]
[0m19:04:51.278717 [debug] [Thread-3 (]: Re-using an available connection from the pool (formerly test.dq_project.not_null_stg_orders_amount.2546645448, now test.dq_project.relationships_stg_orders_customer_id__customer_id__ref_stg_customers_.430bf21500)
[0m19:04:51.279720 [debug] [Thread-2 (]: Began compiling node test.dq_project.not_null_stg_orders_status.2b01eecbd6
[0m19:04:51.281536 [debug] [Thread-1 (]: Writing injected SQL for node "test.dq_project.not_null_stg_orders_order_id.81cfe2fe64"
[0m19:04:51.282670 [debug] [Thread-4 (]: Re-using an available connection from the pool (formerly test.dq_project.not_null_stg_orders_customer_id.af79d5e4b5, now test.dq_project.unique_stg_orders_order_id.e3b841c71a)
[0m19:04:51.282670 [debug] [Thread-3 (]: Began compiling node test.dq_project.relationships_stg_orders_customer_id__customer_id__ref_stg_customers_.430bf21500
[0m19:04:51.284382 [debug] [Thread-2 (]: Writing injected SQL for node "test.dq_project.not_null_stg_orders_status.2b01eecbd6"
[0m19:04:51.284382 [debug] [Thread-4 (]: Began compiling node test.dq_project.unique_stg_orders_order_id.e3b841c71a
[0m19:04:51.284382 [debug] [Thread-3 (]: Writing injected SQL for node "test.dq_project.relationships_stg_orders_customer_id__customer_id__ref_stg_customers_.430bf21500"
[0m19:04:51.296010 [debug] [Thread-4 (]: Writing injected SQL for node "test.dq_project.unique_stg_orders_order_id.e3b841c71a"
[0m19:04:51.296010 [debug] [Thread-1 (]: Began executing node test.dq_project.not_null_stg_orders_order_id.81cfe2fe64
[0m19:04:51.298017 [debug] [Thread-1 (]: Writing runtime sql for node "test.dq_project.not_null_stg_orders_order_id.81cfe2fe64"
[0m19:04:51.298017 [debug] [Thread-3 (]: Began executing node test.dq_project.relationships_stg_orders_customer_id__customer_id__ref_stg_customers_.430bf21500
[0m19:04:51.299764 [debug] [Thread-3 (]: Writing runtime sql for node "test.dq_project.relationships_stg_orders_customer_id__customer_id__ref_stg_customers_.430bf21500"
[0m19:04:51.299764 [debug] [Thread-2 (]: Began executing node test.dq_project.not_null_stg_orders_status.2b01eecbd6
[0m19:04:51.299764 [debug] [Thread-4 (]: Began executing node test.dq_project.unique_stg_orders_order_id.e3b841c71a
[0m19:04:51.299764 [debug] [Thread-2 (]: Writing runtime sql for node "test.dq_project.not_null_stg_orders_status.2b01eecbd6"
[0m19:04:51.304562 [debug] [Thread-4 (]: Writing runtime sql for node "test.dq_project.unique_stg_orders_order_id.e3b841c71a"
[0m19:04:51.304562 [debug] [Thread-1 (]: Using postgres connection "test.dq_project.not_null_stg_orders_order_id.81cfe2fe64"
[0m19:04:51.305585 [debug] [Thread-1 (]: On test.dq_project.not_null_stg_orders_order_id.81cfe2fe64: BEGIN
[0m19:04:51.305585 [debug] [Thread-1 (]: Opening a new connection, currently in state closed
[0m19:04:51.308297 [debug] [Thread-3 (]: Using postgres connection "test.dq_project.relationships_stg_orders_customer_id__customer_id__ref_stg_customers_.430bf21500"
[0m19:04:51.308297 [debug] [Thread-3 (]: On test.dq_project.relationships_stg_orders_customer_id__customer_id__ref_stg_customers_.430bf21500: BEGIN
[0m19:04:51.308297 [debug] [Thread-3 (]: Opening a new connection, currently in state closed
[0m19:04:51.308297 [debug] [Thread-2 (]: Using postgres connection "test.dq_project.not_null_stg_orders_status.2b01eecbd6"
[0m19:04:51.308297 [debug] [Thread-2 (]: On test.dq_project.not_null_stg_orders_status.2b01eecbd6: BEGIN
[0m19:04:51.315521 [debug] [Thread-2 (]: Opening a new connection, currently in state closed
[0m19:04:51.315521 [debug] [Thread-4 (]: Using postgres connection "test.dq_project.unique_stg_orders_order_id.e3b841c71a"
[0m19:04:51.316264 [debug] [Thread-4 (]: On test.dq_project.unique_stg_orders_order_id.e3b841c71a: BEGIN
[0m19:04:51.316993 [debug] [Thread-4 (]: Opening a new connection, currently in state closed
[0m19:04:51.328245 [debug] [Thread-3 (]: SQL status: BEGIN in 0.019 seconds
[0m19:04:51.328245 [debug] [Thread-3 (]: Using postgres connection "test.dq_project.relationships_stg_orders_customer_id__customer_id__ref_stg_customers_.430bf21500"
[0m19:04:51.328245 [debug] [Thread-3 (]: On test.dq_project.relationships_stg_orders_customer_id__customer_id__ref_stg_customers_.430bf21500: /* {"app": "dbt", "dbt_version": "1.8.8", "profile_name": "dq_project", "target_name": "dev", "node_id": "test.dq_project.relationships_stg_orders_customer_id__customer_id__ref_stg_customers_.430bf21500"} */
select
      count(*) as failures,
      count(*) != 0 as should_warn,
      count(*) != 0 as should_error
    from (
      
    
    

with child as (
    select customer_id as from_field
    from "dq_db"."analytics_staging"."stg_orders"
    where customer_id is not null
),

parent as (
    select customer_id as to_field
    from "dq_db"."analytics_staging"."stg_customers"
)

select
    from_field

from child
left join parent
    on child.from_field = parent.to_field

where parent.to_field is null



      
    ) dbt_internal_test
[0m19:04:51.331278 [debug] [Thread-3 (]: SQL status: SELECT 1 in 0.003 seconds
[0m19:04:51.333987 [debug] [Thread-3 (]: On test.dq_project.relationships_stg_orders_customer_id__customer_id__ref_stg_customers_.430bf21500: ROLLBACK
[0m19:04:51.335992 [debug] [Thread-3 (]: On test.dq_project.relationships_stg_orders_customer_id__customer_id__ref_stg_customers_.430bf21500: Close
[0m19:04:51.335992 [debug] [Thread-4 (]: SQL status: BEGIN in 0.019 seconds
[0m19:04:51.335992 [debug] [Thread-4 (]: Using postgres connection "test.dq_project.unique_stg_orders_order_id.e3b841c71a"
[0m19:04:51.337998 [debug] [Thread-4 (]: On test.dq_project.unique_stg_orders_order_id.e3b841c71a: /* {"app": "dbt", "dbt_version": "1.8.8", "profile_name": "dq_project", "target_name": "dev", "node_id": "test.dq_project.unique_stg_orders_order_id.e3b841c71a"} */
select
      count(*) as failures,
      count(*) != 0 as should_warn,
      count(*) != 0 as should_error
    from (
      
    
    

select
    order_id as unique_field,
    count(*) as n_records

from "dq_db"."analytics_staging"."stg_orders"
where order_id is not null
group by order_id
having count(*) > 1



      
    ) dbt_internal_test
[0m19:04:51.337998 [info ] [Thread-3 (]: 7 of 8 PASS relationships_stg_orders_customer_id__customer_id__ref_stg_customers_  [[32mPASS[0m in 0.06s]
[0m19:04:51.337998 [debug] [Thread-3 (]: Finished running node test.dq_project.relationships_stg_orders_customer_id__customer_id__ref_stg_customers_.430bf21500
[0m19:04:51.337998 [debug] [Thread-4 (]: SQL status: SELECT 1 in 0.002 seconds
[0m19:04:51.337998 [debug] [Thread-4 (]: On test.dq_project.unique_stg_orders_order_id.e3b841c71a: ROLLBACK
[0m19:04:51.337998 [debug] [Thread-1 (]: SQL status: BEGIN in 0.036 seconds
[0m19:04:51.337998 [debug] [Thread-1 (]: Using postgres connection "test.dq_project.not_null_stg_orders_order_id.81cfe2fe64"
[0m19:04:51.337998 [debug] [Thread-1 (]: On test.dq_project.not_null_stg_orders_order_id.81cfe2fe64: /* {"app": "dbt", "dbt_version": "1.8.8", "profile_name": "dq_project", "target_name": "dev", "node_id": "test.dq_project.not_null_stg_orders_order_id.81cfe2fe64"} */
select
      count(*) as failures,
      count(*) != 0 as should_warn,
      count(*) != 0 as should_error
    from (
      
    
    



select order_id
from "dq_db"."analytics_staging"."stg_orders"
where order_id is null



      
    ) dbt_internal_test
[0m19:04:51.337998 [debug] [Thread-4 (]: On test.dq_project.unique_stg_orders_order_id.e3b841c71a: Close
[0m19:04:51.337998 [debug] [Thread-2 (]: SQL status: BEGIN in 0.029 seconds
[0m19:04:51.337998 [debug] [Thread-2 (]: Using postgres connection "test.dq_project.not_null_stg_orders_status.2b01eecbd6"
[0m19:04:51.346108 [debug] [Thread-2 (]: On test.dq_project.not_null_stg_orders_status.2b01eecbd6: /* {"app": "dbt", "dbt_version": "1.8.8", "profile_name": "dq_project", "target_name": "dev", "node_id": "test.dq_project.not_null_stg_orders_status.2b01eecbd6"} */
select
      count(*) as failures,
      count(*) != 0 as should_warn,
      count(*) != 0 as should_error
    from (
      
    
    



select status
from "dq_db"."analytics_staging"."stg_orders"
where status is null



      
    ) dbt_internal_test
[0m19:04:51.337998 [info ] [Thread-4 (]: 8 of 8 PASS unique_stg_orders_order_id ......................................... [[32mPASS[0m in 0.06s]
[0m19:04:51.347116 [debug] [Thread-1 (]: SQL status: SELECT 1 in 0.003 seconds
[0m19:04:51.347116 [debug] [Thread-4 (]: Finished running node test.dq_project.unique_stg_orders_order_id.e3b841c71a
[0m19:04:51.348122 [debug] [Thread-1 (]: On test.dq_project.not_null_stg_orders_order_id.81cfe2fe64: ROLLBACK
[0m19:04:51.348122 [debug] [Thread-2 (]: SQL status: SELECT 1 in 0.002 seconds
[0m19:04:51.348122 [debug] [Thread-2 (]: On test.dq_project.not_null_stg_orders_status.2b01eecbd6: ROLLBACK
[0m19:04:51.348122 [debug] [Thread-1 (]: On test.dq_project.not_null_stg_orders_order_id.81cfe2fe64: Close
[0m19:04:51.351925 [debug] [Thread-2 (]: On test.dq_project.not_null_stg_orders_status.2b01eecbd6: Close
[0m19:04:51.348122 [info ] [Thread-1 (]: 5 of 8 PASS not_null_stg_orders_order_id ....................................... [[32mPASS[0m in 0.07s]
[0m19:04:51.351925 [debug] [Thread-1 (]: Finished running node test.dq_project.not_null_stg_orders_order_id.81cfe2fe64
[0m19:04:51.351925 [info ] [Thread-2 (]: 6 of 8 PASS not_null_stg_orders_status ......................................... [[32mPASS[0m in 0.07s]
[0m19:04:51.351925 [debug] [Thread-2 (]: Finished running node test.dq_project.not_null_stg_orders_status.2b01eecbd6
[0m19:04:51.351925 [debug] [MainThread]: Using postgres connection "master"
[0m19:04:51.351925 [debug] [MainThread]: On master: BEGIN
[0m19:04:51.351925 [debug] [MainThread]: Opening a new connection, currently in state closed
[0m19:04:51.363901 [debug] [MainThread]: SQL status: BEGIN in 0.018 seconds
[0m19:04:51.363901 [debug] [MainThread]: On master: COMMIT
[0m19:04:51.363901 [debug] [MainThread]: Using postgres connection "master"
[0m19:04:51.363901 [debug] [MainThread]: On master: COMMIT
[0m19:04:51.363901 [debug] [MainThread]: SQL status: COMMIT in 0.000 seconds
[0m19:04:51.363901 [debug] [MainThread]: On master: Close
[0m19:04:51.363901 [debug] [MainThread]: Connection 'master' was properly closed.
[0m19:04:51.363901 [debug] [MainThread]: Connection 'list_dq_db_analytics_staging' was properly closed.
[0m19:04:51.363901 [debug] [MainThread]: Connection 'test.dq_project.not_null_stg_orders_order_id.81cfe2fe64' was properly closed.
[0m19:04:51.363901 [debug] [MainThread]: Connection 'test.dq_project.not_null_stg_orders_status.2b01eecbd6' was properly closed.
[0m19:04:51.363901 [debug] [MainThread]: Connection 'test.dq_project.relationships_stg_orders_customer_id__customer_id__ref_stg_customers_.430bf21500' was properly closed.
[0m19:04:51.363901 [debug] [MainThread]: Connection 'test.dq_project.unique_stg_orders_order_id.e3b841c71a' was properly closed.
[0m19:04:51.363901 [info ] [MainThread]: 
[0m19:04:51.363901 [info ] [MainThread]: Finished running 8 data tests in 0 hours 0 minutes and 0.32 seconds (0.32s).
[0m19:04:51.378109 [debug] [MainThread]: Command end result
[0m19:04:51.478819 [info ] [MainThread]: 
[0m19:04:51.480907 [info ] [MainThread]: [32mCompleted successfully[0m
[0m19:04:51.480907 [info ] [MainThread]: 
[0m19:04:51.480907 [info ] [MainThread]: Done. PASS=8 WARN=0 ERROR=0 SKIP=0 TOTAL=8
[0m19:04:51.480907 [debug] [MainThread]: Command `dbt test` succeeded at 19:04:51.480907 after 1.03 seconds
[0m19:04:51.480907 [debug] [MainThread]: Sending event: {'category': 'dbt', 'action': 'invocation', 'label': 'end', 'context': [<snowplow_tracker.self_describing_json.SelfDescribingJson object at 0x000001791DBF3BF0>, <snowplow_tracker.self_describing_json.SelfDescribingJson object at 0x000001791DBF23F0>, <snowplow_tracker.self_describing_json.SelfDescribingJson object at 0x000001791DBF0B30>]}
[0m19:04:51.480907 [debug] [MainThread]: Flushing usage events
[0m19:04:54.726195 [debug] [MainThread]: Sending event: {'category': 'dbt', 'action': 'invocation', 'label': 'start', 'context': [<snowplow_tracker.self_describing_json.SelfDescribingJson object at 0x000002461110DFA0>, <snowplow_tracker.self_describing_json.SelfDescribingJson object at 0x0000024611643530>, <snowplow_tracker.self_describing_json.SelfDescribingJson object at 0x00000246108A8FE0>]}


============================== 19:04:54.730909 | 8c343e58-dd35-4790-b9dd-e0c59fdc1784 ==============================
[0m19:04:54.730909 [info ] [MainThread]: Running with dbt=1.8.8
[0m19:04:54.730909 [debug] [MainThread]: running dbt with arguments {'printer_width': '80', 'indirect_selection': 'eager', 'log_cache_events': 'False', 'write_json': 'True', 'partial_parse': 'True', 'cache_selected_only': 'False', 'profiles_dir': 'C:\\Users\\gsuji\\Downloads\\Data-Quality-Testing-Framework\\dbt_project', 'version_check': 'True', 'warn_error': 'None', 'log_path': 'C:\\Users\\gsuji\\Downloads\\Data-Quality-Testing-Framework\\dbt_project\\logs', 'debug': 'False', 'fail_fast': 'False', 'use_colors': 'True', 'use_experimental_parser': 'False', 'no_print': 'None', 'quiet': 'False', 'empty': 'None', 'warn_error_options': 'WarnErrorOptions(include=[], exclude=[])', 'static_parser': 'True', 'log_format': 'default', 'invocation_command': 'dbt test --select stg_orders --project-dir C:\\Users\\gsuji\\Downloads\\Data-Quality-Testing-Framework\\dbt_project --profiles-dir C:\\Users\\gsuji\\Downloads\\Data-Quality-Testing-Framework\\dbt_project', 'target_path': 'None', 'introspect': 'True', 'send_anonymous_usage_stats': 'True'}
[0m19:04:54.871583 [debug] [MainThread]: Sending event: {'category': 'dbt', 'action': 'project_id', 'label': '8c343e58-dd35-4790-b9dd-e0c59fdc1784', 'context': [<snowplow_tracker.self_describing_json.SelfDescribingJson object at 0x0000024615479B50>]}
[0m19:04:54.916377 [debug] [MainThread]: Sending event: {'category': 'dbt', 'action': 'adapter_info', 'label': '8c343e58-dd35-4790-b9dd-e0c59fdc1784', 'context': [<snowplow_tracker.self_describing_json.SelfDescribingJson object at 0x0000024613CCEF90>]}
[0m19:04:54.916377 [info ] [MainThread]: Registered adapter: postgres=1.8.2
[0m19:04:54.918826 [debug] [MainThread]: checksum: ec53e341a936509427e16df1c646386a84befec52c1957e3f4359fbc36fc93f5, vars: {}, profile: , target: , version: 1.8.8
[0m19:04:55.118185 [debug] [MainThread]: Partial parsing enabled: 0 files deleted, 0 files added, 0 files changed.
[0m19:04:55.118185 [debug] [MainThread]: Partial parsing enabled, no changes found, skipping parsing
[0m19:04:55.148592 [debug] [MainThread]: Sending event: {'category': 'dbt', 'action': 'load_project', 'label': '8c343e58-dd35-4790-b9dd-e0c59fdc1784', 'context': [<snowplow_tracker.self_describing_json.SelfDescribingJson object at 0x0000024615515010>]}
[0m19:04:55.234983 [debug] [MainThread]: Sending event: {'category': 'dbt', 'action': 'resource_counts', 'label': '8c343e58-dd35-4790-b9dd-e0c59fdc1784', 'context': [<snowplow_tracker.self_describing_json.SelfDescribingJson object at 0x00000246158BDBE0>]}
[0m19:04:55.234983 [info ] [MainThread]: Found 2 models, 14 data tests, 424 macros
[0m19:04:55.234983 [debug] [MainThread]: Sending event: {'category': 'dbt', 'action': 'runnable_timing', 'label': '8c343e58-dd35-4790-b9dd-e0c59fdc1784', 'context': [<snowplow_tracker.self_describing_json.SelfDescribingJson object at 0x00000246154490A0>]}
[0m19:04:55.234983 [info ] [MainThread]: 
[0m19:04:55.234983 [debug] [MainThread]: Acquiring new postgres connection 'master'
[0m19:04:55.239824 [debug] [ThreadPool]: Acquiring new postgres connection 'list_dq_db_analytics_staging'
[0m19:04:55.280221 [debug] [ThreadPool]: Using postgres connection "list_dq_db_analytics_staging"
[0m19:04:55.280221 [debug] [ThreadPool]: On list_dq_db_analytics_staging: BEGIN
[0m19:04:55.282231 [debug] [ThreadPool]: Opening a new connection, currently in state init
[0m19:04:55.310063 [debug] [ThreadPool]: SQL status: BEGIN in 0.030 seconds
[0m19:04:55.310063 [debug] [ThreadPool]: Using postgres connection "list_dq_db_analytics_staging"
[0m19:04:55.310063 [debug] [ThreadPool]: On list_dq_db_analytics_staging: /* {"app": "dbt", "dbt_version": "1.8.8", "profile_name": "dq_project", "target_name": "dev", "connection_name": "list_dq_db_analytics_staging"} */
select
      'dq_db' as database,
      tablename as name,
      schemaname as schema,
      'table' as type
    from pg_tables
    where schemaname ilike 'analytics_staging'
    union all
    select
      'dq_db' as database,
      viewname as name,
      schemaname as schema,
      'view' as type
    from pg_views
    where schemaname ilike 'analytics_staging'
    union all
    select
      'dq_db' as database,
      matviewname as name,
      schemaname as schema,
      'materialized_view' as type
    from pg_matviews
    where schemaname ilike 'analytics_staging'
  
[0m19:04:55.315116 [debug] [ThreadPool]: SQL status: SELECT 2 in 0.002 seconds
[0m19:04:55.315116 [debug] [ThreadPool]: On list_dq_db_analytics_staging: ROLLBACK
[0m19:04:55.316811 [debug] [ThreadPool]: On list_dq_db_analytics_staging: Close
[0m19:04:55.320057 [debug] [MainThread]: Using postgres connection "master"
[0m19:04:55.320057 [debug] [MainThread]: On master: BEGIN
[0m19:04:55.320057 [debug] [MainThread]: Opening a new connection, currently in state init
[0m19:04:55.338210 [debug] [MainThread]: SQL status: BEGIN in 0.021 seconds
[0m19:04:55.338210 [debug] [MainThread]: Using postgres connection "master"
[0m19:04:55.338210 [debug] [MainThread]: On master: /* {"app": "dbt", "dbt_version": "1.8.8", "profile_name": "dq_project", "target_name": "dev", "connection_name": "master"} */
with relation as (
        select
            pg_rewrite.ev_class as class,
            pg_rewrite.oid as id
        from pg_rewrite
    ),
    class as (
        select
            oid as id,
            relname as name,
            relnamespace as schema,
            relkind as kind
        from pg_class
    ),
    dependency as (
        select distinct
            pg_depend.objid as id,
            pg_depend.refobjid as ref
        from pg_depend
    ),
    schema as (
        select
            pg_namespace.oid as id,
            pg_namespace.nspname as name
        from pg_namespace
        where nspname != 'information_schema' and nspname not like 'pg\_%'
    ),
    referenced as (
        select
            relation.id AS id,
            referenced_class.name ,
            referenced_class.schema ,
            referenced_class.kind
        from relation
        join class as referenced_class on relation.class=referenced_class.id
        where referenced_class.kind in ('r', 'v', 'm')
    ),
    relationships as (
        select
            referenced.name as referenced_name,
            referenced.schema as referenced_schema_id,
            dependent_class.name as dependent_name,
            dependent_class.schema as dependent_schema_id,
            referenced.kind as kind
        from referenced
        join dependency on referenced.id=dependency.id
        join class as dependent_class on dependency.ref=dependent_class.id
        where
            (referenced.name != dependent_class.name or
             referenced.schema != dependent_class.schema)
    )

    select
        referenced_schema.name as referenced_schema,
        relationships.referenced_name as referenced_name,
        dependent_schema.name as dependent_schema,
        relationships.dependent_name as dependent_name
    from relationships
    join schema as dependent_schema on relationships.dependent_schema_id=dependent_schema.id
    join schema as referenced_schema on relationships.referenced_schema_id=referenced_schema.id
    group by referenced_schema, referenced_name, dependent_schema, dependent_name
    order by referenced_schema, referenced_name, dependent_schema, dependent_name;
[0m19:04:55.346028 [debug] [MainThread]: SQL status: SELECT 2 in 0.003 seconds
[0m19:04:55.346028 [debug] [MainThread]: Sending event: {'category': 'dbt', 'action': 'runnable_timing', 'label': '8c343e58-dd35-4790-b9dd-e0c59fdc1784', 'context': [<snowplow_tracker.self_describing_json.SelfDescribingJson object at 0x00000246154FD7F0>]}
[0m19:04:55.348034 [debug] [MainThread]: On master: ROLLBACK
[0m19:04:55.348034 [debug] [MainThread]: Using postgres connection "master"
[0m19:04:55.348034 [debug] [MainThread]: On master: BEGIN
[0m19:04:55.348034 [debug] [MainThread]: SQL status: BEGIN in 0.001 seconds
[0m19:04:55.348034 [debug] [MainThread]: On master: COMMIT
[0m19:04:55.348034 [debug] [MainThread]: Using postgres connection "master"
[0m19:04:55.348034 [debug] [MainThread]: On master: COMMIT
[0m19:04:55.351235 [debug] [MainThread]: SQL status: COMMIT in 0.001 seconds
[0m19:04:55.351235 [debug] [MainThread]: On master: Close
[0m19:04:55.351235 [info ] [MainThread]: Concurrency: 4 threads (target='dev')
[0m19:04:55.351235 [info ] [MainThread]: 
[0m19:04:55.351235 [debug] [Thread-1 (]: Began running node test.dq_project.accepted_values_stg_orders_status__placed__shipped__delivered__cancelled__returned.c02af3e6b1
[0m19:04:55.351235 [debug] [Thread-2 (]: Began running node test.dq_project.assert_no_negative_order_amounts
[0m19:04:55.351235 [info ] [Thread-1 (]: 1 of 8 START test accepted_values_stg_orders_status__placed__shipped__delivered__cancelled__returned  [RUN]
[0m19:04:55.356156 [debug] [Thread-3 (]: Began running node test.dq_project.not_null_stg_orders_amount.2546645448
[0m19:04:55.356156 [info ] [Thread-2 (]: 2 of 8 START test assert_no_negative_order_amounts ............................. [RUN]
[0m19:04:55.356156 [debug] [Thread-1 (]: Acquiring new postgres connection 'test.dq_project.accepted_values_stg_orders_status__placed__shipped__delivered__cancelled__returned.c02af3e6b1'
[0m19:04:55.356156 [debug] [Thread-4 (]: Began running node test.dq_project.not_null_stg_orders_customer_id.af79d5e4b5
[0m19:04:55.356156 [info ] [Thread-3 (]: 3 of 8 START test not_null_stg_orders_amount ................................... [RUN]
[0m19:04:55.356156 [debug] [Thread-2 (]: Acquiring new postgres connection 'test.dq_project.assert_no_negative_order_amounts'
[0m19:04:55.358161 [debug] [Thread-1 (]: Began compiling node test.dq_project.accepted_values_stg_orders_status__placed__shipped__delivered__cancelled__returned.c02af3e6b1
[0m19:04:55.358161 [info ] [Thread-4 (]: 4 of 8 START test not_null_stg_orders_customer_id .............................. [RUN]
[0m19:04:55.358161 [debug] [Thread-3 (]: Acquiring new postgres connection 'test.dq_project.not_null_stg_orders_amount.2546645448'
[0m19:04:55.358161 [debug] [Thread-2 (]: Began compiling node test.dq_project.assert_no_negative_order_amounts
[0m19:04:55.368206 [debug] [Thread-1 (]: Writing injected SQL for node "test.dq_project.accepted_values_stg_orders_status__placed__shipped__delivered__cancelled__returned.c02af3e6b1"
[0m19:04:55.368206 [debug] [Thread-4 (]: Acquiring new postgres connection 'test.dq_project.not_null_stg_orders_customer_id.af79d5e4b5'
[0m19:04:55.368206 [debug] [Thread-3 (]: Began compiling node test.dq_project.not_null_stg_orders_amount.2546645448
[0m19:04:55.375166 [debug] [Thread-2 (]: Writing injected SQL for node "test.dq_project.assert_no_negative_order_amounts"
[0m19:04:55.375166 [debug] [Thread-4 (]: Began compiling node test.dq_project.not_null_stg_orders_customer_id.af79d5e4b5
[0m19:04:55.378180 [debug] [Thread-3 (]: Writing injected SQL for node "test.dq_project.not_null_stg_orders_amount.2546645448"
[0m19:04:55.378180 [debug] [Thread-1 (]: Began executing node test.dq_project.accepted_values_stg_orders_status__placed__shipped__delivered__cancelled__returned.c02af3e6b1
[0m19:04:55.378180 [debug] [Thread-4 (]: Writing injected SQL for node "test.dq_project.not_null_stg_orders_customer_id.af79d5e4b5"
[0m19:04:55.386898 [debug] [Thread-2 (]: Began executing node test.dq_project.assert_no_negative_order_amounts
[0m19:04:55.394855 [debug] [Thread-1 (]: Writing runtime sql for node "test.dq_project.accepted_values_stg_orders_status__placed__shipped__delivered__cancelled__returned.c02af3e6b1"
[0m19:04:55.396361 [debug] [Thread-2 (]: Writing runtime sql for node "test.dq_project.assert_no_negative_order_amounts"
[0m19:04:55.397867 [debug] [Thread-3 (]: Began executing node test.dq_project.not_null_stg_orders_amount.2546645448
[0m19:04:55.399872 [debug] [Thread-3 (]: Writing runtime sql for node "test.dq_project.not_null_stg_orders_amount.2546645448"
[0m19:04:55.400563 [debug] [Thread-4 (]: Began executing node test.dq_project.not_null_stg_orders_customer_id.af79d5e4b5
[0m19:04:55.400563 [debug] [Thread-2 (]: Using postgres connection "test.dq_project.assert_no_negative_order_amounts"
[0m19:04:55.400563 [debug] [Thread-1 (]: Using postgres connection "test.dq_project.accepted_values_stg_orders_status__placed__shipped__delivered__cancelled__returned.c02af3e6b1"
[0m19:04:55.400563 [debug] [Thread-4 (]: Writing runtime sql for node "test.dq_project.not_null_stg_orders_customer_id.af79d5e4b5"
[0m19:04:55.400563 [debug] [Thread-2 (]: On test.dq_project.assert_no_negative_order_amounts: BEGIN
[0m19:04:55.400563 [debug] [Thread-1 (]: On test.dq_project.accepted_values_stg_orders_status__placed__shipped__delivered__cancelled__returned.c02af3e6b1: BEGIN
[0m19:04:55.400563 [debug] [Thread-3 (]: Using postgres connection "test.dq_project.not_null_stg_orders_amount.2546645448"
[0m19:04:55.400563 [debug] [Thread-2 (]: Opening a new connection, currently in state init
[0m19:04:55.400563 [debug] [Thread-1 (]: Opening a new connection, currently in state init
[0m19:04:55.400563 [debug] [Thread-3 (]: On test.dq_project.not_null_stg_orders_amount.2546645448: BEGIN
[0m19:04:55.400563 [debug] [Thread-4 (]: Using postgres connection "test.dq_project.not_null_stg_orders_customer_id.af79d5e4b5"
[0m19:04:55.400563 [debug] [Thread-3 (]: Opening a new connection, currently in state init
[0m19:04:55.400563 [debug] [Thread-4 (]: On test.dq_project.not_null_stg_orders_customer_id.af79d5e4b5: BEGIN
[0m19:04:55.400563 [debug] [Thread-4 (]: Opening a new connection, currently in state init
[0m19:04:55.422250 [debug] [Thread-2 (]: SQL status: BEGIN in 0.018 seconds
[0m19:04:55.422250 [debug] [Thread-2 (]: Using postgres connection "test.dq_project.assert_no_negative_order_amounts"
[0m19:04:55.422250 [debug] [Thread-2 (]: On test.dq_project.assert_no_negative_order_amounts: /* {"app": "dbt", "dbt_version": "1.8.8", "profile_name": "dq_project", "target_name": "dev", "node_id": "test.dq_project.assert_no_negative_order_amounts"} */
select
      count(*) as failures,
      count(*) != 0 as should_warn,
      count(*) != 0 as should_error
    from (
      -- Singular test: fails (returns rows) if any order has a negative amount.
-- dbt tests "pass" when the query returns zero rows.

select order_id, amount
from "dq_db"."analytics_staging"."stg_orders"
where amount < 0
      
    ) dbt_internal_test
[0m19:04:55.424634 [debug] [Thread-1 (]: SQL status: BEGIN in 0.020 seconds
[0m19:04:55.424634 [debug] [Thread-1 (]: Using postgres connection "test.dq_project.accepted_values_stg_orders_status__placed__shipped__delivered__cancelled__returned.c02af3e6b1"
[0m19:04:55.424634 [debug] [Thread-1 (]: On test.dq_project.accepted_values_stg_orders_status__placed__shipped__delivered__cancelled__returned.c02af3e6b1: /* {"app": "dbt", "dbt_version": "1.8.8", "profile_name": "dq_project", "target_name": "dev", "node_id": "test.dq_project.accepted_values_stg_orders_status__placed__shipped__delivered__cancelled__returned.c02af3e6b1"} */
select
      count(*) as failures,
      count(*) != 0 as should_warn,
      count(*) != 0 as should_error
    from (
      
    
    

with all_values as (

    select
        status as value_field,
        count(*) as n_records

    from "dq_db"."analytics_staging"."stg_orders"
    group by status

)

select *
from all_values
where value_field not in (
    'placed','shipped','delivered','cancelled','returned'
)



      
    ) dbt_internal_test
[0m19:04:55.424634 [debug] [Thread-2 (]: SQL status: SELECT 1 in 0.002 seconds
[0m19:04:55.424634 [debug] [Thread-4 (]: SQL status: BEGIN in 0.020 seconds
[0m19:04:55.429478 [debug] [Thread-2 (]: On test.dq_project.assert_no_negative_order_amounts: ROLLBACK
[0m19:04:55.429478 [debug] [Thread-3 (]: SQL status: BEGIN in 0.024 seconds
[0m19:04:55.429478 [debug] [Thread-1 (]: SQL status: SELECT 1 in 0.004 seconds
[0m19:04:55.429478 [debug] [Thread-4 (]: Using postgres connection "test.dq_project.not_null_stg_orders_customer_id.af79d5e4b5"
[0m19:04:55.429478 [debug] [Thread-3 (]: Using postgres connection "test.dq_project.not_null_stg_orders_amount.2546645448"
[0m19:04:55.429478 [debug] [Thread-1 (]: On test.dq_project.accepted_values_stg_orders_status__placed__shipped__delivered__cancelled__returned.c02af3e6b1: ROLLBACK
[0m19:04:55.429478 [debug] [Thread-2 (]: On test.dq_project.assert_no_negative_order_amounts: Close
[0m19:04:55.429478 [debug] [Thread-4 (]: On test.dq_project.not_null_stg_orders_customer_id.af79d5e4b5: /* {"app": "dbt", "dbt_version": "1.8.8", "profile_name": "dq_project", "target_name": "dev", "node_id": "test.dq_project.not_null_stg_orders_customer_id.af79d5e4b5"} */
select
      count(*) as failures,
      count(*) != 0 as should_warn,
      count(*) != 0 as should_error
    from (
      
    
    



select customer_id
from "dq_db"."analytics_staging"."stg_orders"
where customer_id is null



      
    ) dbt_internal_test
[0m19:04:55.429478 [debug] [Thread-3 (]: On test.dq_project.not_null_stg_orders_amount.2546645448: /* {"app": "dbt", "dbt_version": "1.8.8", "profile_name": "dq_project", "target_name": "dev", "node_id": "test.dq_project.not_null_stg_orders_amount.2546645448"} */
select
      count(*) as failures,
      count(*) != 0 as should_warn,
      count(*) != 0 as should_error
    from (
      
    
    



select amount
from "dq_db"."analytics_staging"."stg_orders"
where amount is null



      
    ) dbt_internal_test
[0m19:04:55.433357 [info ] [Thread-2 (]: 2 of 8 PASS assert_no_negative_order_amounts ................................... [[32mPASS[0m in 0.08s]
[0m19:04:55.435403 [debug] [Thread-2 (]: Finished running node test.dq_project.assert_no_negative_order_amounts
[0m19:04:55.436893 [debug] [Thread-4 (]: SQL status: SELECT 1 in 0.003 seconds
[0m19:04:55.436893 [debug] [Thread-1 (]: On test.dq_project.accepted_values_stg_orders_status__placed__shipped__delivered__cancelled__returned.c02af3e6b1: Close
[0m19:04:55.437900 [debug] [Thread-3 (]: SQL status: SELECT 1 in 0.003 seconds
[0m19:04:55.437900 [debug] [Thread-2 (]: Began running node test.dq_project.not_null_stg_orders_order_id.81cfe2fe64
[0m19:04:55.437900 [debug] [Thread-4 (]: On test.dq_project.not_null_stg_orders_customer_id.af79d5e4b5: ROLLBACK
[0m19:04:55.439926 [debug] [Thread-3 (]: On test.dq_project.not_null_stg_orders_amount.2546645448: ROLLBACK
[0m19:04:55.439926 [info ] [Thread-1 (]: 1 of 8 PASS accepted_values_stg_orders_status__placed__shipped__delivered__cancelled__returned  [[32mPASS[0m in 0.08s]
[0m19:04:55.441929 [info ] [Thread-2 (]: 5 of 8 START test not_null_stg_orders_order_id ................................. [RUN]
[0m19:04:55.441929 [debug] [Thread-1 (]: Finished running node test.dq_project.accepted_values_stg_orders_status__placed__shipped__delivered__cancelled__returned.c02af3e6b1
[0m19:04:55.441929 [debug] [Thread-3 (]: On test.dq_project.not_null_stg_orders_amount.2546645448: Close
[0m19:04:55.441929 [debug] [Thread-2 (]: Re-using an available connection from the pool (formerly test.dq_project.assert_no_negative_order_amounts, now test.dq_project.not_null_stg_orders_order_id.81cfe2fe64)
[0m19:04:55.441929 [debug] [Thread-4 (]: On test.dq_project.not_null_stg_orders_customer_id.af79d5e4b5: Close
[0m19:04:55.441929 [debug] [Thread-1 (]: Began running node test.dq_project.not_null_stg_orders_status.2b01eecbd6
[0m19:04:55.441929 [debug] [Thread-2 (]: Began compiling node test.dq_project.not_null_stg_orders_order_id.81cfe2fe64
[0m19:04:55.441929 [info ] [Thread-3 (]: 3 of 8 PASS not_null_stg_orders_amount ......................................... [[32mPASS[0m in 0.08s]
[0m19:04:55.441929 [info ] [Thread-1 (]: 6 of 8 START test not_null_stg_orders_status ................................... [RUN]
[0m19:04:55.441929 [info ] [Thread-4 (]: 4 of 8 PASS not_null_stg_orders_customer_id .................................... [[32mPASS[0m in 0.07s]
[0m19:04:55.448379 [debug] [Thread-2 (]: Writing injected SQL for node "test.dq_project.not_null_stg_orders_order_id.81cfe2fe64"
[0m19:04:55.449434 [debug] [Thread-3 (]: Finished running node test.dq_project.not_null_stg_orders_amount.2546645448
[0m19:04:55.449434 [debug] [Thread-1 (]: Re-using an available connection from the pool (formerly test.dq_project.accepted_values_stg_orders_status__placed__shipped__delivered__cancelled__returned.c02af3e6b1, now test.dq_project.not_null_stg_orders_status.2b01eecbd6)
[0m19:04:55.449434 [debug] [Thread-4 (]: Finished running node test.dq_project.not_null_stg_orders_customer_id.af79d5e4b5
[0m19:04:55.449434 [debug] [Thread-3 (]: Began running node test.dq_project.relationships_stg_orders_customer_id__customer_id__ref_stg_customers_.430bf21500
[0m19:04:55.449434 [debug] [Thread-1 (]: Began compiling node test.dq_project.not_null_stg_orders_status.2b01eecbd6
[0m19:04:55.449434 [debug] [Thread-4 (]: Began running node test.dq_project.unique_stg_orders_order_id.e3b841c71a
[0m19:04:55.449434 [info ] [Thread-3 (]: 7 of 8 START test relationships_stg_orders_customer_id__customer_id__ref_stg_customers_  [RUN]
[0m19:04:55.449434 [debug] [Thread-1 (]: Writing injected SQL for node "test.dq_project.not_null_stg_orders_status.2b01eecbd6"
[0m19:04:55.449434 [debug] [Thread-2 (]: Began executing node test.dq_project.not_null_stg_orders_order_id.81cfe2fe64
[0m19:04:55.449434 [info ] [Thread-4 (]: 8 of 8 START test unique_stg_orders_order_id ................................... [RUN]
[0m19:04:55.449434 [debug] [Thread-3 (]: Re-using an available connection from the pool (formerly test.dq_project.not_null_stg_orders_amount.2546645448, now test.dq_project.relationships_stg_orders_customer_id__customer_id__ref_stg_customers_.430bf21500)
[0m19:04:55.458156 [debug] [Thread-2 (]: Writing runtime sql for node "test.dq_project.not_null_stg_orders_order_id.81cfe2fe64"
[0m19:04:55.458156 [debug] [Thread-4 (]: Re-using an available connection from the pool (formerly test.dq_project.not_null_stg_orders_customer_id.af79d5e4b5, now test.dq_project.unique_stg_orders_order_id.e3b841c71a)
[0m19:04:55.458156 [debug] [Thread-3 (]: Began compiling node test.dq_project.relationships_stg_orders_customer_id__customer_id__ref_stg_customers_.430bf21500
[0m19:04:55.460219 [debug] [Thread-4 (]: Began compiling node test.dq_project.unique_stg_orders_order_id.e3b841c71a
[0m19:04:55.460219 [debug] [Thread-1 (]: Began executing node test.dq_project.not_null_stg_orders_status.2b01eecbd6
[0m19:04:55.464744 [debug] [Thread-3 (]: Writing injected SQL for node "test.dq_project.relationships_stg_orders_customer_id__customer_id__ref_stg_customers_.430bf21500"
[0m19:04:55.469659 [debug] [Thread-4 (]: Writing injected SQL for node "test.dq_project.unique_stg_orders_order_id.e3b841c71a"
[0m19:04:55.469659 [debug] [Thread-1 (]: Writing runtime sql for node "test.dq_project.not_null_stg_orders_status.2b01eecbd6"
[0m19:04:55.469659 [debug] [Thread-2 (]: Using postgres connection "test.dq_project.not_null_stg_orders_order_id.81cfe2fe64"
[0m19:04:55.469659 [debug] [Thread-2 (]: On test.dq_project.not_null_stg_orders_order_id.81cfe2fe64: BEGIN
[0m19:04:55.469659 [debug] [Thread-2 (]: Opening a new connection, currently in state closed
[0m19:04:55.476385 [debug] [Thread-1 (]: Using postgres connection "test.dq_project.not_null_stg_orders_status.2b01eecbd6"
[0m19:04:55.476385 [debug] [Thread-1 (]: On test.dq_project.not_null_stg_orders_status.2b01eecbd6: BEGIN
[0m19:04:55.476385 [debug] [Thread-1 (]: Opening a new connection, currently in state closed
[0m19:04:55.476385 [debug] [Thread-4 (]: Began executing node test.dq_project.unique_stg_orders_order_id.e3b841c71a
[0m19:04:55.477892 [debug] [Thread-3 (]: Began executing node test.dq_project.relationships_stg_orders_customer_id__customer_id__ref_stg_customers_.430bf21500
[0m19:04:55.480379 [debug] [Thread-4 (]: Writing runtime sql for node "test.dq_project.unique_stg_orders_order_id.e3b841c71a"
[0m19:04:55.480379 [debug] [Thread-3 (]: Writing runtime sql for node "test.dq_project.relationships_stg_orders_customer_id__customer_id__ref_stg_customers_.430bf21500"
[0m19:04:55.480379 [debug] [Thread-3 (]: Using postgres connection "test.dq_project.relationships_stg_orders_customer_id__customer_id__ref_stg_customers_.430bf21500"
[0m19:04:55.480379 [debug] [Thread-4 (]: Using postgres connection "test.dq_project.unique_stg_orders_order_id.e3b841c71a"
[0m19:04:55.480379 [debug] [Thread-3 (]: On test.dq_project.relationships_stg_orders_customer_id__customer_id__ref_stg_customers_.430bf21500: BEGIN
[0m19:04:55.480379 [debug] [Thread-4 (]: On test.dq_project.unique_stg_orders_order_id.e3b841c71a: BEGIN
[0m19:04:55.480379 [debug] [Thread-3 (]: Opening a new connection, currently in state closed
[0m19:04:55.480379 [debug] [Thread-4 (]: Opening a new connection, currently in state closed
[0m19:04:55.497957 [debug] [Thread-1 (]: SQL status: BEGIN in 0.021 seconds
[0m19:04:55.497957 [debug] [Thread-1 (]: Using postgres connection "test.dq_project.not_null_stg_orders_status.2b01eecbd6"
[0m19:04:55.497957 [debug] [Thread-1 (]: On test.dq_project.not_null_stg_orders_status.2b01eecbd6: /* {"app": "dbt", "dbt_version": "1.8.8", "profile_name": "dq_project", "target_name": "dev", "node_id": "test.dq_project.not_null_stg_orders_status.2b01eecbd6"} */
select
      count(*) as failures,
      count(*) != 0 as should_warn,
      count(*) != 0 as should_error
    from (
      
    
    



select status
from "dq_db"."analytics_staging"."stg_orders"
where status is null



      
    ) dbt_internal_test
[0m19:04:55.502940 [debug] [Thread-1 (]: SQL status: SELECT 1 in 0.002 seconds
[0m19:04:55.502940 [debug] [Thread-1 (]: On test.dq_project.not_null_stg_orders_status.2b01eecbd6: ROLLBACK
[0m19:04:55.505368 [debug] [Thread-1 (]: On test.dq_project.not_null_stg_orders_status.2b01eecbd6: Close
[0m19:04:55.506776 [info ] [Thread-1 (]: 6 of 8 PASS not_null_stg_orders_status ......................................... [[32mPASS[0m in 0.06s]
[0m19:04:55.506776 [debug] [Thread-3 (]: SQL status: BEGIN in 0.020 seconds
[0m19:04:55.508282 [debug] [Thread-1 (]: Finished running node test.dq_project.not_null_stg_orders_status.2b01eecbd6
[0m19:04:55.510311 [debug] [Thread-4 (]: SQL status: BEGIN in 0.022 seconds
[0m19:04:55.510311 [debug] [Thread-3 (]: Using postgres connection "test.dq_project.relationships_stg_orders_customer_id__customer_id__ref_stg_customers_.430bf21500"
[0m19:04:55.510311 [debug] [Thread-2 (]: SQL status: BEGIN in 0.035 seconds
[0m19:04:55.510311 [debug] [Thread-4 (]: Using postgres connection "test.dq_project.unique_stg_orders_order_id.e3b841c71a"
[0m19:04:55.512314 [debug] [Thread-3 (]: On test.dq_project.relationships_stg_orders_customer_id__customer_id__ref_stg_customers_.430bf21500: /* {"app": "dbt", "dbt_version": "1.8.8", "profile_name": "dq_project", "target_name": "dev", "node_id": "test.dq_project.relationships_stg_orders_customer_id__customer_id__ref_stg_customers_.430bf21500"} */
select
      count(*) as failures,
      count(*) != 0 as should_warn,
      count(*) != 0 as should_error
    from (
      
    
    

with child as (
    select customer_id as from_field
    from "dq_db"."analytics_staging"."stg_orders"
    where customer_id is not null
),

parent as (
    select customer_id as to_field
    from "dq_db"."analytics_staging"."stg_customers"
)

select
    from_field

from child
left join parent
    on child.from_field = parent.to_field

where parent.to_field is null



      
    ) dbt_internal_test
[0m19:04:55.512314 [debug] [Thread-2 (]: Using postgres connection "test.dq_project.not_null_stg_orders_order_id.81cfe2fe64"
[0m19:04:55.512314 [debug] [Thread-4 (]: On test.dq_project.unique_stg_orders_order_id.e3b841c71a: /* {"app": "dbt", "dbt_version": "1.8.8", "profile_name": "dq_project", "target_name": "dev", "node_id": "test.dq_project.unique_stg_orders_order_id.e3b841c71a"} */
select
      count(*) as failures,
      count(*) != 0 as should_warn,
      count(*) != 0 as should_error
    from (
      
    
    

select
    order_id as unique_field,
    count(*) as n_records

from "dq_db"."analytics_staging"."stg_orders"
where order_id is not null
group by order_id
having count(*) > 1



      
    ) dbt_internal_test
[0m19:04:55.512314 [debug] [Thread-2 (]: On test.dq_project.not_null_stg_orders_order_id.81cfe2fe64: /* {"app": "dbt", "dbt_version": "1.8.8", "profile_name": "dq_project", "target_name": "dev", "node_id": "test.dq_project.not_null_stg_orders_order_id.81cfe2fe64"} */
select
      count(*) as failures,
      count(*) != 0 as should_warn,
      count(*) != 0 as should_error
    from (
      
    
    



select order_id
from "dq_db"."analytics_staging"."stg_orders"
where order_id is null



      
    ) dbt_internal_test
[0m19:04:55.512314 [debug] [Thread-3 (]: SQL status: SELECT 1 in 0.002 seconds
[0m19:04:55.512314 [debug] [Thread-3 (]: On test.dq_project.relationships_stg_orders_customer_id__customer_id__ref_stg_customers_.430bf21500: ROLLBACK
[0m19:04:55.512314 [debug] [Thread-2 (]: SQL status: SELECT 1 in 0.003 seconds
[0m19:04:55.512314 [debug] [Thread-2 (]: On test.dq_project.not_null_stg_orders_order_id.81cfe2fe64: ROLLBACK
[0m19:04:55.512314 [debug] [Thread-4 (]: SQL status: SELECT 1 in 0.006 seconds
[0m19:04:55.512314 [debug] [Thread-3 (]: On test.dq_project.relationships_stg_orders_customer_id__customer_id__ref_stg_customers_.430bf21500: Close
[0m19:04:55.512314 [debug] [Thread-4 (]: On test.dq_project.unique_stg_orders_order_id.e3b841c71a: ROLLBACK
[0m19:04:55.521423 [debug] [Thread-2 (]: On test.dq_project.not_null_stg_orders_order_id.81cfe2fe64: Close
[0m19:04:55.521423 [debug] [Thread-4 (]: On test.dq_project.unique_stg_orders_order_id.e3b841c71a: Close
[0m19:04:55.521423 [info ] [Thread-3 (]: 7 of 8 PASS relationships_stg_orders_customer_id__customer_id__ref_stg_customers_  [[32mPASS[0m in 0.07s]
[0m19:04:55.523240 [info ] [Thread-2 (]: 5 of 8 PASS not_null_stg_orders_order_id ....................................... [[32mPASS[0m in 0.08s]
[0m19:04:55.525245 [info ] [Thread-4 (]: 8 of 8 PASS unique_stg_orders_order_id ......................................... [[32mPASS[0m in 0.07s]
[0m19:04:55.526642 [debug] [Thread-3 (]: Finished running node test.dq_project.relationships_stg_orders_customer_id__customer_id__ref_stg_customers_.430bf21500
[0m19:04:55.528147 [debug] [Thread-2 (]: Finished running node test.dq_project.not_null_stg_orders_order_id.81cfe2fe64
[0m19:04:55.528147 [debug] [Thread-4 (]: Finished running node test.dq_project.unique_stg_orders_order_id.e3b841c71a
[0m19:04:55.528938 [debug] [MainThread]: Using postgres connection "master"
[0m19:04:55.528938 [debug] [MainThread]: On master: BEGIN
[0m19:04:55.528938 [debug] [MainThread]: Opening a new connection, currently in state closed
[0m19:04:55.550218 [debug] [MainThread]: SQL status: BEGIN in 0.021 seconds
[0m19:04:55.550218 [debug] [MainThread]: On master: COMMIT
[0m19:04:55.550218 [debug] [MainThread]: Using postgres connection "master"
[0m19:04:55.550218 [debug] [MainThread]: On master: COMMIT
[0m19:04:55.550218 [debug] [MainThread]: SQL status: COMMIT in 0.000 seconds
[0m19:04:55.550218 [debug] [MainThread]: On master: Close
[0m19:04:55.550218 [debug] [MainThread]: Connection 'master' was properly closed.
[0m19:04:55.550218 [debug] [MainThread]: Connection 'list_dq_db_analytics_staging' was properly closed.
[0m19:04:55.550218 [debug] [MainThread]: Connection 'test.dq_project.not_null_stg_orders_status.2b01eecbd6' was properly closed.
[0m19:04:55.550218 [debug] [MainThread]: Connection 'test.dq_project.not_null_stg_orders_order_id.81cfe2fe64' was properly closed.
[0m19:04:55.550218 [debug] [MainThread]: Connection 'test.dq_project.relationships_stg_orders_customer_id__customer_id__ref_stg_customers_.430bf21500' was properly closed.
[0m19:04:55.550218 [debug] [MainThread]: Connection 'test.dq_project.unique_stg_orders_order_id.e3b841c71a' was properly closed.
[0m19:04:55.550218 [info ] [MainThread]: 
[0m19:04:55.550218 [info ] [MainThread]: Finished running 8 data tests in 0 hours 0 minutes and 0.32 seconds (0.32s).
[0m19:04:55.550218 [debug] [MainThread]: Command end result
[0m19:04:55.646035 [info ] [MainThread]: 
[0m19:04:55.648042 [info ] [MainThread]: [32mCompleted successfully[0m
[0m19:04:55.648042 [info ] [MainThread]: 
[0m19:04:55.648042 [info ] [MainThread]: Done. PASS=8 WARN=0 ERROR=0 SKIP=0 TOTAL=8
[0m19:04:55.648042 [debug] [MainThread]: Command `dbt test` succeeded at 19:04:55.648042 after 1.13 seconds
[0m19:04:55.648042 [debug] [MainThread]: Sending event: {'category': 'dbt', 'action': 'invocation', 'label': 'end', 'context': [<snowplow_tracker.self_describing_json.SelfDescribingJson object at 0x0000024613958C80>, <snowplow_tracker.self_describing_json.SelfDescribingJson object at 0x000002461123C920>, <snowplow_tracker.self_describing_json.SelfDescribingJson object at 0x0000024612C3BF50>]}
[0m19:04:55.648042 [debug] [MainThread]: Flushing usage events
[0m19:07:01.642600 [debug] [MainThread]: Sending event: {'category': 'dbt', 'action': 'invocation', 'label': 'start', 'context': [<snowplow_tracker.self_describing_json.SelfDescribingJson object at 0x0000024B22C8CEC0>, <snowplow_tracker.self_describing_json.SelfDescribingJson object at 0x0000024B22C8EE70>, <snowplow_tracker.self_describing_json.SelfDescribingJson object at 0x0000024B22C8EBA0>]}


============================== 19:07:01.642600 | 3daeecda-4f15-4d7c-ae8c-627df2c711b8 ==============================
[0m19:07:01.642600 [info ] [MainThread]: Running with dbt=1.8.8
[0m19:07:01.646248 [debug] [MainThread]: running dbt with arguments {'printer_width': '80', 'indirect_selection': 'eager', 'log_cache_events': 'False', 'write_json': 'True', 'partial_parse': 'True', 'cache_selected_only': 'False', 'profiles_dir': 'C:\\Users\\gsuji\\Downloads\\Data-Quality-Testing-Framework\\dbt_project', 'fail_fast': 'False', 'debug': 'False', 'log_path': 'C:\\Users\\gsuji\\Downloads\\Data-Quality-Testing-Framework\\dbt_project\\logs', 'version_check': 'True', 'warn_error': 'None', 'use_colors': 'True', 'use_experimental_parser': 'False', 'no_print': 'None', 'quiet': 'False', 'empty': 'None', 'warn_error_options': 'WarnErrorOptions(include=[], exclude=[])', 'static_parser': 'True', 'log_format': 'default', 'introspect': 'True', 'target_path': 'None', 'invocation_command': 'dbt test --select stg_customers --project-dir C:\\Users\\gsuji\\Downloads\\Data-Quality-Testing-Framework\\dbt_project --profiles-dir C:\\Users\\gsuji\\Downloads\\Data-Quality-Testing-Framework\\dbt_project', 'send_anonymous_usage_stats': 'True'}
[0m19:07:01.761949 [debug] [MainThread]: Sending event: {'category': 'dbt', 'action': 'project_id', 'label': '3daeecda-4f15-4d7c-ae8c-627df2c711b8', 'context': [<snowplow_tracker.self_describing_json.SelfDescribingJson object at 0x0000024B24CB4CB0>]}
[0m19:07:01.802043 [debug] [MainThread]: Sending event: {'category': 'dbt', 'action': 'adapter_info', 'label': '3daeecda-4f15-4d7c-ae8c-627df2c711b8', 'context': [<snowplow_tracker.self_describing_json.SelfDescribingJson object at 0x0000024B22C03EF0>]}
[0m19:07:01.804049 [info ] [MainThread]: Registered adapter: postgres=1.8.2
[0m19:07:01.810086 [debug] [MainThread]: checksum: ec53e341a936509427e16df1c646386a84befec52c1957e3f4359fbc36fc93f5, vars: {}, profile: , target: , version: 1.8.8
[0m19:07:01.978525 [debug] [MainThread]: Partial parsing enabled: 0 files deleted, 0 files added, 0 files changed.
[0m19:07:01.978525 [debug] [MainThread]: Partial parsing enabled, no changes found, skipping parsing
[0m19:07:02.012248 [debug] [MainThread]: Sending event: {'category': 'dbt', 'action': 'load_project', 'label': '3daeecda-4f15-4d7c-ae8c-627df2c711b8', 'context': [<snowplow_tracker.self_describing_json.SelfDescribingJson object at 0x0000024B24D8DC40>]}
[0m19:07:02.101870 [debug] [MainThread]: Sending event: {'category': 'dbt', 'action': 'resource_counts', 'label': '3daeecda-4f15-4d7c-ae8c-627df2c711b8', 'context': [<snowplow_tracker.self_describing_json.SelfDescribingJson object at 0x0000024B2514DBB0>]}
[0m19:07:02.101870 [info ] [MainThread]: Found 2 models, 14 data tests, 424 macros
[0m19:07:02.101870 [debug] [MainThread]: Sending event: {'category': 'dbt', 'action': 'runnable_timing', 'label': '3daeecda-4f15-4d7c-ae8c-627df2c711b8', 'context': [<snowplow_tracker.self_describing_json.SelfDescribingJson object at 0x0000024B2505D6D0>]}
[0m19:07:02.105239 [info ] [MainThread]: 
[0m19:07:02.105239 [debug] [MainThread]: Acquiring new postgres connection 'master'
[0m19:07:02.109029 [debug] [ThreadPool]: Acquiring new postgres connection 'list_dq_db_analytics_staging'
[0m19:07:02.159054 [debug] [ThreadPool]: Using postgres connection "list_dq_db_analytics_staging"
[0m19:07:02.159054 [debug] [ThreadPool]: On list_dq_db_analytics_staging: BEGIN
[0m19:07:02.159054 [debug] [ThreadPool]: Opening a new connection, currently in state init
[0m19:07:02.174079 [debug] [ThreadPool]: SQL status: BEGIN in 0.015 seconds
[0m19:07:02.174079 [debug] [ThreadPool]: Using postgres connection "list_dq_db_analytics_staging"
[0m19:07:02.174079 [debug] [ThreadPool]: On list_dq_db_analytics_staging: /* {"app": "dbt", "dbt_version": "1.8.8", "profile_name": "dq_project", "target_name": "dev", "connection_name": "list_dq_db_analytics_staging"} */
select
      'dq_db' as database,
      tablename as name,
      schemaname as schema,
      'table' as type
    from pg_tables
    where schemaname ilike 'analytics_staging'
    union all
    select
      'dq_db' as database,
      viewname as name,
      schemaname as schema,
      'view' as type
    from pg_views
    where schemaname ilike 'analytics_staging'
    union all
    select
      'dq_db' as database,
      matviewname as name,
      schemaname as schema,
      'materialized_view' as type
    from pg_matviews
    where schemaname ilike 'analytics_staging'
  
[0m19:07:02.179810 [debug] [ThreadPool]: SQL status: SELECT 2 in 0.002 seconds
[0m19:07:02.179810 [debug] [ThreadPool]: On list_dq_db_analytics_staging: ROLLBACK
[0m19:07:02.179810 [debug] [ThreadPool]: On list_dq_db_analytics_staging: Close
[0m19:07:02.184420 [debug] [MainThread]: Using postgres connection "master"
[0m19:07:02.184420 [debug] [MainThread]: On master: BEGIN
[0m19:07:02.184420 [debug] [MainThread]: Opening a new connection, currently in state init
[0m19:07:02.209146 [debug] [MainThread]: SQL status: BEGIN in 0.026 seconds
[0m19:07:02.209146 [debug] [MainThread]: Using postgres connection "master"
[0m19:07:02.209146 [debug] [MainThread]: On master: /* {"app": "dbt", "dbt_version": "1.8.8", "profile_name": "dq_project", "target_name": "dev", "connection_name": "master"} */
with relation as (
        select
            pg_rewrite.ev_class as class,
            pg_rewrite.oid as id
        from pg_rewrite
    ),
    class as (
        select
            oid as id,
            relname as name,
            relnamespace as schema,
            relkind as kind
        from pg_class
    ),
    dependency as (
        select distinct
            pg_depend.objid as id,
            pg_depend.refobjid as ref
        from pg_depend
    ),
    schema as (
        select
            pg_namespace.oid as id,
            pg_namespace.nspname as name
        from pg_namespace
        where nspname != 'information_schema' and nspname not like 'pg\_%'
    ),
    referenced as (
        select
            relation.id AS id,
            referenced_class.name ,
            referenced_class.schema ,
            referenced_class.kind
        from relation
        join class as referenced_class on relation.class=referenced_class.id
        where referenced_class.kind in ('r', 'v', 'm')
    ),
    relationships as (
        select
            referenced.name as referenced_name,
            referenced.schema as referenced_schema_id,
            dependent_class.name as dependent_name,
            dependent_class.schema as dependent_schema_id,
            referenced.kind as kind
        from referenced
        join dependency on referenced.id=dependency.id
        join class as dependent_class on dependency.ref=dependent_class.id
        where
            (referenced.name != dependent_class.name or
             referenced.schema != dependent_class.schema)
    )

    select
        referenced_schema.name as referenced_schema,
        relationships.referenced_name as referenced_name,
        dependent_schema.name as dependent_schema,
        relationships.dependent_name as dependent_name
    from relationships
    join schema as dependent_schema on relationships.dependent_schema_id=dependent_schema.id
    join schema as referenced_schema on relationships.referenced_schema_id=referenced_schema.id
    group by referenced_schema, referenced_name, dependent_schema, dependent_name
    order by referenced_schema, referenced_name, dependent_schema, dependent_name;
[0m19:07:02.214478 [debug] [MainThread]: SQL status: SELECT 2 in 0.003 seconds
[0m19:07:02.214478 [debug] [MainThread]: Sending event: {'category': 'dbt', 'action': 'runnable_timing', 'label': '3daeecda-4f15-4d7c-ae8c-627df2c711b8', 'context': [<snowplow_tracker.self_describing_json.SelfDescribingJson object at 0x0000024B24CD89B0>]}
[0m19:07:02.214478 [debug] [MainThread]: On master: ROLLBACK
[0m19:07:02.214478 [debug] [MainThread]: Using postgres connection "master"
[0m19:07:02.214478 [debug] [MainThread]: On master: BEGIN
[0m19:07:02.218153 [debug] [MainThread]: SQL status: BEGIN in 0.001 seconds
[0m19:07:02.218153 [debug] [MainThread]: On master: COMMIT
[0m19:07:02.218153 [debug] [MainThread]: Using postgres connection "master"
[0m19:07:02.218153 [debug] [MainThread]: On master: COMMIT
[0m19:07:02.218153 [debug] [MainThread]: SQL status: COMMIT in 0.000 seconds
[0m19:07:02.218153 [debug] [MainThread]: On master: Close
[0m19:07:02.218153 [info ] [MainThread]: Concurrency: 4 threads (target='dev')
[0m19:07:02.220197 [info ] [MainThread]: 
[0m19:07:02.220197 [debug] [Thread-1 (]: Began running node test.dq_project.accepted_values_stg_customers_country__USA__India__UK__Germany__Canada__Australia.e9101a0996
[0m19:07:02.220197 [debug] [Thread-2 (]: Began running node test.dq_project.not_null_stg_customers_customer_id.e2cfb1f9aa
[0m19:07:02.220197 [debug] [Thread-3 (]: Began running node test.dq_project.not_null_stg_customers_email.d7cf761533
[0m19:07:02.220197 [debug] [Thread-4 (]: Began running node test.dq_project.not_null_stg_customers_full_name.f9ff4c2b7e
[0m19:07:02.220197 [info ] [Thread-1 (]: 1 of 7 START test accepted_values_stg_customers_country__USA__India__UK__Germany__Canada__Australia  [RUN]
[0m19:07:02.220197 [info ] [Thread-2 (]: 2 of 7 START test not_null_stg_customers_customer_id ........................... [RUN]
[0m19:07:02.220197 [info ] [Thread-3 (]: 3 of 7 START test not_null_stg_customers_email ................................. [RUN]
[0m19:07:02.220197 [info ] [Thread-4 (]: 4 of 7 START test not_null_stg_customers_full_name ............................. [RUN]
[0m19:07:02.220197 [debug] [Thread-1 (]: Acquiring new postgres connection 'test.dq_project.accepted_values_stg_customers_country__USA__India__UK__Germany__Canada__Australia.e9101a0996'
[0m19:07:02.220197 [debug] [Thread-2 (]: Acquiring new postgres connection 'test.dq_project.not_null_stg_customers_customer_id.e2cfb1f9aa'
[0m19:07:02.220197 [debug] [Thread-3 (]: Acquiring new postgres connection 'test.dq_project.not_null_stg_customers_email.d7cf761533'
[0m19:07:02.228011 [debug] [Thread-4 (]: Acquiring new postgres connection 'test.dq_project.not_null_stg_customers_full_name.f9ff4c2b7e'
[0m19:07:02.228011 [debug] [Thread-1 (]: Began compiling node test.dq_project.accepted_values_stg_customers_country__USA__India__UK__Germany__Canada__Australia.e9101a0996
[0m19:07:02.228011 [debug] [Thread-2 (]: Began compiling node test.dq_project.not_null_stg_customers_customer_id.e2cfb1f9aa
[0m19:07:02.228011 [debug] [Thread-3 (]: Began compiling node test.dq_project.not_null_stg_customers_email.d7cf761533
[0m19:07:02.228011 [debug] [Thread-4 (]: Began compiling node test.dq_project.not_null_stg_customers_full_name.f9ff4c2b7e
[0m19:07:02.240391 [debug] [Thread-1 (]: Writing injected SQL for node "test.dq_project.accepted_values_stg_customers_country__USA__India__UK__Germany__Canada__Australia.e9101a0996"
[0m19:07:02.245918 [debug] [Thread-2 (]: Writing injected SQL for node "test.dq_project.not_null_stg_customers_customer_id.e2cfb1f9aa"
[0m19:07:02.247926 [debug] [Thread-3 (]: Writing injected SQL for node "test.dq_project.not_null_stg_customers_email.d7cf761533"
[0m19:07:02.251872 [debug] [Thread-4 (]: Writing injected SQL for node "test.dq_project.not_null_stg_customers_full_name.f9ff4c2b7e"
[0m19:07:02.251872 [debug] [Thread-1 (]: Began executing node test.dq_project.accepted_values_stg_customers_country__USA__India__UK__Germany__Canada__Australia.e9101a0996
[0m19:07:02.260294 [debug] [Thread-1 (]: Writing runtime sql for node "test.dq_project.accepted_values_stg_customers_country__USA__India__UK__Germany__Canada__Australia.e9101a0996"
[0m19:07:02.260294 [debug] [Thread-2 (]: Began executing node test.dq_project.not_null_stg_customers_customer_id.e2cfb1f9aa
[0m19:07:02.260294 [debug] [Thread-3 (]: Began executing node test.dq_project.not_null_stg_customers_email.d7cf761533
[0m19:07:02.265789 [debug] [Thread-2 (]: Writing runtime sql for node "test.dq_project.not_null_stg_customers_customer_id.e2cfb1f9aa"
[0m19:07:02.265789 [debug] [Thread-4 (]: Began executing node test.dq_project.not_null_stg_customers_full_name.f9ff4c2b7e
[0m19:07:02.268954 [debug] [Thread-3 (]: Writing runtime sql for node "test.dq_project.not_null_stg_customers_email.d7cf761533"
[0m19:07:02.268954 [debug] [Thread-1 (]: Using postgres connection "test.dq_project.accepted_values_stg_customers_country__USA__India__UK__Germany__Canada__Australia.e9101a0996"
[0m19:07:02.270963 [debug] [Thread-4 (]: Writing runtime sql for node "test.dq_project.not_null_stg_customers_full_name.f9ff4c2b7e"
[0m19:07:02.270963 [debug] [Thread-1 (]: On test.dq_project.accepted_values_stg_customers_country__USA__India__UK__Germany__Canada__Australia.e9101a0996: BEGIN
[0m19:07:02.270963 [debug] [Thread-1 (]: Opening a new connection, currently in state init
[0m19:07:02.270963 [debug] [Thread-2 (]: Using postgres connection "test.dq_project.not_null_stg_customers_customer_id.e2cfb1f9aa"
[0m19:07:02.270963 [debug] [Thread-4 (]: Using postgres connection "test.dq_project.not_null_stg_customers_full_name.f9ff4c2b7e"
[0m19:07:02.270963 [debug] [Thread-2 (]: On test.dq_project.not_null_stg_customers_customer_id.e2cfb1f9aa: BEGIN
[0m19:07:02.270963 [debug] [Thread-3 (]: Using postgres connection "test.dq_project.not_null_stg_customers_email.d7cf761533"
[0m19:07:02.270963 [debug] [Thread-4 (]: On test.dq_project.not_null_stg_customers_full_name.f9ff4c2b7e: BEGIN
[0m19:07:02.270963 [debug] [Thread-2 (]: Opening a new connection, currently in state init
[0m19:07:02.270963 [debug] [Thread-3 (]: On test.dq_project.not_null_stg_customers_email.d7cf761533: BEGIN
[0m19:07:02.277796 [debug] [Thread-4 (]: Opening a new connection, currently in state init
[0m19:07:02.277796 [debug] [Thread-3 (]: Opening a new connection, currently in state init
[0m19:07:02.287969 [debug] [Thread-1 (]: SQL status: BEGIN in 0.014 seconds
[0m19:07:02.287969 [debug] [Thread-1 (]: Using postgres connection "test.dq_project.accepted_values_stg_customers_country__USA__India__UK__Germany__Canada__Australia.e9101a0996"
[0m19:07:02.287969 [debug] [Thread-1 (]: On test.dq_project.accepted_values_stg_customers_country__USA__India__UK__Germany__Canada__Australia.e9101a0996: /* {"app": "dbt", "dbt_version": "1.8.8", "profile_name": "dq_project", "target_name": "dev", "node_id": "test.dq_project.accepted_values_stg_customers_country__USA__India__UK__Germany__Canada__Australia.e9101a0996"} */
select
      count(*) as failures,
      count(*) != 0 as should_warn,
      count(*) != 0 as should_error
    from (
      
    
    

with all_values as (

    select
        country as value_field,
        count(*) as n_records

    from "dq_db"."analytics_staging"."stg_customers"
    group by country

)

select *
from all_values
where value_field not in (
    'USA','India','UK','Germany','Canada','Australia'
)



      
    ) dbt_internal_test
[0m19:07:02.289991 [debug] [Thread-1 (]: SQL status: SELECT 1 in 0.002 seconds
[0m19:07:02.294002 [debug] [Thread-1 (]: On test.dq_project.accepted_values_stg_customers_country__USA__India__UK__Germany__Canada__Australia.e9101a0996: ROLLBACK
[0m19:07:02.294002 [debug] [Thread-1 (]: On test.dq_project.accepted_values_stg_customers_country__USA__India__UK__Germany__Canada__Australia.e9101a0996: Close
[0m19:07:02.294002 [debug] [Thread-2 (]: SQL status: BEGIN in 0.021 seconds
[0m19:07:02.294002 [debug] [Thread-4 (]: SQL status: BEGIN in 0.020 seconds
[0m19:07:02.294002 [debug] [Thread-2 (]: Using postgres connection "test.dq_project.not_null_stg_customers_customer_id.e2cfb1f9aa"
[0m19:07:02.294002 [info ] [Thread-1 (]: 1 of 7 PASS accepted_values_stg_customers_country__USA__India__UK__Germany__Canada__Australia  [[32mPASS[0m in 0.07s]
[0m19:07:02.294002 [debug] [Thread-4 (]: Using postgres connection "test.dq_project.not_null_stg_customers_full_name.f9ff4c2b7e"
[0m19:07:02.299531 [debug] [Thread-2 (]: On test.dq_project.not_null_stg_customers_customer_id.e2cfb1f9aa: /* {"app": "dbt", "dbt_version": "1.8.8", "profile_name": "dq_project", "target_name": "dev", "node_id": "test.dq_project.not_null_stg_customers_customer_id.e2cfb1f9aa"} */
select
      count(*) as failures,
      count(*) != 0 as should_warn,
      count(*) != 0 as should_error
    from (
      
    
    



select customer_id
from "dq_db"."analytics_staging"."stg_customers"
where customer_id is null



      
    ) dbt_internal_test
[0m19:07:02.299531 [debug] [Thread-1 (]: Finished running node test.dq_project.accepted_values_stg_customers_country__USA__India__UK__Germany__Canada__Australia.e9101a0996
[0m19:07:02.299531 [debug] [Thread-4 (]: On test.dq_project.not_null_stg_customers_full_name.f9ff4c2b7e: /* {"app": "dbt", "dbt_version": "1.8.8", "profile_name": "dq_project", "target_name": "dev", "node_id": "test.dq_project.not_null_stg_customers_full_name.f9ff4c2b7e"} */
select
      count(*) as failures,
      count(*) != 0 as should_warn,
      count(*) != 0 as should_error
    from (
      
    
    



select full_name
from "dq_db"."analytics_staging"."stg_customers"
where full_name is null



      
    ) dbt_internal_test
[0m19:07:02.299531 [debug] [Thread-1 (]: Began running node test.dq_project.relationships_stg_orders_customer_id__customer_id__ref_stg_customers_.430bf21500
[0m19:07:02.299531 [debug] [Thread-2 (]: SQL status: SELECT 1 in 0.001 seconds
[0m19:07:02.299531 [info ] [Thread-1 (]: 5 of 7 START test relationships_stg_orders_customer_id__customer_id__ref_stg_customers_  [RUN]
[0m19:07:02.299531 [debug] [Thread-2 (]: On test.dq_project.not_null_stg_customers_customer_id.e2cfb1f9aa: ROLLBACK
[0m19:07:02.299531 [debug] [Thread-1 (]: Re-using an available connection from the pool (formerly test.dq_project.accepted_values_stg_customers_country__USA__India__UK__Germany__Canada__Australia.e9101a0996, now test.dq_project.relationships_stg_orders_customer_id__customer_id__ref_stg_customers_.430bf21500)
[0m19:07:02.304228 [debug] [Thread-4 (]: SQL status: SELECT 1 in 0.002 seconds
[0m19:07:02.304228 [debug] [Thread-1 (]: Began compiling node test.dq_project.relationships_stg_orders_customer_id__customer_id__ref_stg_customers_.430bf21500
[0m19:07:02.304228 [debug] [Thread-4 (]: On test.dq_project.not_null_stg_customers_full_name.f9ff4c2b7e: ROLLBACK
[0m19:07:02.306231 [debug] [Thread-2 (]: On test.dq_project.not_null_stg_customers_customer_id.e2cfb1f9aa: Close
[0m19:07:02.312282 [debug] [Thread-1 (]: Writing injected SQL for node "test.dq_project.relationships_stg_orders_customer_id__customer_id__ref_stg_customers_.430bf21500"
[0m19:07:02.315297 [info ] [Thread-2 (]: 2 of 7 PASS not_null_stg_customers_customer_id ................................. [[32mPASS[0m in 0.09s]
[0m19:07:02.315865 [debug] [Thread-4 (]: On test.dq_project.not_null_stg_customers_full_name.f9ff4c2b7e: Close
[0m19:07:02.315865 [debug] [Thread-2 (]: Finished running node test.dq_project.not_null_stg_customers_customer_id.e2cfb1f9aa
[0m19:07:02.317871 [info ] [Thread-4 (]: 4 of 7 PASS not_null_stg_customers_full_name ................................... [[32mPASS[0m in 0.09s]
[0m19:07:02.317871 [debug] [Thread-2 (]: Began running node test.dq_project.unique_stg_customers_customer_id.c7614daada
[0m19:07:02.319898 [debug] [Thread-3 (]: SQL status: BEGIN in 0.041 seconds
[0m19:07:02.319898 [debug] [Thread-4 (]: Finished running node test.dq_project.not_null_stg_customers_full_name.f9ff4c2b7e
[0m19:07:02.319898 [info ] [Thread-2 (]: 6 of 7 START test unique_stg_customers_customer_id ............................. [RUN]
[0m19:07:02.319898 [debug] [Thread-1 (]: Began executing node test.dq_project.relationships_stg_orders_customer_id__customer_id__ref_stg_customers_.430bf21500
[0m19:07:02.319898 [debug] [Thread-3 (]: Using postgres connection "test.dq_project.not_null_stg_customers_email.d7cf761533"
[0m19:07:02.321904 [debug] [Thread-4 (]: Began running node test.dq_project.valid_email_format_stg_customers_email.fee8eb6eab
[0m19:07:02.321904 [debug] [Thread-2 (]: Re-using an available connection from the pool (formerly test.dq_project.not_null_stg_customers_customer_id.e2cfb1f9aa, now test.dq_project.unique_stg_customers_customer_id.c7614daada)
[0m19:07:02.321904 [debug] [Thread-1 (]: Writing runtime sql for node "test.dq_project.relationships_stg_orders_customer_id__customer_id__ref_stg_customers_.430bf21500"
[0m19:07:02.321904 [debug] [Thread-3 (]: On test.dq_project.not_null_stg_customers_email.d7cf761533: /* {"app": "dbt", "dbt_version": "1.8.8", "profile_name": "dq_project", "target_name": "dev", "node_id": "test.dq_project.not_null_stg_customers_email.d7cf761533"} */
select
      count(*) as failures,
      count(*) != 0 as should_warn,
      count(*) != 0 as should_error
    from (
      
    
    



select email
from "dq_db"."analytics_staging"."stg_customers"
where email is null



      
    ) dbt_internal_test
[0m19:07:02.324542 [info ] [Thread-4 (]: 7 of 7 START test valid_email_format_stg_customers_email ....................... [RUN]
[0m19:07:02.324542 [debug] [Thread-2 (]: Began compiling node test.dq_project.unique_stg_customers_customer_id.c7614daada
[0m19:07:02.326050 [debug] [Thread-4 (]: Re-using an available connection from the pool (formerly test.dq_project.not_null_stg_customers_full_name.f9ff4c2b7e, now test.dq_project.valid_email_format_stg_customers_email.fee8eb6eab)
[0m19:07:02.332179 [debug] [Thread-2 (]: Writing injected SQL for node "test.dq_project.unique_stg_customers_customer_id.c7614daada"
[0m19:07:02.332179 [debug] [Thread-4 (]: Began compiling node test.dq_project.valid_email_format_stg_customers_email.fee8eb6eab
[0m19:07:02.332179 [debug] [Thread-3 (]: SQL status: SELECT 1 in 0.007 seconds
[0m19:07:02.336196 [debug] [Thread-4 (]: Writing injected SQL for node "test.dq_project.valid_email_format_stg_customers_email.fee8eb6eab"
[0m19:07:02.336196 [debug] [Thread-1 (]: Using postgres connection "test.dq_project.relationships_stg_orders_customer_id__customer_id__ref_stg_customers_.430bf21500"
[0m19:07:02.338208 [debug] [Thread-3 (]: On test.dq_project.not_null_stg_customers_email.d7cf761533: ROLLBACK
[0m19:07:02.338208 [debug] [Thread-2 (]: Began executing node test.dq_project.unique_stg_customers_customer_id.c7614daada
[0m19:07:02.338208 [debug] [Thread-1 (]: On test.dq_project.relationships_stg_orders_customer_id__customer_id__ref_stg_customers_.430bf21500: BEGIN
[0m19:07:02.340776 [debug] [Thread-2 (]: Writing runtime sql for node "test.dq_project.unique_stg_customers_customer_id.c7614daada"
[0m19:07:02.340776 [debug] [Thread-3 (]: On test.dq_project.not_null_stg_customers_email.d7cf761533: Close
[0m19:07:02.340776 [debug] [Thread-1 (]: Opening a new connection, currently in state closed
[0m19:07:02.340776 [debug] [Thread-4 (]: Began executing node test.dq_project.valid_email_format_stg_customers_email.fee8eb6eab
[0m19:07:02.340776 [debug] [Thread-4 (]: Writing runtime sql for node "test.dq_project.valid_email_format_stg_customers_email.fee8eb6eab"
[0m19:07:02.340776 [debug] [Thread-2 (]: Using postgres connection "test.dq_project.unique_stg_customers_customer_id.c7614daada"
[0m19:07:02.340776 [info ] [Thread-3 (]: 3 of 7 PASS not_null_stg_customers_email ....................................... [[32mPASS[0m in 0.12s]
[0m19:07:02.340776 [debug] [Thread-2 (]: On test.dq_project.unique_stg_customers_customer_id.c7614daada: BEGIN
[0m19:07:02.340776 [debug] [Thread-3 (]: Finished running node test.dq_project.not_null_stg_customers_email.d7cf761533
[0m19:07:02.340776 [debug] [Thread-2 (]: Opening a new connection, currently in state closed
[0m19:07:02.340776 [debug] [Thread-4 (]: Using postgres connection "test.dq_project.valid_email_format_stg_customers_email.fee8eb6eab"
[0m19:07:02.340776 [debug] [Thread-4 (]: On test.dq_project.valid_email_format_stg_customers_email.fee8eb6eab: BEGIN
[0m19:07:02.340776 [debug] [Thread-4 (]: Opening a new connection, currently in state closed
[0m19:07:02.351532 [debug] [Thread-1 (]: SQL status: BEGIN in 0.012 seconds
[0m19:07:02.351532 [debug] [Thread-1 (]: Using postgres connection "test.dq_project.relationships_stg_orders_customer_id__customer_id__ref_stg_customers_.430bf21500"
[0m19:07:02.351532 [debug] [Thread-1 (]: On test.dq_project.relationships_stg_orders_customer_id__customer_id__ref_stg_customers_.430bf21500: /* {"app": "dbt", "dbt_version": "1.8.8", "profile_name": "dq_project", "target_name": "dev", "node_id": "test.dq_project.relationships_stg_orders_customer_id__customer_id__ref_stg_customers_.430bf21500"} */
select
      count(*) as failures,
      count(*) != 0 as should_warn,
      count(*) != 0 as should_error
    from (
      
    
    

with child as (
    select customer_id as from_field
    from "dq_db"."analytics_staging"."stg_orders"
    where customer_id is not null
),

parent as (
    select customer_id as to_field
    from "dq_db"."analytics_staging"."stg_customers"
)

select
    from_field

from child
left join parent
    on child.from_field = parent.to_field

where parent.to_field is null



      
    ) dbt_internal_test
[0m19:07:02.358112 [debug] [Thread-1 (]: SQL status: SELECT 1 in 0.002 seconds
[0m19:07:02.360142 [debug] [Thread-1 (]: On test.dq_project.relationships_stg_orders_customer_id__customer_id__ref_stg_customers_.430bf21500: ROLLBACK
[0m19:07:02.360142 [debug] [Thread-1 (]: On test.dq_project.relationships_stg_orders_customer_id__customer_id__ref_stg_customers_.430bf21500: Close
[0m19:07:02.361996 [debug] [Thread-4 (]: SQL status: BEGIN in 0.013 seconds
[0m19:07:02.361996 [info ] [Thread-1 (]: 5 of 7 PASS relationships_stg_orders_customer_id__customer_id__ref_stg_customers_  [[32mPASS[0m in 0.06s]
[0m19:07:02.361996 [debug] [Thread-4 (]: Using postgres connection "test.dq_project.valid_email_format_stg_customers_email.fee8eb6eab"
[0m19:07:02.361996 [debug] [Thread-1 (]: Finished running node test.dq_project.relationships_stg_orders_customer_id__customer_id__ref_stg_customers_.430bf21500
[0m19:07:02.361996 [debug] [Thread-4 (]: On test.dq_project.valid_email_format_stg_customers_email.fee8eb6eab: /* {"app": "dbt", "dbt_version": "1.8.8", "profile_name": "dq_project", "target_name": "dev", "node_id": "test.dq_project.valid_email_format_stg_customers_email.fee8eb6eab"} */
select
      count(*) as failures,
      count(*) != 0 as should_warn,
      count(*) != 0 as should_error
    from (
      
-- Custom generic test: flags any row where the column doesn't look like
-- a well-formed email address (basic regex: text@text.text).

select *
from "dq_db"."analytics_staging"."stg_customers"
where email is not null
  and email !~ '^[A-Za-z0-9._%+-]+@[A-Za-z0-9.-]+\.[A-Za-z]{2,}$'


      
    ) dbt_internal_test
[0m19:07:02.361996 [debug] [Thread-2 (]: SQL status: BEGIN in 0.018 seconds
[0m19:07:02.361996 [debug] [Thread-2 (]: Using postgres connection "test.dq_project.unique_stg_customers_customer_id.c7614daada"
[0m19:07:02.361996 [debug] [Thread-2 (]: On test.dq_project.unique_stg_customers_customer_id.c7614daada: /* {"app": "dbt", "dbt_version": "1.8.8", "profile_name": "dq_project", "target_name": "dev", "node_id": "test.dq_project.unique_stg_customers_customer_id.c7614daada"} */
select
      count(*) as failures,
      count(*) != 0 as should_warn,
      count(*) != 0 as should_error
    from (
      
    
    

select
    customer_id as unique_field,
    count(*) as n_records

from "dq_db"."analytics_staging"."stg_customers"
where customer_id is not null
group by customer_id
having count(*) > 1



      
    ) dbt_internal_test
[0m19:07:02.361996 [debug] [Thread-4 (]: SQL status: SELECT 1 in 0.002 seconds
[0m19:07:02.361996 [debug] [Thread-2 (]: SQL status: SELECT 1 in 0.002 seconds
[0m19:07:02.361996 [debug] [Thread-4 (]: On test.dq_project.valid_email_format_stg_customers_email.fee8eb6eab: ROLLBACK
[0m19:07:02.361996 [debug] [Thread-2 (]: On test.dq_project.unique_stg_customers_customer_id.c7614daada: ROLLBACK
[0m19:07:02.371558 [debug] [Thread-4 (]: On test.dq_project.valid_email_format_stg_customers_email.fee8eb6eab: Close
[0m19:07:02.371558 [debug] [Thread-2 (]: On test.dq_project.unique_stg_customers_customer_id.c7614daada: Close
[0m19:07:02.371558 [info ] [Thread-4 (]: 7 of 7 PASS valid_email_format_stg_customers_email ............................. [[32mPASS[0m in 0.05s]
[0m19:07:02.371558 [info ] [Thread-2 (]: 6 of 7 PASS unique_stg_customers_customer_id ................................... [[32mPASS[0m in 0.05s]
[0m19:07:02.371558 [debug] [Thread-4 (]: Finished running node test.dq_project.valid_email_format_stg_customers_email.fee8eb6eab
[0m19:07:02.371558 [debug] [Thread-2 (]: Finished running node test.dq_project.unique_stg_customers_customer_id.c7614daada
[0m19:07:02.371558 [debug] [MainThread]: Using postgres connection "master"
[0m19:07:02.371558 [debug] [MainThread]: On master: BEGIN
[0m19:07:02.371558 [debug] [MainThread]: Opening a new connection, currently in state closed
[0m19:07:02.410367 [debug] [MainThread]: SQL status: BEGIN in 0.033 seconds
[0m19:07:02.411424 [debug] [MainThread]: On master: COMMIT
[0m19:07:02.411424 [debug] [MainThread]: Using postgres connection "master"
[0m19:07:02.411424 [debug] [MainThread]: On master: COMMIT
[0m19:07:02.411424 [debug] [MainThread]: SQL status: COMMIT in 0.001 seconds
[0m19:07:02.411424 [debug] [MainThread]: On master: Close
[0m19:07:02.411424 [debug] [MainThread]: Connection 'master' was properly closed.
[0m19:07:02.411424 [debug] [MainThread]: Connection 'list_dq_db_analytics_staging' was properly closed.
[0m19:07:02.411424 [debug] [MainThread]: Connection 'test.dq_project.relationships_stg_orders_customer_id__customer_id__ref_stg_customers_.430bf21500' was properly closed.
[0m19:07:02.411424 [debug] [MainThread]: Connection 'test.dq_project.unique_stg_customers_customer_id.c7614daada' was properly closed.
[0m19:07:02.411424 [debug] [MainThread]: Connection 'test.dq_project.not_null_stg_customers_email.d7cf761533' was properly closed.
[0m19:07:02.411424 [debug] [MainThread]: Connection 'test.dq_project.valid_email_format_stg_customers_email.fee8eb6eab' was properly closed.
[0m19:07:02.411424 [info ] [MainThread]: 
[0m19:07:02.411424 [info ] [MainThread]: Finished running 7 data tests in 0 hours 0 minutes and 0.31 seconds (0.31s).
[0m19:07:02.416240 [debug] [MainThread]: Command end result
[0m19:07:02.434464 [info ] [MainThread]: 
[0m19:07:02.434464 [info ] [MainThread]: [32mCompleted successfully[0m
[0m19:07:02.434464 [info ] [MainThread]: 
[0m19:07:02.435974 [info ] [MainThread]: Done. PASS=7 WARN=0 ERROR=0 SKIP=0 TOTAL=7
[0m19:07:02.435974 [debug] [MainThread]: Command `dbt test` succeeded at 19:07:02.435974 after 0.93 seconds
[0m19:07:02.435974 [debug] [MainThread]: Sending event: {'category': 'dbt', 'action': 'invocation', 'label': 'end', 'context': [<snowplow_tracker.self_describing_json.SelfDescribingJson object at 0x0000024B233F6780>, <snowplow_tracker.self_describing_json.SelfDescribingJson object at 0x0000024B22C8EE70>, <snowplow_tracker.self_describing_json.SelfDescribingJson object at 0x0000024B24C8F890>]}
[0m19:07:02.435974 [debug] [MainThread]: Flushing usage events
[0m19:07:07.458116 [debug] [MainThread]: Sending event: {'category': 'dbt', 'action': 'invocation', 'label': 'start', 'context': [<snowplow_tracker.self_describing_json.SelfDescribingJson object at 0x000001896B7956A0>, <snowplow_tracker.self_describing_json.SelfDescribingJson object at 0x0000018968C67950>, <snowplow_tracker.self_describing_json.SelfDescribingJson object at 0x000001896B6AAC60>]}


============================== 19:07:07.458116 | f4811fe3-1d8b-4bd7-9300-debfb3202f54 ==============================
[0m19:07:07.458116 [info ] [MainThread]: Running with dbt=1.8.8
[0m19:07:07.458116 [debug] [MainThread]: running dbt with arguments {'printer_width': '80', 'indirect_selection': 'eager', 'write_json': 'True', 'log_cache_events': 'False', 'partial_parse': 'True', 'cache_selected_only': 'False', 'profiles_dir': 'C:\\Users\\gsuji\\Downloads\\Data-Quality-Testing-Framework\\dbt_project', 'fail_fast': 'False', 'warn_error': 'None', 'log_path': 'C:\\Users\\gsuji\\Downloads\\Data-Quality-Testing-Framework\\dbt_project\\logs', 'version_check': 'True', 'debug': 'False', 'use_colors': 'True', 'use_experimental_parser': 'False', 'no_print': 'None', 'quiet': 'False', 'empty': 'None', 'log_format': 'default', 'static_parser': 'True', 'invocation_command': 'dbt test --select stg_orders --project-dir C:\\Users\\gsuji\\Downloads\\Data-Quality-Testing-Framework\\dbt_project --profiles-dir C:\\Users\\gsuji\\Downloads\\Data-Quality-Testing-Framework\\dbt_project', 'introspect': 'True', 'target_path': 'None', 'warn_error_options': 'WarnErrorOptions(include=[], exclude=[])', 'send_anonymous_usage_stats': 'True'}
[0m19:07:07.578376 [debug] [MainThread]: Sending event: {'category': 'dbt', 'action': 'project_id', 'label': 'f4811fe3-1d8b-4bd7-9300-debfb3202f54', 'context': [<snowplow_tracker.self_describing_json.SelfDescribingJson object at 0x000001896C0A9DC0>]}
[0m19:07:07.628071 [debug] [MainThread]: Sending event: {'category': 'dbt', 'action': 'adapter_info', 'label': 'f4811fe3-1d8b-4bd7-9300-debfb3202f54', 'context': [<snowplow_tracker.self_describing_json.SelfDescribingJson object at 0x000001896B4F4200>]}
[0m19:07:07.628071 [info ] [MainThread]: Registered adapter: postgres=1.8.2
[0m19:07:07.639991 [debug] [MainThread]: checksum: ec53e341a936509427e16df1c646386a84befec52c1957e3f4359fbc36fc93f5, vars: {}, profile: , target: , version: 1.8.8
[0m19:07:07.817900 [debug] [MainThread]: Partial parsing enabled: 0 files deleted, 0 files added, 0 files changed.
[0m19:07:07.817900 [debug] [MainThread]: Partial parsing enabled, no changes found, skipping parsing
[0m19:07:07.850548 [debug] [MainThread]: Sending event: {'category': 'dbt', 'action': 'load_project', 'label': 'f4811fe3-1d8b-4bd7-9300-debfb3202f54', 'context': [<snowplow_tracker.self_describing_json.SelfDescribingJson object at 0x000001896D8E08C0>]}
[0m19:07:07.938139 [debug] [MainThread]: Sending event: {'category': 'dbt', 'action': 'resource_counts', 'label': 'f4811fe3-1d8b-4bd7-9300-debfb3202f54', 'context': [<snowplow_tracker.self_describing_json.SelfDescribingJson object at 0x000001896DC731D0>]}
[0m19:07:07.938139 [info ] [MainThread]: Found 2 models, 14 data tests, 424 macros
[0m19:07:07.938139 [debug] [MainThread]: Sending event: {'category': 'dbt', 'action': 'runnable_timing', 'label': 'f4811fe3-1d8b-4bd7-9300-debfb3202f54', 'context': [<snowplow_tracker.self_describing_json.SelfDescribingJson object at 0x000001896D8926F0>]}
[0m19:07:07.938139 [info ] [MainThread]: 
[0m19:07:07.938139 [debug] [MainThread]: Acquiring new postgres connection 'master'
[0m19:07:07.938139 [debug] [ThreadPool]: Acquiring new postgres connection 'list_dq_db_analytics_staging'
[0m19:07:07.988131 [debug] [ThreadPool]: Using postgres connection "list_dq_db_analytics_staging"
[0m19:07:07.988131 [debug] [ThreadPool]: On list_dq_db_analytics_staging: BEGIN
[0m19:07:07.988131 [debug] [ThreadPool]: Opening a new connection, currently in state init
[0m19:07:08.007978 [debug] [ThreadPool]: SQL status: BEGIN in 0.016 seconds
[0m19:07:08.007978 [debug] [ThreadPool]: Using postgres connection "list_dq_db_analytics_staging"
[0m19:07:08.007978 [debug] [ThreadPool]: On list_dq_db_analytics_staging: /* {"app": "dbt", "dbt_version": "1.8.8", "profile_name": "dq_project", "target_name": "dev", "connection_name": "list_dq_db_analytics_staging"} */
select
      'dq_db' as database,
      tablename as name,
      schemaname as schema,
      'table' as type
    from pg_tables
    where schemaname ilike 'analytics_staging'
    union all
    select
      'dq_db' as database,
      viewname as name,
      schemaname as schema,
      'view' as type
    from pg_views
    where schemaname ilike 'analytics_staging'
    union all
    select
      'dq_db' as database,
      matviewname as name,
      schemaname as schema,
      'materialized_view' as type
    from pg_matviews
    where schemaname ilike 'analytics_staging'
  
[0m19:07:08.007978 [debug] [ThreadPool]: SQL status: SELECT 2 in 0.002 seconds
[0m19:07:08.007978 [debug] [ThreadPool]: On list_dq_db_analytics_staging: ROLLBACK
[0m19:07:08.007978 [debug] [ThreadPool]: On list_dq_db_analytics_staging: Close
[0m19:07:08.021481 [debug] [MainThread]: Using postgres connection "master"
[0m19:07:08.021481 [debug] [MainThread]: On master: BEGIN
[0m19:07:08.021481 [debug] [MainThread]: Opening a new connection, currently in state init
[0m19:07:08.028290 [debug] [MainThread]: SQL status: BEGIN in 0.013 seconds
[0m19:07:08.028290 [debug] [MainThread]: Using postgres connection "master"
[0m19:07:08.028290 [debug] [MainThread]: On master: /* {"app": "dbt", "dbt_version": "1.8.8", "profile_name": "dq_project", "target_name": "dev", "connection_name": "master"} */
with relation as (
        select
            pg_rewrite.ev_class as class,
            pg_rewrite.oid as id
        from pg_rewrite
    ),
    class as (
        select
            oid as id,
            relname as name,
            relnamespace as schema,
            relkind as kind
        from pg_class
    ),
    dependency as (
        select distinct
            pg_depend.objid as id,
            pg_depend.refobjid as ref
        from pg_depend
    ),
    schema as (
        select
            pg_namespace.oid as id,
            pg_namespace.nspname as name
        from pg_namespace
        where nspname != 'information_schema' and nspname not like 'pg\_%'
    ),
    referenced as (
        select
            relation.id AS id,
            referenced_class.name ,
            referenced_class.schema ,
            referenced_class.kind
        from relation
        join class as referenced_class on relation.class=referenced_class.id
        where referenced_class.kind in ('r', 'v', 'm')
    ),
    relationships as (
        select
            referenced.name as referenced_name,
            referenced.schema as referenced_schema_id,
            dependent_class.name as dependent_name,
            dependent_class.schema as dependent_schema_id,
            referenced.kind as kind
        from referenced
        join dependency on referenced.id=dependency.id
        join class as dependent_class on dependency.ref=dependent_class.id
        where
            (referenced.name != dependent_class.name or
             referenced.schema != dependent_class.schema)
    )

    select
        referenced_schema.name as referenced_schema,
        relationships.referenced_name as referenced_name,
        dependent_schema.name as dependent_schema,
        relationships.dependent_name as dependent_name
    from relationships
    join schema as dependent_schema on relationships.dependent_schema_id=dependent_schema.id
    join schema as referenced_schema on relationships.referenced_schema_id=referenced_schema.id
    group by referenced_schema, referenced_name, dependent_schema, dependent_name
    order by referenced_schema, referenced_name, dependent_schema, dependent_name;
[0m19:07:08.038295 [debug] [MainThread]: SQL status: SELECT 2 in 0.003 seconds
[0m19:07:08.038295 [debug] [MainThread]: Sending event: {'category': 'dbt', 'action': 'runnable_timing', 'label': 'f4811fe3-1d8b-4bd7-9300-debfb3202f54', 'context': [<snowplow_tracker.self_describing_json.SelfDescribingJson object at 0x000001896DB82ED0>]}
[0m19:07:08.038295 [debug] [MainThread]: On master: ROLLBACK
[0m19:07:08.038295 [debug] [MainThread]: Using postgres connection "master"
[0m19:07:08.038295 [debug] [MainThread]: On master: BEGIN
[0m19:07:08.038295 [debug] [MainThread]: SQL status: BEGIN in 0.001 seconds
[0m19:07:08.038295 [debug] [MainThread]: On master: COMMIT
[0m19:07:08.038295 [debug] [MainThread]: Using postgres connection "master"
[0m19:07:08.038295 [debug] [MainThread]: On master: COMMIT
[0m19:07:08.038295 [debug] [MainThread]: SQL status: COMMIT in 0.002 seconds
[0m19:07:08.038295 [debug] [MainThread]: On master: Close
[0m19:07:08.038295 [info ] [MainThread]: Concurrency: 4 threads (target='dev')
[0m19:07:08.038295 [info ] [MainThread]: 
[0m19:07:08.048153 [debug] [Thread-1 (]: Began running node test.dq_project.accepted_values_stg_orders_status__placed__shipped__delivered__cancelled__returned.c02af3e6b1
[0m19:07:08.048153 [debug] [Thread-2 (]: Began running node test.dq_project.assert_no_negative_order_amounts
[0m19:07:08.048153 [debug] [Thread-3 (]: Began running node test.dq_project.not_null_stg_orders_amount.2546645448
[0m19:07:08.052220 [debug] [Thread-4 (]: Began running node test.dq_project.not_null_stg_orders_customer_id.af79d5e4b5
[0m19:07:08.048153 [info ] [Thread-1 (]: 1 of 8 START test accepted_values_stg_orders_status__placed__shipped__delivered__cancelled__returned  [RUN]
[0m19:07:08.052220 [info ] [Thread-2 (]: 2 of 8 START test assert_no_negative_order_amounts ............................. [RUN]
[0m19:07:08.052220 [info ] [Thread-3 (]: 3 of 8 START test not_null_stg_orders_amount ................................... [RUN]
[0m19:07:08.052220 [debug] [Thread-1 (]: Acquiring new postgres connection 'test.dq_project.accepted_values_stg_orders_status__placed__shipped__delivered__cancelled__returned.c02af3e6b1'
[0m19:07:08.052220 [info ] [Thread-4 (]: 4 of 8 START test not_null_stg_orders_customer_id .............................. [RUN]
[0m19:07:08.052220 [debug] [Thread-2 (]: Acquiring new postgres connection 'test.dq_project.assert_no_negative_order_amounts'
[0m19:07:08.052220 [debug] [Thread-3 (]: Acquiring new postgres connection 'test.dq_project.not_null_stg_orders_amount.2546645448'
[0m19:07:08.052220 [debug] [Thread-1 (]: Began compiling node test.dq_project.accepted_values_stg_orders_status__placed__shipped__delivered__cancelled__returned.c02af3e6b1
[0m19:07:08.052220 [debug] [Thread-4 (]: Acquiring new postgres connection 'test.dq_project.not_null_stg_orders_customer_id.af79d5e4b5'
[0m19:07:08.052220 [debug] [Thread-2 (]: Began compiling node test.dq_project.assert_no_negative_order_amounts
[0m19:07:08.052220 [debug] [Thread-3 (]: Began compiling node test.dq_project.not_null_stg_orders_amount.2546645448
[0m19:07:08.068203 [debug] [Thread-1 (]: Writing injected SQL for node "test.dq_project.accepted_values_stg_orders_status__placed__shipped__delivered__cancelled__returned.c02af3e6b1"
[0m19:07:08.068203 [debug] [Thread-4 (]: Began compiling node test.dq_project.not_null_stg_orders_customer_id.af79d5e4b5
[0m19:07:08.068203 [debug] [Thread-2 (]: Writing injected SQL for node "test.dq_project.assert_no_negative_order_amounts"
[0m19:07:08.078028 [debug] [Thread-3 (]: Writing injected SQL for node "test.dq_project.not_null_stg_orders_amount.2546645448"
[0m19:07:08.078028 [debug] [Thread-4 (]: Writing injected SQL for node "test.dq_project.not_null_stg_orders_customer_id.af79d5e4b5"
[0m19:07:08.084235 [debug] [Thread-3 (]: Began executing node test.dq_project.not_null_stg_orders_amount.2546645448
[0m19:07:08.084235 [debug] [Thread-2 (]: Began executing node test.dq_project.assert_no_negative_order_amounts
[0m19:07:08.084235 [debug] [Thread-4 (]: Began executing node test.dq_project.not_null_stg_orders_customer_id.af79d5e4b5
[0m19:07:08.086113 [debug] [Thread-1 (]: Began executing node test.dq_project.accepted_values_stg_orders_status__placed__shipped__delivered__cancelled__returned.c02af3e6b1
[0m19:07:08.093260 [debug] [Thread-3 (]: Writing runtime sql for node "test.dq_project.not_null_stg_orders_amount.2546645448"
[0m19:07:08.097912 [debug] [Thread-2 (]: Writing runtime sql for node "test.dq_project.assert_no_negative_order_amounts"
[0m19:07:08.100058 [debug] [Thread-4 (]: Writing runtime sql for node "test.dq_project.not_null_stg_orders_customer_id.af79d5e4b5"
[0m19:07:08.102832 [debug] [Thread-1 (]: Writing runtime sql for node "test.dq_project.accepted_values_stg_orders_status__placed__shipped__delivered__cancelled__returned.c02af3e6b1"
[0m19:07:08.103833 [debug] [Thread-3 (]: Using postgres connection "test.dq_project.not_null_stg_orders_amount.2546645448"
[0m19:07:08.103833 [debug] [Thread-3 (]: On test.dq_project.not_null_stg_orders_amount.2546645448: BEGIN
[0m19:07:08.103833 [debug] [Thread-3 (]: Opening a new connection, currently in state init
[0m19:07:08.105282 [debug] [Thread-2 (]: Using postgres connection "test.dq_project.assert_no_negative_order_amounts"
[0m19:07:08.105282 [debug] [Thread-2 (]: On test.dq_project.assert_no_negative_order_amounts: BEGIN
[0m19:07:08.105282 [debug] [Thread-2 (]: Opening a new connection, currently in state init
[0m19:07:08.105282 [debug] [Thread-4 (]: Using postgres connection "test.dq_project.not_null_stg_orders_customer_id.af79d5e4b5"
[0m19:07:08.108100 [debug] [Thread-4 (]: On test.dq_project.not_null_stg_orders_customer_id.af79d5e4b5: BEGIN
[0m19:07:08.108735 [debug] [Thread-1 (]: Using postgres connection "test.dq_project.accepted_values_stg_orders_status__placed__shipped__delivered__cancelled__returned.c02af3e6b1"
[0m19:07:08.108735 [debug] [Thread-4 (]: Opening a new connection, currently in state init
[0m19:07:08.108735 [debug] [Thread-1 (]: On test.dq_project.accepted_values_stg_orders_status__placed__shipped__delivered__cancelled__returned.c02af3e6b1: BEGIN
[0m19:07:08.111103 [debug] [Thread-1 (]: Opening a new connection, currently in state init
[0m19:07:08.120024 [debug] [Thread-3 (]: SQL status: BEGIN in 0.018 seconds
[0m19:07:08.120024 [debug] [Thread-3 (]: Using postgres connection "test.dq_project.not_null_stg_orders_amount.2546645448"
[0m19:07:08.120024 [debug] [Thread-3 (]: On test.dq_project.not_null_stg_orders_amount.2546645448: /* {"app": "dbt", "dbt_version": "1.8.8", "profile_name": "dq_project", "target_name": "dev", "node_id": "test.dq_project.not_null_stg_orders_amount.2546645448"} */
select
      count(*) as failures,
      count(*) != 0 as should_warn,
      count(*) != 0 as should_error
    from (
      
    
    



select amount
from "dq_db"."analytics_staging"."stg_orders"
where amount is null



      
    ) dbt_internal_test
[0m19:07:08.120024 [debug] [Thread-2 (]: SQL status: BEGIN in 0.018 seconds
[0m19:07:08.120024 [debug] [Thread-2 (]: Using postgres connection "test.dq_project.assert_no_negative_order_amounts"
[0m19:07:08.120024 [debug] [Thread-2 (]: On test.dq_project.assert_no_negative_order_amounts: /* {"app": "dbt", "dbt_version": "1.8.8", "profile_name": "dq_project", "target_name": "dev", "node_id": "test.dq_project.assert_no_negative_order_amounts"} */
select
      count(*) as failures,
      count(*) != 0 as should_warn,
      count(*) != 0 as should_error
    from (
      -- Singular test: fails (returns rows) if any order has a negative amount.
-- dbt tests "pass" when the query returns zero rows.

select order_id, amount
from "dq_db"."analytics_staging"."stg_orders"
where amount < 0
      
    ) dbt_internal_test
[0m19:07:08.126298 [debug] [Thread-3 (]: SQL status: SELECT 1 in 0.003 seconds
[0m19:07:08.127817 [debug] [Thread-3 (]: On test.dq_project.not_null_stg_orders_amount.2546645448: ROLLBACK
[0m19:07:08.131716 [debug] [Thread-4 (]: SQL status: BEGIN in 0.022 seconds
[0m19:07:08.131716 [debug] [Thread-4 (]: Using postgres connection "test.dq_project.not_null_stg_orders_customer_id.af79d5e4b5"
[0m19:07:08.131716 [debug] [Thread-2 (]: SQL status: SELECT 1 in 0.007 seconds
[0m19:07:08.131716 [debug] [Thread-4 (]: On test.dq_project.not_null_stg_orders_customer_id.af79d5e4b5: /* {"app": "dbt", "dbt_version": "1.8.8", "profile_name": "dq_project", "target_name": "dev", "node_id": "test.dq_project.not_null_stg_orders_customer_id.af79d5e4b5"} */
select
      count(*) as failures,
      count(*) != 0 as should_warn,
      count(*) != 0 as should_error
    from (
      
    
    



select customer_id
from "dq_db"."analytics_staging"."stg_orders"
where customer_id is null



      
    ) dbt_internal_test
[0m19:07:08.131716 [debug] [Thread-3 (]: On test.dq_project.not_null_stg_orders_amount.2546645448: Close
[0m19:07:08.131716 [debug] [Thread-2 (]: On test.dq_project.assert_no_negative_order_amounts: ROLLBACK
[0m19:07:08.131716 [debug] [Thread-1 (]: SQL status: BEGIN in 0.024 seconds
[0m19:07:08.131716 [debug] [Thread-1 (]: Using postgres connection "test.dq_project.accepted_values_stg_orders_status__placed__shipped__delivered__cancelled__returned.c02af3e6b1"
[0m19:07:08.131716 [info ] [Thread-3 (]: 3 of 8 PASS not_null_stg_orders_amount ......................................... [[32mPASS[0m in 0.08s]
[0m19:07:08.138278 [debug] [Thread-2 (]: On test.dq_project.assert_no_negative_order_amounts: Close
[0m19:07:08.138278 [debug] [Thread-4 (]: SQL status: SELECT 1 in 0.003 seconds
[0m19:07:08.138278 [debug] [Thread-1 (]: On test.dq_project.accepted_values_stg_orders_status__placed__shipped__delivered__cancelled__returned.c02af3e6b1: /* {"app": "dbt", "dbt_version": "1.8.8", "profile_name": "dq_project", "target_name": "dev", "node_id": "test.dq_project.accepted_values_stg_orders_status__placed__shipped__delivered__cancelled__returned.c02af3e6b1"} */
select
      count(*) as failures,
      count(*) != 0 as should_warn,
      count(*) != 0 as should_error
    from (
      
    
    

with all_values as (

    select
        status as value_field,
        count(*) as n_records

    from "dq_db"."analytics_staging"."stg_orders"
    group by status

)

select *
from all_values
where value_field not in (
    'placed','shipped','delivered','cancelled','returned'
)



      
    ) dbt_internal_test
[0m19:07:08.138278 [debug] [Thread-3 (]: Finished running node test.dq_project.not_null_stg_orders_amount.2546645448
[0m19:07:08.138278 [debug] [Thread-4 (]: On test.dq_project.not_null_stg_orders_customer_id.af79d5e4b5: ROLLBACK
[0m19:07:08.138278 [info ] [Thread-2 (]: 2 of 8 PASS assert_no_negative_order_amounts ................................... [[32mPASS[0m in 0.09s]
[0m19:07:08.138278 [debug] [Thread-3 (]: Began running node test.dq_project.not_null_stg_orders_order_id.81cfe2fe64
[0m19:07:08.138278 [debug] [Thread-2 (]: Finished running node test.dq_project.assert_no_negative_order_amounts
[0m19:07:08.138278 [info ] [Thread-3 (]: 5 of 8 START test not_null_stg_orders_order_id ................................. [RUN]
[0m19:07:08.138278 [debug] [Thread-4 (]: On test.dq_project.not_null_stg_orders_customer_id.af79d5e4b5: Close
[0m19:07:08.138278 [debug] [Thread-2 (]: Began running node test.dq_project.not_null_stg_orders_status.2b01eecbd6
[0m19:07:08.138278 [debug] [Thread-1 (]: SQL status: SELECT 1 in 0.003 seconds
[0m19:07:08.138278 [debug] [Thread-3 (]: Re-using an available connection from the pool (formerly test.dq_project.not_null_stg_orders_amount.2546645448, now test.dq_project.not_null_stg_orders_order_id.81cfe2fe64)
[0m19:07:08.138278 [debug] [Thread-1 (]: On test.dq_project.accepted_values_stg_orders_status__placed__shipped__delivered__cancelled__returned.c02af3e6b1: ROLLBACK
[0m19:07:08.138278 [debug] [Thread-3 (]: Began compiling node test.dq_project.not_null_stg_orders_order_id.81cfe2fe64
[0m19:07:08.138278 [info ] [Thread-2 (]: 6 of 8 START test not_null_stg_orders_status ................................... [RUN]
[0m19:07:08.138278 [info ] [Thread-4 (]: 4 of 8 PASS not_null_stg_orders_customer_id .................................... [[32mPASS[0m in 0.09s]
[0m19:07:08.138278 [debug] [Thread-3 (]: Writing injected SQL for node "test.dq_project.not_null_stg_orders_order_id.81cfe2fe64"
[0m19:07:08.138278 [debug] [Thread-1 (]: On test.dq_project.accepted_values_stg_orders_status__placed__shipped__delivered__cancelled__returned.c02af3e6b1: Close
[0m19:07:08.138278 [debug] [Thread-2 (]: Re-using an available connection from the pool (formerly test.dq_project.assert_no_negative_order_amounts, now test.dq_project.not_null_stg_orders_status.2b01eecbd6)
[0m19:07:08.138278 [debug] [Thread-4 (]: Finished running node test.dq_project.not_null_stg_orders_customer_id.af79d5e4b5
[0m19:07:08.138278 [debug] [Thread-2 (]: Began compiling node test.dq_project.not_null_stg_orders_status.2b01eecbd6
[0m19:07:08.155652 [info ] [Thread-1 (]: 1 of 8 PASS accepted_values_stg_orders_status__placed__shipped__delivered__cancelled__returned  [[32mPASS[0m in 0.10s]
[0m19:07:08.155652 [debug] [Thread-4 (]: Began running node test.dq_project.relationships_stg_orders_customer_id__customer_id__ref_stg_customers_.430bf21500
[0m19:07:08.158168 [debug] [Thread-2 (]: Writing injected SQL for node "test.dq_project.not_null_stg_orders_status.2b01eecbd6"
[0m19:07:08.158168 [debug] [Thread-3 (]: Began executing node test.dq_project.not_null_stg_orders_order_id.81cfe2fe64
[0m19:07:08.158168 [debug] [Thread-1 (]: Finished running node test.dq_project.accepted_values_stg_orders_status__placed__shipped__delivered__cancelled__returned.c02af3e6b1
[0m19:07:08.158168 [info ] [Thread-4 (]: 7 of 8 START test relationships_stg_orders_customer_id__customer_id__ref_stg_customers_  [RUN]
[0m19:07:08.166052 [debug] [Thread-3 (]: Writing runtime sql for node "test.dq_project.not_null_stg_orders_order_id.81cfe2fe64"
[0m19:07:08.166052 [debug] [Thread-1 (]: Began running node test.dq_project.unique_stg_orders_order_id.e3b841c71a
[0m19:07:08.166052 [debug] [Thread-4 (]: Re-using an available connection from the pool (formerly test.dq_project.not_null_stg_orders_customer_id.af79d5e4b5, now test.dq_project.relationships_stg_orders_customer_id__customer_id__ref_stg_customers_.430bf21500)
[0m19:07:08.168065 [info ] [Thread-1 (]: 8 of 8 START test unique_stg_orders_order_id ................................... [RUN]
[0m19:07:08.168065 [debug] [Thread-2 (]: Began executing node test.dq_project.not_null_stg_orders_status.2b01eecbd6
[0m19:07:08.168065 [debug] [Thread-4 (]: Began compiling node test.dq_project.relationships_stg_orders_customer_id__customer_id__ref_stg_customers_.430bf21500
[0m19:07:08.168065 [debug] [Thread-3 (]: Using postgres connection "test.dq_project.not_null_stg_orders_order_id.81cfe2fe64"
[0m19:07:08.168065 [debug] [Thread-1 (]: Re-using an available connection from the pool (formerly test.dq_project.accepted_values_stg_orders_status__placed__shipped__delivered__cancelled__returned.c02af3e6b1, now test.dq_project.unique_stg_orders_order_id.e3b841c71a)
[0m19:07:08.171334 [debug] [Thread-2 (]: Writing runtime sql for node "test.dq_project.not_null_stg_orders_status.2b01eecbd6"
[0m19:07:08.178316 [debug] [Thread-4 (]: Writing injected SQL for node "test.dq_project.relationships_stg_orders_customer_id__customer_id__ref_stg_customers_.430bf21500"
[0m19:07:08.178316 [debug] [Thread-3 (]: On test.dq_project.not_null_stg_orders_order_id.81cfe2fe64: BEGIN
[0m19:07:08.178316 [debug] [Thread-1 (]: Began compiling node test.dq_project.unique_stg_orders_order_id.e3b841c71a
[0m19:07:08.178316 [debug] [Thread-3 (]: Opening a new connection, currently in state closed
[0m19:07:08.178316 [debug] [Thread-1 (]: Writing injected SQL for node "test.dq_project.unique_stg_orders_order_id.e3b841c71a"
[0m19:07:08.178316 [debug] [Thread-4 (]: Began executing node test.dq_project.relationships_stg_orders_customer_id__customer_id__ref_stg_customers_.430bf21500
[0m19:07:08.178316 [debug] [Thread-4 (]: Writing runtime sql for node "test.dq_project.relationships_stg_orders_customer_id__customer_id__ref_stg_customers_.430bf21500"
[0m19:07:08.178316 [debug] [Thread-2 (]: Using postgres connection "test.dq_project.not_null_stg_orders_status.2b01eecbd6"
[0m19:07:08.178316 [debug] [Thread-2 (]: On test.dq_project.not_null_stg_orders_status.2b01eecbd6: BEGIN
[0m19:07:08.178316 [debug] [Thread-2 (]: Opening a new connection, currently in state closed
[0m19:07:08.178316 [debug] [Thread-4 (]: Using postgres connection "test.dq_project.relationships_stg_orders_customer_id__customer_id__ref_stg_customers_.430bf21500"
[0m19:07:08.178316 [debug] [Thread-1 (]: Began executing node test.dq_project.unique_stg_orders_order_id.e3b841c71a
[0m19:07:08.178316 [debug] [Thread-4 (]: On test.dq_project.relationships_stg_orders_customer_id__customer_id__ref_stg_customers_.430bf21500: BEGIN
[0m19:07:08.194320 [debug] [Thread-1 (]: Writing runtime sql for node "test.dq_project.unique_stg_orders_order_id.e3b841c71a"
[0m19:07:08.194320 [debug] [Thread-4 (]: Opening a new connection, currently in state closed
[0m19:07:08.196084 [debug] [Thread-1 (]: Using postgres connection "test.dq_project.unique_stg_orders_order_id.e3b841c71a"
[0m19:07:08.197893 [debug] [Thread-1 (]: On test.dq_project.unique_stg_orders_order_id.e3b841c71a: BEGIN
[0m19:07:08.197893 [debug] [Thread-1 (]: Opening a new connection, currently in state closed
[0m19:07:08.197893 [debug] [Thread-3 (]: SQL status: BEGIN in 0.021 seconds
[0m19:07:08.197893 [debug] [Thread-3 (]: Using postgres connection "test.dq_project.not_null_stg_orders_order_id.81cfe2fe64"
[0m19:07:08.197893 [debug] [Thread-3 (]: On test.dq_project.not_null_stg_orders_order_id.81cfe2fe64: /* {"app": "dbt", "dbt_version": "1.8.8", "profile_name": "dq_project", "target_name": "dev", "node_id": "test.dq_project.not_null_stg_orders_order_id.81cfe2fe64"} */
select
      count(*) as failures,
      count(*) != 0 as should_warn,
      count(*) != 0 as should_error
    from (
      
    
    



select order_id
from "dq_db"."analytics_staging"."stg_orders"
where order_id is null



      
    ) dbt_internal_test
[0m19:07:08.197893 [debug] [Thread-3 (]: SQL status: SELECT 1 in 0.003 seconds
[0m19:07:08.206178 [debug] [Thread-3 (]: On test.dq_project.not_null_stg_orders_order_id.81cfe2fe64: ROLLBACK
[0m19:07:08.207796 [debug] [Thread-3 (]: On test.dq_project.not_null_stg_orders_order_id.81cfe2fe64: Close
[0m19:07:08.210415 [debug] [Thread-2 (]: SQL status: BEGIN in 0.020 seconds
[0m19:07:08.207796 [info ] [Thread-3 (]: 5 of 8 PASS not_null_stg_orders_order_id ....................................... [[32mPASS[0m in 0.07s]
[0m19:07:08.211044 [debug] [Thread-2 (]: Using postgres connection "test.dq_project.not_null_stg_orders_status.2b01eecbd6"
[0m19:07:08.211044 [debug] [Thread-3 (]: Finished running node test.dq_project.not_null_stg_orders_order_id.81cfe2fe64
[0m19:07:08.211044 [debug] [Thread-2 (]: On test.dq_project.not_null_stg_orders_status.2b01eecbd6: /* {"app": "dbt", "dbt_version": "1.8.8", "profile_name": "dq_project", "target_name": "dev", "node_id": "test.dq_project.not_null_stg_orders_status.2b01eecbd6"} */
select
      count(*) as failures,
      count(*) != 0 as should_warn,
      count(*) != 0 as should_error
    from (
      
    
    



select status
from "dq_db"."analytics_staging"."stg_orders"
where status is null



      
    ) dbt_internal_test
[0m19:07:08.211044 [debug] [Thread-2 (]: SQL status: SELECT 1 in 0.001 seconds
[0m19:07:08.211044 [debug] [Thread-2 (]: On test.dq_project.not_null_stg_orders_status.2b01eecbd6: ROLLBACK
[0m19:07:08.218048 [debug] [Thread-4 (]: SQL status: BEGIN in 0.023 seconds
[0m19:07:08.218048 [debug] [Thread-4 (]: Using postgres connection "test.dq_project.relationships_stg_orders_customer_id__customer_id__ref_stg_customers_.430bf21500"
[0m19:07:08.218048 [debug] [Thread-4 (]: On test.dq_project.relationships_stg_orders_customer_id__customer_id__ref_stg_customers_.430bf21500: /* {"app": "dbt", "dbt_version": "1.8.8", "profile_name": "dq_project", "target_name": "dev", "node_id": "test.dq_project.relationships_stg_orders_customer_id__customer_id__ref_stg_customers_.430bf21500"} */
select
      count(*) as failures,
      count(*) != 0 as should_warn,
      count(*) != 0 as should_error
    from (
      
    
    

with child as (
    select customer_id as from_field
    from "dq_db"."analytics_staging"."stg_orders"
    where customer_id is not null
),

parent as (
    select customer_id as to_field
    from "dq_db"."analytics_staging"."stg_customers"
)

select
    from_field

from child
left join parent
    on child.from_field = parent.to_field

where parent.to_field is null



      
    ) dbt_internal_test
[0m19:07:08.218048 [debug] [Thread-2 (]: On test.dq_project.not_null_stg_orders_status.2b01eecbd6: Close
[0m19:07:08.218048 [debug] [Thread-1 (]: SQL status: BEGIN in 0.022 seconds
[0m19:07:08.218048 [debug] [Thread-1 (]: Using postgres connection "test.dq_project.unique_stg_orders_order_id.e3b841c71a"
[0m19:07:08.218048 [debug] [Thread-1 (]: On test.dq_project.unique_stg_orders_order_id.e3b841c71a: /* {"app": "dbt", "dbt_version": "1.8.8", "profile_name": "dq_project", "target_name": "dev", "node_id": "test.dq_project.unique_stg_orders_order_id.e3b841c71a"} */
select
      count(*) as failures,
      count(*) != 0 as should_warn,
      count(*) != 0 as should_error
    from (
      
    
    

select
    order_id as unique_field,
    count(*) as n_records

from "dq_db"."analytics_staging"."stg_orders"
where order_id is not null
group by order_id
having count(*) > 1



      
    ) dbt_internal_test
[0m19:07:08.218048 [info ] [Thread-2 (]: 6 of 8 PASS not_null_stg_orders_status ......................................... [[32mPASS[0m in 0.08s]
[0m19:07:08.218048 [debug] [Thread-4 (]: SQL status: SELECT 1 in 0.002 seconds
[0m19:07:08.218048 [debug] [Thread-2 (]: Finished running node test.dq_project.not_null_stg_orders_status.2b01eecbd6
[0m19:07:08.218048 [debug] [Thread-4 (]: On test.dq_project.relationships_stg_orders_customer_id__customer_id__ref_stg_customers_.430bf21500: ROLLBACK
[0m19:07:08.218048 [debug] [Thread-1 (]: SQL status: SELECT 1 in 0.002 seconds
[0m19:07:08.218048 [debug] [Thread-4 (]: On test.dq_project.relationships_stg_orders_customer_id__customer_id__ref_stg_customers_.430bf21500: Close
[0m19:07:08.226293 [debug] [Thread-1 (]: On test.dq_project.unique_stg_orders_order_id.e3b841c71a: ROLLBACK
[0m19:07:08.227804 [debug] [Thread-1 (]: On test.dq_project.unique_stg_orders_order_id.e3b841c71a: Close
[0m19:07:08.227804 [info ] [Thread-4 (]: 7 of 8 PASS relationships_stg_orders_customer_id__customer_id__ref_stg_customers_  [[32mPASS[0m in 0.06s]
[0m19:07:08.227804 [debug] [Thread-4 (]: Finished running node test.dq_project.relationships_stg_orders_customer_id__customer_id__ref_stg_customers_.430bf21500
[0m19:07:08.227804 [info ] [Thread-1 (]: 8 of 8 PASS unique_stg_orders_order_id ......................................... [[32mPASS[0m in 0.06s]
[0m19:07:08.227804 [debug] [Thread-1 (]: Finished running node test.dq_project.unique_stg_orders_order_id.e3b841c71a
[0m19:07:08.227804 [debug] [MainThread]: Using postgres connection "master"
[0m19:07:08.227804 [debug] [MainThread]: On master: BEGIN
[0m19:07:08.227804 [debug] [MainThread]: Opening a new connection, currently in state closed
[0m19:07:08.254106 [debug] [MainThread]: SQL status: BEGIN in 0.020 seconds
[0m19:07:08.255079 [debug] [MainThread]: On master: COMMIT
[0m19:07:08.255079 [debug] [MainThread]: Using postgres connection "master"
[0m19:07:08.255079 [debug] [MainThread]: On master: COMMIT
[0m19:07:08.256105 [debug] [MainThread]: SQL status: COMMIT in 0.000 seconds
[0m19:07:08.256105 [debug] [MainThread]: On master: Close
[0m19:07:08.257079 [debug] [MainThread]: Connection 'master' was properly closed.
[0m19:07:08.257079 [debug] [MainThread]: Connection 'list_dq_db_analytics_staging' was properly closed.
[0m19:07:08.257079 [debug] [MainThread]: Connection 'test.dq_project.unique_stg_orders_order_id.e3b841c71a' was properly closed.
[0m19:07:08.257079 [debug] [MainThread]: Connection 'test.dq_project.not_null_stg_orders_status.2b01eecbd6' was properly closed.
[0m19:07:08.258862 [debug] [MainThread]: Connection 'test.dq_project.not_null_stg_orders_order_id.81cfe2fe64' was properly closed.
[0m19:07:08.258862 [debug] [MainThread]: Connection 'test.dq_project.relationships_stg_orders_customer_id__customer_id__ref_stg_customers_.430bf21500' was properly closed.
[0m19:07:08.258862 [info ] [MainThread]: 
[0m19:07:08.258862 [info ] [MainThread]: Finished running 8 data tests in 0 hours 0 minutes and 0.32 seconds (0.32s).
[0m19:07:08.258862 [debug] [MainThread]: Command end result
[0m19:07:08.354262 [info ] [MainThread]: 
[0m19:07:08.354262 [info ] [MainThread]: [32mCompleted successfully[0m
[0m19:07:08.354262 [info ] [MainThread]: 
[0m19:07:08.354262 [info ] [MainThread]: Done. PASS=8 WARN=0 ERROR=0 SKIP=0 TOTAL=8
[0m19:07:08.354262 [debug] [MainThread]: Command `dbt test` succeeded at 19:07:08.354262 after 1.04 seconds
[0m19:07:08.354262 [debug] [MainThread]: Sending event: {'category': 'dbt', 'action': 'invocation', 'label': 'end', 'context': [<snowplow_tracker.self_describing_json.SelfDescribingJson object at 0x000001896B821340>, <snowplow_tracker.self_describing_json.SelfDescribingJson object at 0x000001896AE939E0>, <snowplow_tracker.self_describing_json.SelfDescribingJson object at 0x000001896DEA4A70>]}
[0m19:07:08.354262 [debug] [MainThread]: Flushing usage events
[0m19:07:11.597807 [debug] [MainThread]: Sending event: {'category': 'dbt', 'action': 'invocation', 'label': 'start', 'context': [<snowplow_tracker.self_describing_json.SelfDescribingJson object at 0x000001CCBAC27E00>, <snowplow_tracker.self_describing_json.SelfDescribingJson object at 0x000001CCBAC26C60>, <snowplow_tracker.self_describing_json.SelfDescribingJson object at 0x000001CCBAC279B0>]}


============================== 19:07:11.597807 | f2a0650a-90fd-4ba2-9347-57098043e080 ==============================
[0m19:07:11.597807 [info ] [MainThread]: Running with dbt=1.8.8
[0m19:07:11.597807 [debug] [MainThread]: running dbt with arguments {'printer_width': '80', 'indirect_selection': 'eager', 'log_cache_events': 'False', 'write_json': 'True', 'partial_parse': 'True', 'cache_selected_only': 'False', 'warn_error': 'None', 'debug': 'False', 'version_check': 'True', 'log_path': 'C:\\Users\\gsuji\\Downloads\\Data-Quality-Testing-Framework\\dbt_project\\logs', 'profiles_dir': 'C:\\Users\\gsuji\\Downloads\\Data-Quality-Testing-Framework\\dbt_project', 'fail_fast': 'False', 'use_colors': 'True', 'use_experimental_parser': 'False', 'empty': 'None', 'quiet': 'False', 'no_print': 'None', 'warn_error_options': 'WarnErrorOptions(include=[], exclude=[])', 'static_parser': 'True', 'log_format': 'default', 'invocation_command': 'dbt test --select stg_orders --project-dir C:\\Users\\gsuji\\Downloads\\Data-Quality-Testing-Framework\\dbt_project --profiles-dir C:\\Users\\gsuji\\Downloads\\Data-Quality-Testing-Framework\\dbt_project', 'target_path': 'None', 'introspect': 'True', 'send_anonymous_usage_stats': 'True'}
[0m19:07:11.748217 [debug] [MainThread]: Sending event: {'category': 'dbt', 'action': 'project_id', 'label': 'f2a0650a-90fd-4ba2-9347-57098043e080', 'context': [<snowplow_tracker.self_describing_json.SelfDescribingJson object at 0x000001CCBBF45550>]}
[0m19:07:11.800265 [debug] [MainThread]: Sending event: {'category': 'dbt', 'action': 'adapter_info', 'label': 'f2a0650a-90fd-4ba2-9347-57098043e080', 'context': [<snowplow_tracker.self_describing_json.SelfDescribingJson object at 0x000001CCBBF6DDF0>]}
[0m19:07:11.800265 [info ] [MainThread]: Registered adapter: postgres=1.8.2
[0m19:07:11.812071 [debug] [MainThread]: checksum: ec53e341a936509427e16df1c646386a84befec52c1957e3f4359fbc36fc93f5, vars: {}, profile: , target: , version: 1.8.8
[0m19:07:12.017813 [debug] [MainThread]: Partial parsing enabled: 0 files deleted, 0 files added, 0 files changed.
[0m19:07:12.017813 [debug] [MainThread]: Partial parsing enabled, no changes found, skipping parsing
[0m19:07:12.048029 [debug] [MainThread]: Sending event: {'category': 'dbt', 'action': 'load_project', 'label': 'f2a0650a-90fd-4ba2-9347-57098043e080', 'context': [<snowplow_tracker.self_describing_json.SelfDescribingJson object at 0x000001CCBC617980>]}
[0m19:07:12.135893 [debug] [MainThread]: Sending event: {'category': 'dbt', 'action': 'resource_counts', 'label': 'f2a0650a-90fd-4ba2-9347-57098043e080', 'context': [<snowplow_tracker.self_describing_json.SelfDescribingJson object at 0x000001CCBC8A5E20>]}
[0m19:07:12.135893 [info ] [MainThread]: Found 2 models, 14 data tests, 424 macros
[0m19:07:12.135893 [debug] [MainThread]: Sending event: {'category': 'dbt', 'action': 'runnable_timing', 'label': 'f2a0650a-90fd-4ba2-9347-57098043e080', 'context': [<snowplow_tracker.self_describing_json.SelfDescribingJson object at 0x000001CCBC5AEB40>]}
[0m19:07:12.137926 [info ] [MainThread]: 
[0m19:07:12.137926 [debug] [MainThread]: Acquiring new postgres connection 'master'
[0m19:07:12.137926 [debug] [ThreadPool]: Acquiring new postgres connection 'list_dq_db_analytics_staging'
[0m19:07:12.185920 [debug] [ThreadPool]: Using postgres connection "list_dq_db_analytics_staging"
[0m19:07:12.185920 [debug] [ThreadPool]: On list_dq_db_analytics_staging: BEGIN
[0m19:07:12.187968 [debug] [ThreadPool]: Opening a new connection, currently in state init
[0m19:07:12.220107 [debug] [ThreadPool]: SQL status: BEGIN in 0.034 seconds
[0m19:07:12.220107 [debug] [ThreadPool]: Using postgres connection "list_dq_db_analytics_staging"
[0m19:07:12.220107 [debug] [ThreadPool]: On list_dq_db_analytics_staging: /* {"app": "dbt", "dbt_version": "1.8.8", "profile_name": "dq_project", "target_name": "dev", "connection_name": "list_dq_db_analytics_staging"} */
select
      'dq_db' as database,
      tablename as name,
      schemaname as schema,
      'table' as type
    from pg_tables
    where schemaname ilike 'analytics_staging'
    union all
    select
      'dq_db' as database,
      viewname as name,
      schemaname as schema,
      'view' as type
    from pg_views
    where schemaname ilike 'analytics_staging'
    union all
    select
      'dq_db' as database,
      matviewname as name,
      schemaname as schema,
      'materialized_view' as type
    from pg_matviews
    where schemaname ilike 'analytics_staging'
  
[0m19:07:12.224324 [debug] [ThreadPool]: SQL status: SELECT 2 in 0.002 seconds
[0m19:07:12.226341 [debug] [ThreadPool]: On list_dq_db_analytics_staging: ROLLBACK
[0m19:07:12.227012 [debug] [ThreadPool]: On list_dq_db_analytics_staging: Close
[0m19:07:12.232102 [debug] [MainThread]: Using postgres connection "master"
[0m19:07:12.232102 [debug] [MainThread]: On master: BEGIN
[0m19:07:12.232102 [debug] [MainThread]: Opening a new connection, currently in state init
[0m19:07:12.260753 [debug] [MainThread]: SQL status: BEGIN in 0.028 seconds
[0m19:07:12.261283 [debug] [MainThread]: Using postgres connection "master"
[0m19:07:12.261283 [debug] [MainThread]: On master: /* {"app": "dbt", "dbt_version": "1.8.8", "profile_name": "dq_project", "target_name": "dev", "connection_name": "master"} */
with relation as (
        select
            pg_rewrite.ev_class as class,
            pg_rewrite.oid as id
        from pg_rewrite
    ),
    class as (
        select
            oid as id,
            relname as name,
            relnamespace as schema,
            relkind as kind
        from pg_class
    ),
    dependency as (
        select distinct
            pg_depend.objid as id,
            pg_depend.refobjid as ref
        from pg_depend
    ),
    schema as (
        select
            pg_namespace.oid as id,
            pg_namespace.nspname as name
        from pg_namespace
        where nspname != 'information_schema' and nspname not like 'pg\_%'
    ),
    referenced as (
        select
            relation.id AS id,
            referenced_class.name ,
            referenced_class.schema ,
            referenced_class.kind
        from relation
        join class as referenced_class on relation.class=referenced_class.id
        where referenced_class.kind in ('r', 'v', 'm')
    ),
    relationships as (
        select
            referenced.name as referenced_name,
            referenced.schema as referenced_schema_id,
            dependent_class.name as dependent_name,
            dependent_class.schema as dependent_schema_id,
            referenced.kind as kind
        from referenced
        join dependency on referenced.id=dependency.id
        join class as dependent_class on dependency.ref=dependent_class.id
        where
            (referenced.name != dependent_class.name or
             referenced.schema != dependent_class.schema)
    )

    select
        referenced_schema.name as referenced_schema,
        relationships.referenced_name as referenced_name,
        dependent_schema.name as dependent_schema,
        relationships.dependent_name as dependent_name
    from relationships
    join schema as dependent_schema on relationships.dependent_schema_id=dependent_schema.id
    join schema as referenced_schema on relationships.referenced_schema_id=referenced_schema.id
    group by referenced_schema, referenced_name, dependent_schema, dependent_name
    order by referenced_schema, referenced_name, dependent_schema, dependent_name;
[0m19:07:12.264887 [debug] [MainThread]: SQL status: SELECT 2 in 0.003 seconds
[0m19:07:12.264887 [debug] [MainThread]: Sending event: {'category': 'dbt', 'action': 'runnable_timing', 'label': 'f2a0650a-90fd-4ba2-9347-57098043e080', 'context': [<snowplow_tracker.self_describing_json.SelfDescribingJson object at 0x000001CCBBF6D7F0>]}
[0m19:07:12.264887 [debug] [MainThread]: On master: ROLLBACK
[0m19:07:12.264887 [debug] [MainThread]: Using postgres connection "master"
[0m19:07:12.264887 [debug] [MainThread]: On master: BEGIN
[0m19:07:12.268177 [debug] [MainThread]: SQL status: BEGIN in 0.001 seconds
[0m19:07:12.268177 [debug] [MainThread]: On master: COMMIT
[0m19:07:12.268177 [debug] [MainThread]: Using postgres connection "master"
[0m19:07:12.268177 [debug] [MainThread]: On master: COMMIT
[0m19:07:12.270868 [debug] [MainThread]: SQL status: COMMIT in 0.001 seconds
[0m19:07:12.270868 [debug] [MainThread]: On master: Close
[0m19:07:12.270868 [info ] [MainThread]: Concurrency: 4 threads (target='dev')
[0m19:07:12.270868 [info ] [MainThread]: 
[0m19:07:12.275095 [debug] [Thread-1 (]: Began running node test.dq_project.accepted_values_stg_orders_status__placed__shipped__delivered__cancelled__returned.c02af3e6b1
[0m19:07:12.276130 [debug] [Thread-2 (]: Began running node test.dq_project.assert_no_negative_order_amounts
[0m19:07:12.276130 [debug] [Thread-3 (]: Began running node test.dq_project.not_null_stg_orders_amount.2546645448
[0m19:07:12.276130 [info ] [Thread-1 (]: 1 of 8 START test accepted_values_stg_orders_status__placed__shipped__delivered__cancelled__returned  [RUN]
[0m19:07:12.278143 [debug] [Thread-4 (]: Began running node test.dq_project.not_null_stg_orders_customer_id.af79d5e4b5
[0m19:07:12.278143 [info ] [Thread-2 (]: 2 of 8 START test assert_no_negative_order_amounts ............................. [RUN]
[0m19:07:12.280171 [info ] [Thread-3 (]: 3 of 8 START test not_null_stg_orders_amount ................................... [RUN]
[0m19:07:12.280171 [debug] [Thread-1 (]: Acquiring new postgres connection 'test.dq_project.accepted_values_stg_orders_status__placed__shipped__delivered__cancelled__returned.c02af3e6b1'
[0m19:07:12.280171 [info ] [Thread-4 (]: 4 of 8 START test not_null_stg_orders_customer_id .............................. [RUN]
[0m19:07:12.282174 [debug] [Thread-2 (]: Acquiring new postgres connection 'test.dq_project.assert_no_negative_order_amounts'
[0m19:07:12.282174 [debug] [Thread-3 (]: Acquiring new postgres connection 'test.dq_project.not_null_stg_orders_amount.2546645448'
[0m19:07:12.282174 [debug] [Thread-1 (]: Began compiling node test.dq_project.accepted_values_stg_orders_status__placed__shipped__delivered__cancelled__returned.c02af3e6b1
[0m19:07:12.282174 [debug] [Thread-4 (]: Acquiring new postgres connection 'test.dq_project.not_null_stg_orders_customer_id.af79d5e4b5'
[0m19:07:12.282174 [debug] [Thread-2 (]: Began compiling node test.dq_project.assert_no_negative_order_amounts
[0m19:07:12.282174 [debug] [Thread-3 (]: Began compiling node test.dq_project.not_null_stg_orders_amount.2546645448
[0m19:07:12.299229 [debug] [Thread-1 (]: Writing injected SQL for node "test.dq_project.accepted_values_stg_orders_status__placed__shipped__delivered__cancelled__returned.c02af3e6b1"
[0m19:07:12.299229 [debug] [Thread-4 (]: Began compiling node test.dq_project.not_null_stg_orders_customer_id.af79d5e4b5
[0m19:07:12.299229 [debug] [Thread-2 (]: Writing injected SQL for node "test.dq_project.assert_no_negative_order_amounts"
[0m19:07:12.308853 [debug] [Thread-3 (]: Writing injected SQL for node "test.dq_project.not_null_stg_orders_amount.2546645448"
[0m19:07:12.319672 [debug] [Thread-4 (]: Writing injected SQL for node "test.dq_project.not_null_stg_orders_customer_id.af79d5e4b5"
[0m19:07:12.320983 [debug] [Thread-1 (]: Began executing node test.dq_project.accepted_values_stg_orders_status__placed__shipped__delivered__cancelled__returned.c02af3e6b1
[0m19:07:12.335223 [debug] [Thread-1 (]: Writing runtime sql for node "test.dq_project.accepted_values_stg_orders_status__placed__shipped__delivered__cancelled__returned.c02af3e6b1"
[0m19:07:12.336301 [debug] [Thread-2 (]: Began executing node test.dq_project.assert_no_negative_order_amounts
[0m19:07:12.337071 [debug] [Thread-3 (]: Began executing node test.dq_project.not_null_stg_orders_amount.2546645448
[0m19:07:12.340507 [debug] [Thread-2 (]: Writing runtime sql for node "test.dq_project.assert_no_negative_order_amounts"
[0m19:07:12.343311 [debug] [Thread-3 (]: Writing runtime sql for node "test.dq_project.not_null_stg_orders_amount.2546645448"
[0m19:07:12.343882 [debug] [Thread-1 (]: Using postgres connection "test.dq_project.accepted_values_stg_orders_status__placed__shipped__delivered__cancelled__returned.c02af3e6b1"
[0m19:07:12.344409 [debug] [Thread-4 (]: Began executing node test.dq_project.not_null_stg_orders_customer_id.af79d5e4b5
[0m19:07:12.344949 [debug] [Thread-1 (]: On test.dq_project.accepted_values_stg_orders_status__placed__shipped__delivered__cancelled__returned.c02af3e6b1: BEGIN
[0m19:07:12.347244 [debug] [Thread-4 (]: Writing runtime sql for node "test.dq_project.not_null_stg_orders_customer_id.af79d5e4b5"
[0m19:07:12.347244 [debug] [Thread-3 (]: Using postgres connection "test.dq_project.not_null_stg_orders_amount.2546645448"
[0m19:07:12.348260 [debug] [Thread-1 (]: Opening a new connection, currently in state init
[0m19:07:12.348910 [debug] [Thread-2 (]: Using postgres connection "test.dq_project.assert_no_negative_order_amounts"
[0m19:07:12.349538 [debug] [Thread-3 (]: On test.dq_project.not_null_stg_orders_amount.2546645448: BEGIN
[0m19:07:12.350707 [debug] [Thread-2 (]: On test.dq_project.assert_no_negative_order_amounts: BEGIN
[0m19:07:12.351249 [debug] [Thread-4 (]: Using postgres connection "test.dq_project.not_null_stg_orders_customer_id.af79d5e4b5"
[0m19:07:12.351249 [debug] [Thread-3 (]: Opening a new connection, currently in state init
[0m19:07:12.351249 [debug] [Thread-2 (]: Opening a new connection, currently in state init
[0m19:07:12.351249 [debug] [Thread-4 (]: On test.dq_project.not_null_stg_orders_customer_id.af79d5e4b5: BEGIN
[0m19:07:12.351249 [debug] [Thread-4 (]: Opening a new connection, currently in state init
[0m19:07:12.370228 [debug] [Thread-1 (]: SQL status: BEGIN in 0.022 seconds
[0m19:07:12.370228 [debug] [Thread-1 (]: Using postgres connection "test.dq_project.accepted_values_stg_orders_status__placed__shipped__delivered__cancelled__returned.c02af3e6b1"
[0m19:07:12.370228 [debug] [Thread-1 (]: On test.dq_project.accepted_values_stg_orders_status__placed__shipped__delivered__cancelled__returned.c02af3e6b1: /* {"app": "dbt", "dbt_version": "1.8.8", "profile_name": "dq_project", "target_name": "dev", "node_id": "test.dq_project.accepted_values_stg_orders_status__placed__shipped__delivered__cancelled__returned.c02af3e6b1"} */
select
      count(*) as failures,
      count(*) != 0 as should_warn,
      count(*) != 0 as should_error
    from (
      
    
    

with all_values as (

    select
        status as value_field,
        count(*) as n_records

    from "dq_db"."analytics_staging"."stg_orders"
    group by status

)

select *
from all_values
where value_field not in (
    'placed','shipped','delivered','cancelled','returned'
)



      
    ) dbt_internal_test
[0m19:07:12.371733 [debug] [Thread-3 (]: SQL status: BEGIN in 0.021 seconds
[0m19:07:12.371733 [debug] [Thread-3 (]: Using postgres connection "test.dq_project.not_null_stg_orders_amount.2546645448"
[0m19:07:12.371733 [debug] [Thread-3 (]: On test.dq_project.not_null_stg_orders_amount.2546645448: /* {"app": "dbt", "dbt_version": "1.8.8", "profile_name": "dq_project", "target_name": "dev", "node_id": "test.dq_project.not_null_stg_orders_amount.2546645448"} */
select
      count(*) as failures,
      count(*) != 0 as should_warn,
      count(*) != 0 as should_error
    from (
      
    
    



select amount
from "dq_db"."analytics_staging"."stg_orders"
where amount is null



      
    ) dbt_internal_test
[0m19:07:12.371733 [debug] [Thread-2 (]: SQL status: BEGIN in 0.021 seconds
[0m19:07:12.371733 [debug] [Thread-2 (]: Using postgres connection "test.dq_project.assert_no_negative_order_amounts"
[0m19:07:12.374694 [debug] [Thread-2 (]: On test.dq_project.assert_no_negative_order_amounts: /* {"app": "dbt", "dbt_version": "1.8.8", "profile_name": "dq_project", "target_name": "dev", "node_id": "test.dq_project.assert_no_negative_order_amounts"} */
select
      count(*) as failures,
      count(*) != 0 as should_warn,
      count(*) != 0 as should_error
    from (
      -- Singular test: fails (returns rows) if any order has a negative amount.
-- dbt tests "pass" when the query returns zero rows.

select order_id, amount
from "dq_db"."analytics_staging"."stg_orders"
where amount < 0
      
    ) dbt_internal_test
[0m19:07:12.374694 [debug] [Thread-1 (]: SQL status: SELECT 1 in 0.004 seconds
[0m19:07:12.376203 [debug] [Thread-3 (]: SQL status: SELECT 1 in 0.003 seconds
[0m19:07:12.380222 [debug] [Thread-1 (]: On test.dq_project.accepted_values_stg_orders_status__placed__shipped__delivered__cancelled__returned.c02af3e6b1: ROLLBACK
[0m19:07:12.382224 [debug] [Thread-2 (]: SQL status: SELECT 1 in 0.007 seconds
[0m19:07:12.383231 [debug] [Thread-3 (]: On test.dq_project.not_null_stg_orders_amount.2546645448: ROLLBACK
[0m19:07:12.383231 [debug] [Thread-2 (]: On test.dq_project.assert_no_negative_order_amounts: ROLLBACK
[0m19:07:12.383231 [debug] [Thread-1 (]: On test.dq_project.accepted_values_stg_orders_status__placed__shipped__delivered__cancelled__returned.c02af3e6b1: Close
[0m19:07:12.383231 [debug] [Thread-2 (]: On test.dq_project.assert_no_negative_order_amounts: Close
[0m19:07:12.383231 [info ] [Thread-1 (]: 1 of 8 PASS accepted_values_stg_orders_status__placed__shipped__delivered__cancelled__returned  [[32mPASS[0m in 0.10s]
[0m19:07:12.383231 [debug] [Thread-3 (]: On test.dq_project.not_null_stg_orders_amount.2546645448: Close
[0m19:07:12.383231 [debug] [Thread-4 (]: SQL status: BEGIN in 0.035 seconds
[0m19:07:12.383231 [info ] [Thread-2 (]: 2 of 8 PASS assert_no_negative_order_amounts ................................... [[32mPASS[0m in 0.10s]
[0m19:07:12.383231 [debug] [Thread-1 (]: Finished running node test.dq_project.accepted_values_stg_orders_status__placed__shipped__delivered__cancelled__returned.c02af3e6b1
[0m19:07:12.383231 [debug] [Thread-4 (]: Using postgres connection "test.dq_project.not_null_stg_orders_customer_id.af79d5e4b5"
[0m19:07:12.383231 [info ] [Thread-3 (]: 3 of 8 PASS not_null_stg_orders_amount ......................................... [[32mPASS[0m in 0.10s]
[0m19:07:12.383231 [debug] [Thread-2 (]: Finished running node test.dq_project.assert_no_negative_order_amounts
[0m19:07:12.383231 [debug] [Thread-1 (]: Began running node test.dq_project.not_null_stg_orders_order_id.81cfe2fe64
[0m19:07:12.383231 [debug] [Thread-4 (]: On test.dq_project.not_null_stg_orders_customer_id.af79d5e4b5: /* {"app": "dbt", "dbt_version": "1.8.8", "profile_name": "dq_project", "target_name": "dev", "node_id": "test.dq_project.not_null_stg_orders_customer_id.af79d5e4b5"} */
select
      count(*) as failures,
      count(*) != 0 as should_warn,
      count(*) != 0 as should_error
    from (
      
    
    



select customer_id
from "dq_db"."analytics_staging"."stg_orders"
where customer_id is null



      
    ) dbt_internal_test
[0m19:07:12.383231 [debug] [Thread-3 (]: Finished running node test.dq_project.not_null_stg_orders_amount.2546645448
[0m19:07:12.383231 [debug] [Thread-2 (]: Began running node test.dq_project.not_null_stg_orders_status.2b01eecbd6
[0m19:07:12.383231 [info ] [Thread-1 (]: 5 of 8 START test not_null_stg_orders_order_id ................................. [RUN]
[0m19:07:12.383231 [debug] [Thread-3 (]: Began running node test.dq_project.relationships_stg_orders_customer_id__customer_id__ref_stg_customers_.430bf21500
[0m19:07:12.383231 [info ] [Thread-2 (]: 6 of 8 START test not_null_stg_orders_status ................................... [RUN]
[0m19:07:12.394749 [debug] [Thread-1 (]: Re-using an available connection from the pool (formerly test.dq_project.accepted_values_stg_orders_status__placed__shipped__delivered__cancelled__returned.c02af3e6b1, now test.dq_project.not_null_stg_orders_order_id.81cfe2fe64)
[0m19:07:12.394749 [debug] [Thread-4 (]: SQL status: SELECT 1 in 0.002 seconds
[0m19:07:12.396263 [info ] [Thread-3 (]: 7 of 8 START test relationships_stg_orders_customer_id__customer_id__ref_stg_customers_  [RUN]
[0m19:07:12.396263 [debug] [Thread-2 (]: Re-using an available connection from the pool (formerly test.dq_project.assert_no_negative_order_amounts, now test.dq_project.not_null_stg_orders_status.2b01eecbd6)
[0m19:07:12.396263 [debug] [Thread-1 (]: Began compiling node test.dq_project.not_null_stg_orders_order_id.81cfe2fe64
[0m19:07:12.398296 [debug] [Thread-4 (]: On test.dq_project.not_null_stg_orders_customer_id.af79d5e4b5: ROLLBACK
[0m19:07:12.398296 [debug] [Thread-3 (]: Re-using an available connection from the pool (formerly test.dq_project.not_null_stg_orders_amount.2546645448, now test.dq_project.relationships_stg_orders_customer_id__customer_id__ref_stg_customers_.430bf21500)
[0m19:07:12.398296 [debug] [Thread-2 (]: Began compiling node test.dq_project.not_null_stg_orders_status.2b01eecbd6
[0m19:07:12.398296 [debug] [Thread-1 (]: Writing injected SQL for node "test.dq_project.not_null_stg_orders_order_id.81cfe2fe64"
[0m19:07:12.398296 [debug] [Thread-3 (]: Began compiling node test.dq_project.relationships_stg_orders_customer_id__customer_id__ref_stg_customers_.430bf21500
[0m19:07:12.406006 [debug] [Thread-2 (]: Writing injected SQL for node "test.dq_project.not_null_stg_orders_status.2b01eecbd6"
[0m19:07:12.406006 [debug] [Thread-4 (]: On test.dq_project.not_null_stg_orders_customer_id.af79d5e4b5: Close
[0m19:07:12.410147 [debug] [Thread-3 (]: Writing injected SQL for node "test.dq_project.relationships_stg_orders_customer_id__customer_id__ref_stg_customers_.430bf21500"
[0m19:07:12.410147 [info ] [Thread-4 (]: 4 of 8 PASS not_null_stg_orders_customer_id .................................... [[32mPASS[0m in 0.13s]
[0m19:07:12.417965 [debug] [Thread-4 (]: Finished running node test.dq_project.not_null_stg_orders_customer_id.af79d5e4b5
[0m19:07:12.417965 [debug] [Thread-4 (]: Began running node test.dq_project.unique_stg_orders_order_id.e3b841c71a
[0m19:07:12.417965 [debug] [Thread-1 (]: Began executing node test.dq_project.not_null_stg_orders_order_id.81cfe2fe64
[0m19:07:12.417965 [debug] [Thread-3 (]: Began executing node test.dq_project.relationships_stg_orders_customer_id__customer_id__ref_stg_customers_.430bf21500
[0m19:07:12.417965 [debug] [Thread-2 (]: Began executing node test.dq_project.not_null_stg_orders_status.2b01eecbd6
[0m19:07:12.417965 [info ] [Thread-4 (]: 8 of 8 START test unique_stg_orders_order_id ................................... [RUN]
[0m19:07:12.417965 [debug] [Thread-1 (]: Writing runtime sql for node "test.dq_project.not_null_stg_orders_order_id.81cfe2fe64"
[0m19:07:12.424532 [debug] [Thread-3 (]: Writing runtime sql for node "test.dq_project.relationships_stg_orders_customer_id__customer_id__ref_stg_customers_.430bf21500"
[0m19:07:12.426051 [debug] [Thread-2 (]: Writing runtime sql for node "test.dq_project.not_null_stg_orders_status.2b01eecbd6"
[0m19:07:12.426770 [debug] [Thread-4 (]: Re-using an available connection from the pool (formerly test.dq_project.not_null_stg_orders_customer_id.af79d5e4b5, now test.dq_project.unique_stg_orders_order_id.e3b841c71a)
[0m19:07:12.426770 [debug] [Thread-4 (]: Began compiling node test.dq_project.unique_stg_orders_order_id.e3b841c71a
[0m19:07:12.432075 [debug] [Thread-4 (]: Writing injected SQL for node "test.dq_project.unique_stg_orders_order_id.e3b841c71a"
[0m19:07:12.432075 [debug] [Thread-3 (]: Using postgres connection "test.dq_project.relationships_stg_orders_customer_id__customer_id__ref_stg_customers_.430bf21500"
[0m19:07:12.432075 [debug] [Thread-3 (]: On test.dq_project.relationships_stg_orders_customer_id__customer_id__ref_stg_customers_.430bf21500: BEGIN
[0m19:07:12.432075 [debug] [Thread-3 (]: Opening a new connection, currently in state closed
[0m19:07:12.434516 [debug] [Thread-1 (]: Using postgres connection "test.dq_project.not_null_stg_orders_order_id.81cfe2fe64"
[0m19:07:12.434516 [debug] [Thread-1 (]: On test.dq_project.not_null_stg_orders_order_id.81cfe2fe64: BEGIN
[0m19:07:12.434516 [debug] [Thread-1 (]: Opening a new connection, currently in state closed
[0m19:07:12.436022 [debug] [Thread-4 (]: Began executing node test.dq_project.unique_stg_orders_order_id.e3b841c71a
[0m19:07:12.438028 [debug] [Thread-4 (]: Writing runtime sql for node "test.dq_project.unique_stg_orders_order_id.e3b841c71a"
[0m19:07:12.438028 [debug] [Thread-2 (]: Using postgres connection "test.dq_project.not_null_stg_orders_status.2b01eecbd6"
[0m19:07:12.438028 [debug] [Thread-2 (]: On test.dq_project.not_null_stg_orders_status.2b01eecbd6: BEGIN
[0m19:07:12.438028 [debug] [Thread-2 (]: Opening a new connection, currently in state closed
[0m19:07:12.441757 [debug] [Thread-4 (]: Using postgres connection "test.dq_project.unique_stg_orders_order_id.e3b841c71a"
[0m19:07:12.441757 [debug] [Thread-4 (]: On test.dq_project.unique_stg_orders_order_id.e3b841c71a: BEGIN
[0m19:07:12.441757 [debug] [Thread-4 (]: Opening a new connection, currently in state closed
[0m19:07:12.450503 [debug] [Thread-1 (]: SQL status: BEGIN in 0.017 seconds
[0m19:07:12.450503 [debug] [Thread-1 (]: Using postgres connection "test.dq_project.not_null_stg_orders_order_id.81cfe2fe64"
[0m19:07:12.450503 [debug] [Thread-1 (]: On test.dq_project.not_null_stg_orders_order_id.81cfe2fe64: /* {"app": "dbt", "dbt_version": "1.8.8", "profile_name": "dq_project", "target_name": "dev", "node_id": "test.dq_project.not_null_stg_orders_order_id.81cfe2fe64"} */
select
      count(*) as failures,
      count(*) != 0 as should_warn,
      count(*) != 0 as should_error
    from (
      
    
    



select order_id
from "dq_db"."analytics_staging"."stg_orders"
where order_id is null



      
    ) dbt_internal_test
[0m19:07:12.450503 [debug] [Thread-1 (]: SQL status: SELECT 1 in 0.002 seconds
[0m19:07:12.450503 [debug] [Thread-1 (]: On test.dq_project.not_null_stg_orders_order_id.81cfe2fe64: ROLLBACK
[0m19:07:12.450503 [debug] [Thread-2 (]: SQL status: BEGIN in 0.016 seconds
[0m19:07:12.450503 [debug] [Thread-2 (]: Using postgres connection "test.dq_project.not_null_stg_orders_status.2b01eecbd6"
[0m19:07:12.450503 [debug] [Thread-2 (]: On test.dq_project.not_null_stg_orders_status.2b01eecbd6: /* {"app": "dbt", "dbt_version": "1.8.8", "profile_name": "dq_project", "target_name": "dev", "node_id": "test.dq_project.not_null_stg_orders_status.2b01eecbd6"} */
select
      count(*) as failures,
      count(*) != 0 as should_warn,
      count(*) != 0 as should_error
    from (
      
    
    



select status
from "dq_db"."analytics_staging"."stg_orders"
where status is null



      
    ) dbt_internal_test
[0m19:07:12.450503 [debug] [Thread-1 (]: On test.dq_project.not_null_stg_orders_order_id.81cfe2fe64: Close
[0m19:07:12.450503 [info ] [Thread-1 (]: 5 of 8 PASS not_null_stg_orders_order_id ....................................... [[32mPASS[0m in 0.06s]
[0m19:07:12.450503 [debug] [Thread-1 (]: Finished running node test.dq_project.not_null_stg_orders_order_id.81cfe2fe64
[0m19:07:12.450503 [debug] [Thread-2 (]: SQL status: SELECT 1 in 0.002 seconds
[0m19:07:12.450503 [debug] [Thread-2 (]: On test.dq_project.not_null_stg_orders_status.2b01eecbd6: ROLLBACK
[0m19:07:12.450503 [debug] [Thread-2 (]: On test.dq_project.not_null_stg_orders_status.2b01eecbd6: Close
[0m19:07:12.450503 [info ] [Thread-2 (]: 6 of 8 PASS not_null_stg_orders_status ......................................... [[32mPASS[0m in 0.05s]
[0m19:07:12.450503 [debug] [Thread-4 (]: SQL status: BEGIN in 0.021 seconds
[0m19:07:12.450503 [debug] [Thread-2 (]: Finished running node test.dq_project.not_null_stg_orders_status.2b01eecbd6
[0m19:07:12.466482 [debug] [Thread-4 (]: Using postgres connection "test.dq_project.unique_stg_orders_order_id.e3b841c71a"
[0m19:07:12.467783 [debug] [Thread-4 (]: On test.dq_project.unique_stg_orders_order_id.e3b841c71a: /* {"app": "dbt", "dbt_version": "1.8.8", "profile_name": "dq_project", "target_name": "dev", "node_id": "test.dq_project.unique_stg_orders_order_id.e3b841c71a"} */
select
      count(*) as failures,
      count(*) != 0 as should_warn,
      count(*) != 0 as should_error
    from (
      
    
    

select
    order_id as unique_field,
    count(*) as n_records

from "dq_db"."analytics_staging"."stg_orders"
where order_id is not null
group by order_id
having count(*) > 1



      
    ) dbt_internal_test
[0m19:07:12.468121 [debug] [Thread-4 (]: SQL status: SELECT 1 in 0.002 seconds
[0m19:07:12.471698 [debug] [Thread-4 (]: On test.dq_project.unique_stg_orders_order_id.e3b841c71a: ROLLBACK
[0m19:07:12.471698 [debug] [Thread-4 (]: On test.dq_project.unique_stg_orders_order_id.e3b841c71a: Close
[0m19:07:12.471698 [info ] [Thread-4 (]: 8 of 8 PASS unique_stg_orders_order_id ......................................... [[32mPASS[0m in 0.05s]
[0m19:07:12.474453 [debug] [Thread-4 (]: Finished running node test.dq_project.unique_stg_orders_order_id.e3b841c71a
[0m19:07:12.478382 [debug] [Thread-3 (]: SQL status: BEGIN in 0.044 seconds
[0m19:07:12.478382 [debug] [Thread-3 (]: Using postgres connection "test.dq_project.relationships_stg_orders_customer_id__customer_id__ref_stg_customers_.430bf21500"
[0m19:07:12.479495 [debug] [Thread-3 (]: On test.dq_project.relationships_stg_orders_customer_id__customer_id__ref_stg_customers_.430bf21500: /* {"app": "dbt", "dbt_version": "1.8.8", "profile_name": "dq_project", "target_name": "dev", "node_id": "test.dq_project.relationships_stg_orders_customer_id__customer_id__ref_stg_customers_.430bf21500"} */
select
      count(*) as failures,
      count(*) != 0 as should_warn,
      count(*) != 0 as should_error
    from (
      
    
    

with child as (
    select customer_id as from_field
    from "dq_db"."analytics_staging"."stg_orders"
    where customer_id is not null
),

parent as (
    select customer_id as to_field
    from "dq_db"."analytics_staging"."stg_customers"
)

select
    from_field

from child
left join parent
    on child.from_field = parent.to_field

where parent.to_field is null



      
    ) dbt_internal_test
[0m19:07:12.481499 [debug] [Thread-3 (]: SQL status: SELECT 1 in 0.002 seconds
[0m19:07:12.483499 [debug] [Thread-3 (]: On test.dq_project.relationships_stg_orders_customer_id__customer_id__ref_stg_customers_.430bf21500: ROLLBACK
[0m19:07:12.483499 [debug] [Thread-3 (]: On test.dq_project.relationships_stg_orders_customer_id__customer_id__ref_stg_customers_.430bf21500: Close
[0m19:07:12.483499 [info ] [Thread-3 (]: 7 of 8 PASS relationships_stg_orders_customer_id__customer_id__ref_stg_customers_  [[32mPASS[0m in 0.09s]
[0m19:07:12.483499 [debug] [Thread-3 (]: Finished running node test.dq_project.relationships_stg_orders_customer_id__customer_id__ref_stg_customers_.430bf21500
[0m19:07:12.483499 [debug] [MainThread]: Using postgres connection "master"
[0m19:07:12.483499 [debug] [MainThread]: On master: BEGIN
[0m19:07:12.483499 [debug] [MainThread]: Opening a new connection, currently in state closed
[0m19:07:12.510539 [debug] [MainThread]: SQL status: BEGIN in 0.021 seconds
[0m19:07:12.510539 [debug] [MainThread]: On master: COMMIT
[0m19:07:12.511101 [debug] [MainThread]: Using postgres connection "master"
[0m19:07:12.511101 [debug] [MainThread]: On master: COMMIT
[0m19:07:12.511734 [debug] [MainThread]: SQL status: COMMIT in 0.000 seconds
[0m19:07:12.512361 [debug] [MainThread]: On master: Close
[0m19:07:12.512890 [debug] [MainThread]: Connection 'master' was properly closed.
[0m19:07:12.512890 [debug] [MainThread]: Connection 'list_dq_db_analytics_staging' was properly closed.
[0m19:07:12.513425 [debug] [MainThread]: Connection 'test.dq_project.not_null_stg_orders_order_id.81cfe2fe64' was properly closed.
[0m19:07:12.513425 [debug] [MainThread]: Connection 'test.dq_project.not_null_stg_orders_status.2b01eecbd6' was properly closed.
[0m19:07:12.513958 [debug] [MainThread]: Connection 'test.dq_project.relationships_stg_orders_customer_id__customer_id__ref_stg_customers_.430bf21500' was properly closed.
[0m19:07:12.513958 [debug] [MainThread]: Connection 'test.dq_project.unique_stg_orders_order_id.e3b841c71a' was properly closed.
[0m19:07:12.513958 [info ] [MainThread]: 
[0m19:07:12.515100 [info ] [MainThread]: Finished running 8 data tests in 0 hours 0 minutes and 0.38 seconds (0.38s).
[0m19:07:12.516174 [debug] [MainThread]: Command end result
[0m19:07:12.634792 [info ] [MainThread]: 
[0m19:07:12.634792 [info ] [MainThread]: [32mCompleted successfully[0m
[0m19:07:12.634792 [info ] [MainThread]: 
[0m19:07:12.636303 [info ] [MainThread]: Done. PASS=8 WARN=0 ERROR=0 SKIP=0 TOTAL=8
[0m19:07:12.637813 [debug] [MainThread]: Command `dbt test` succeeded at 19:07:12.636303 after 1.17 seconds
[0m19:07:12.637813 [debug] [MainThread]: Sending event: {'category': 'dbt', 'action': 'invocation', 'label': 'end', 'context': [<snowplow_tracker.self_describing_json.SelfDescribingJson object at 0x000001CCBCBDB110>, <snowplow_tracker.self_describing_json.SelfDescribingJson object at 0x000001CCBCBD84D0>, <snowplow_tracker.self_describing_json.SelfDescribingJson object at 0x000001CCBC63E960>]}
[0m19:07:12.637813 [debug] [MainThread]: Flushing usage events
